{"lambda_reginter_max": 1.983985675075036, "lambda_inter_max": 0.662369238929951}