{"n": [1000, 1000, 1000, 1000, 1000, 1000, 1000, 1000, 1000, 1000, 1000, 1000, 1000, 1000, 1000, 1000, 1000, 1000, 1000, 1000, 1000, 1000, 1000, 1000, 1000, 1000, 1000, 1000, 1000, 1000, 1000, 1000, 1000, 1000, 1000, 1000, 1000, 1000, 1000, 1000, 1000, 1000, 1000, 1000, 1000, 1000, 1000, 1000, 1000, 1000, 1000, 1000, 1000, 1000, 1000, 1000, 1000, 1000, 1000, 1000, 1000, 1000, 1000, 1000, 1000, 1000, 1000, 1000, 1000, 1000, 1000, 1000, 1000, 1000, 1000, 1000, 1000, 1000, 1000, 1000, 1000, 1000, 1000, 1000, 1000, 1000, 1000, 1000, 1000, 1000, 1000, 1000, 1000, 1000, 1000, 1000, 1000, 1000, 1000, 1000], "rep": [9, 9, 9, 9, 9, 9, 9, 9, 9, 9, 9, 9, 9, 9, 9, 9, 9, 9, 9, 9, 9, 9, 9, 9, 9, 9, 9, 9, 9, 9, 9, 9, 9, 9, 9, 9, 9, 9, 9, 9, 9, 9, 9, 9, 9, 9, 9, 9, 9, 9, 9, 9, 9, 9, 9, 9, 9, 9, 9, 9, 9, 9, 9, 9, 9, 9, 9, 9, 9, 9, 9, 9, 9, 9, 9, 9, 9, 9, 9, 9, 9, 9, 9, 9, 9, 9, 9, 9, 9, 9, 9, 9, 9, 9, 9, 9, 9, 9, 9, 9], "lambda_reginter_max": [12.41144511921831, 12.41144511921831, 12.41144511921831, 12.41144511921831, 12.41144511921831, 12.41144511921831, 12.41144511921831, 12.41144511921831, 12.41144511921831, 12.41144511921831, 12.41144511921831, 12.41144511921831, 12.41144511921831, 12.41144511921831, 12.41144511921831, 12.41144511921831, 12.41144511921831, 12.41144511921831, 12.41144511921831, 12.41144511921831, 12.41144511921831, 12.41144511921831, 12.41144511921831, 12.41144511921831, 12.41144511921831, 12.41144511921831, 12.41144511921831, 12.41144511921831, 12.41144511921831, 12.41144511921831, 12.41144511921831, 12.41144511921831, 12.41144511921831, 12.41144511921831, 12.41144511921831, 12.41144511921831, 12.41144511921831, 12.41144511921831, 12.41144511921831, 12.41144511921831, 12.41144511921831, 12.41144511921831, 12.41144511921831, 12.41144511921831, 12.41144511921831, 12.41144511921831, 12.41144511921831, 12.41144511921831, 12.41144511921831, 12.41144511921831, 12.41144511921831, 12.41144511921831, 12.41144511921831, 12.41144511921831, 12.41144511921831, 12.41144511921831, 12.41144511921831, 12.41144511921831, 12.41144511921831, 12.41144511921831, 12.41144511921831, 12.41144511921831, 12.41144511921831, 12.41144511921831, 12.41144511921831, 12.41144511921831, 12.41144511921831, 12.41144511921831, 12.41144511921831, 12.41144511921831, 12.41144511921831, 12.41144511921831, 12.41144511921831, 12.41144511921831, 12.41144511921831, 12.41144511921831, 12.41144511921831, 12.41144511921831, 12.41144511921831, 12.41144511921831, 12.41144511921831, 12.41144511921831, 12.41144511921831, 12.41144511921831, 12.41144511921831, 12.41144511921831, 12.41144511921831, 12.41144511921831, 12.41144511921831, 12.41144511921831, 12.41144511921831, 12.41144511921831, 12.41144511921831, 12.41144511921831, 12.41144511921831, 12.41144511921831, 12.41144511921831, 12.41144511921831, 12.41144511921831, 12.41144511921831], "lambda_inter_max": [2.205185127725082, 2.205185127725082, 2.205185127725082, 2.205185127725082, 2.205185127725082, 2.205185127725082, 2.205185127725082, 2.205185127725082, 2.205185127725082, 2.205185127725082, 2.205185127725082, 2.205185127725082, 2.205185127725082, 2.205185127725082, 2.205185127725082, 2.205185127725082, 2.205185127725082, 2.205185127725082, 2.205185127725082, 2.205185127725082, 2.205185127725082, 2.205185127725082, 2.205185127725082, 2.205185127725082, 2.205185127725082, 2.205185127725082, 2.205185127725082, 2.205185127725082, 2.205185127725082, 2.205185127725082, 2.205185127725082, 2.205185127725082, 2.205185127725082, 2.205185127725082, 2.205185127725082, 2.205185127725082, 2.205185127725082, 2.205185127725082, 2.205185127725082, 2.205185127725082, 2.205185127725082, 2.205185127725082, 2.205185127725082, 2.205185127725082, 2.205185127725082, 2.205185127725082, 2.205185127725082, 2.205185127725082, 2.205185127725082, 2.205185127725082, 2.205185127725082, 2.205185127725082, 2.205185127725082, 2.205185127725082, 2.205185127725082, 2.205185127725082, 2.205185127725082, 2.205185127725082, 2.205185127725082, 2.205185127725082, 2.205185127725082, 2.205185127725082, 2.205185127725082, 2.205185127725082, 2.205185127725082, 2.205185127725082, 2.205185127725082, 2.205185127725082, 2.205185127725082, 2.205185127725082, 2.205185127725082, 2.205185127725082, 2.205185127725082, 2.205185127725082, 2.205185127725082, 2.205185127725082, 2.205185127725082, 2.205185127725082, 2.205185127725082, 2.205185127725082, 2.205185127725082, 2.205185127725082, 2.205185127725082, 2.205185127725082, 2.205185127725082, 2.205185127725082, 2.205185127725082, 2.205185127725082, 2.205185127725082, 2.205185127725082, 2.205185127725082, 2.205185127725082, 2.205185127725082, 2.205185127725082, 2.205185127725082, 2.205185127725082, 2.205185127725082, 2.205185127725082, 2.205185127725082, 2.205185127725082], "lambda_reginter": [0.0, 1.3790494576909234, 2.7580989153818467, 4.13714837307277, 5.516197830763693, 6.895247288454617, 8.27429674614554, 9.653346203836463, 11.032395661527387, 12.41144511921831, 0.0, 1.3790494576909234, 2.7580989153818467, 4.13714837307277, 5.516197830763693, 6.895247288454617, 8.27429674614554, 9.653346203836463, 11.032395661527387, 12.41144511921831, 0.0, 1.3790494576909234, 2.7580989153818467, 4.13714837307277, 5.516197830763693, 6.895247288454617, 8.27429674614554, 9.653346203836463, 11.032395661527387, 12.41144511921831, 0.0, 1.3790494576909234, 2.7580989153818467, 4.13714837307277, 5.516197830763693, 6.895247288454617, 8.27429674614554, 9.653346203836463, 11.032395661527387, 12.41144511921831, 0.0, 1.3790494576909234, 2.7580989153818467, 4.13714837307277, 5.516197830763693, 6.895247288454617, 8.27429674614554, 9.653346203836463, 11.032395661527387, 12.41144511921831, 0.0, 1.3790494576909234, 2.7580989153818467, 4.13714837307277, 5.516197830763693, 6.895247288454617, 8.27429674614554, 9.653346203836463, 11.032395661527387, 12.41144511921831, 0.0, 1.3790494576909234, 2.7580989153818467, 4.13714837307277, 5.516197830763693, 6.895247288454617, 8.27429674614554, 9.653346203836463, 11.032395661527387, 12.41144511921831, 0.0, 1.3790494576909234, 2.7580989153818467, 4.13714837307277, 5.516197830763693, 6.895247288454617, 8.27429674614554, 9.653346203836463, 11.032395661527387, 12.41144511921831, 0.0, 1.3790494576909234, 2.7580989153818467, 4.13714837307277, 5.516197830763693, 6.895247288454617, 8.27429674614554, 9.653346203836463, 11.032395661527387, 12.41144511921831, 0.0, 1.3790494576909234, 2.7580989153818467, 4.13714837307277, 5.516197830763693, 6.895247288454617, 8.27429674614554, 9.653346203836463, 11.032395661527387, 12.41144511921831],