{"n": [200, 200, 200, 200, 200, 200, 200, 200, 200, 200, 200, 200, 200, 200, 200, 200, 200, 200, 200, 200, 200, 200, 200, 200, 200, 200, 200, 200, 200, 200, 200, 200, 200, 200, 200, 200, 200, 200, 200, 200, 200, 200, 200, 200, 200, 200, 200, 200, 200, 200, 200, 200, 200, 200, 200, 200, 200, 200, 200, 200, 200, 200, 200, 200, 200, 200, 200, 200, 200, 200, 200, 200, 200, 200, 200, 200, 200, 200, 200, 200, 200, 200, 200, 200, 200, 200, 200, 200, 200, 200, 200, 200, 200, 200, 200, 200, 200, 200, 200, 200], "rep": [61, 61, 61, 61, 61, 61, 61, 61, 61, 61, 61, 61, 61, 61, 61, 61, 61, 61, 61, 61, 61, 61, 61, 61, 61, 61, 61, 61, 61, 61, 61, 61, 61, 61, 61, 61, 61, 61, 61, 61, 61, 61, 61, 61, 61, 61, 61, 61, 61, 61, 61, 61, 61, 61, 61, 61, 61, 61, 61, 61, 61, 61, 61, 61, 61, 61, 61, 61, 61, 61, 61, 61, 61, 61, 61, 61, 61, 61, 61, 61, 61, 61, 61, 61, 61, 61, 61, 61, 61, 61, 61, 61, 61, 61, 61, 61, 61, 61, 61, 61], "lambda_reginter_max": [14.953362449970342, 14.953362449970342, 14.953362449970342, 14.953362449970342, 14.953362449970342, 14.953362449970342, 14.953362449970342, 14.953362449970342, 14.953362449970342, 14.953362449970342, 14.953362449970342, 14.953362449970342, 14.953362449970342, 14.953362449970342, 14.953362449970342, 14.953362449970342, 14.953362449970342, 14.953362449970342, 14.953362449970342, 14.953362449970342, 14.953362449970342, 14.953362449970342, 14.953362449970342, 14.953362449970342, 14.953362449970342, 14.953362449970342, 14.953362449970342, 14.953362449970342, 14.953362449970342, 14.953362449970342, 14.953362449970342, 14.953362449970342, 14.953362449970342, 14.953362449970342, 14.953362449970342, 14.953362449970342, 14.953362449970342, 14.953362449970342, 14.953362449970342, 14.953362449970342, 14.953362449970342, 14.953362449970342, 14.953362449970342, 14.953362449970342, 14.953362449970342, 14.953362449970342, 14.953362449970342, 14.953362449970342, 14.953362449970342, 14.953362449970342, 14.953362449970342, 14.953362449970342, 14.953362449970342, 14.953362449970342, 14.953362449970342, 14.953362449970342, 14.953362449970342, 14.953362449970342, 14.953362449970342, 14.953362449970342, 14.953362449970342, 14.953362449970342, 14.953362449970342, 14.953362449970342, 14.953362449970342, 14.953362449970342, 14.953362449970342, 14.953362449970342, 14.953362449970342, 14.953362449970342, 14.953362449970342, 14.953362449970342, 14.953362449970342, 14.953362449970342, 14.953362449970342, 14.953362449970342, 14.953362449970342, 14.953362449970342, 14.953362449970342, 14.953362449970342, 14.953362449970342, 14.953362449970342, 14.953362449970342, 14.953362449970342, 14.953362449970342, 14.953362449970342, 14.953362449970342, 14.953362449970342, 14.953362449970342, 14.953362449970342, 14.953362449970342, 14.953362449970342, 14.953362449970342, 14.953362449970342, 14.953362449970342, 14.953362449970342, 14.953362449970342, 14.953362449970342, 14.953362449970342, 14.953362449970342], "lambda_inter_max": [2.055290265353523, 2.055290265353523, 2.055290265353523, 2.055290265353523, 2.055290265353523, 2.055290265353523, 2.055290265353523, 2.055290265353523, 2.055290265353523, 2.055290265353523, 2.055290265353523, 2.055290265353523, 2.055290265353523, 2.055290265353523, 2.055290265353523, 2.055290265353523, 2.055290265353523, 2.055290265353523, 2.055290265353523, 2.055290265353523, 2.055290265353523, 2.055290265353523, 2.055290265353523, 2.055290265353523, 2.055290265353523, 2.055290265353523, 2.055290265353523, 2.055290265353523, 2.055290265353523, 2.055290265353523, 2.055290265353523, 2.055290265353523, 2.055290265353523, 2.055290265353523, 2.055290265353523, 2.055290265353523, 2.055290265353523, 2.055290265353523, 2.055290265353523, 2.055290265353523, 2.055290265353523, 2.055290265353523, 2.055290265353523, 2.055290265353523, 2.055290265353523, 2.055290265353523, 2.055290265353523, 2.055290265353523, 2.055290265353523, 2.055290265353523, 2.055290265353523, 2.055290265353523, 2.055290265353523, 2.055290265353523, 2.055290265353523, 2.055290265353523, 2.055290265353523, 2.055290265353523, 2.055290265353523, 2.055290265353523, 2.055290265353523, 2.055290265353523, 2.055290265353523, 2.055290265353523, 2.055290265353523, 2.055290265353523, 2.055290265353523, 2.055290265353523, 2.055290265353523, 2.055290265353523, 2.055290265353523, 2.055290265353523, 2.055290265353523, 2.055290265353523, 2.055290265353523, 2.055290265353523, 2.055290265353523, 2.055290265353523, 2.055290265353523, 2.055290265353523, 2.055290265353523, 2.055290265353523, 2.055290265353523, 2.055290265353523, 2.055290265353523, 2.055290265353523, 2.055290265353523, 2.055290265353523, 2.055290265353523, 2.055290265353523, 2.055290265353523, 2.055290265353523, 2.055290265353523, 2.055290265353523, 2.055290265353523, 2.055290265353523, 2.055290265353523, 2.055290265353523, 2.055290265353523, 2.055290265353523], "lambda_reginter": [0.0, 1.6614847166633713, 3.3229694333267425, 4.984454149990114, 6.645938866653485, 8.307423583316856, 9.968908299980228, 11.630393016643598, 13.29187773330697, 14.953362449970342, 0.0, 1.6614847166633713, 3.3229694333267425, 4.984454149990114, 6.645938866653485, 8.307423583316856, 9.968908299980228, 11.630393016643598, 13.29187773330697, 14.953362449970342, 0.0, 1.6614847166633713, 3.3229694333267425, 4.984454149990114, 6.645938866653485, 8.307423583316856, 9.968908299980228, 11.630393016643598, 13.29187773330697, 14.953362449970342, 0.0, 1.6614847166633713, 3.3229694333267425, 4.984454149990114, 6.645938866653485, 8.307423583316856, 9.968908299980228, 11.630393016643598, 13.29187773330697, 14.953362449970342, 0.0, 1.6614847166633713, 3.3229694333267425, 4.984454149990114, 6.645938866653485, 8.307423583316856, 9.968908299980228, 11.630393016643598, 13.29187773330697, 14.953362449970342, 0.0, 1.6614847166633713, 3.3229694333267425, 4.984454149990114, 6.645938866653485, 8.307423583316856, 9.968908299980228, 11.630393016643598, 13.29187773330697, 14.953362449970342, 0.0, 1.6614847166633713, 3.3229694333267425, 4.984454149990114, 6.645938866653485, 8.307423583316856, 9.968908299980228, 11.630393016643598, 13.29187773330697, 14.953362449970342, 0.0, 1.6614847166633713, 3.3229694333267425, 4.984454149990114, 6.645938866653485, 8.307423583316856, 9.968908299980228, 11.630393016643598, 13.29187773330697, 14.953362449970342, 0.0, 1.6614847166633713, 3.3229694333267425, 4.984454149990114, 6.645938866653485, 8.307423583316856, 9.968908299980228, 11.630393016643598, 13.29187773330697, 14.953362449970342, 0.0, 1.6614847166633713, 3.3229694333267425, 4.984454149990114, 6.645938866653485, 8.307423583316856, 9.968908299980228, 11.630393016643598, 13.29187773330697, 14.953362449970342],