{"n": [500], "rep": [0], "lambda_reginter_max": [0.028193980084457743], "lambda_inter_max": [0.10297648019534658], "lambda_reginter": [0.028193980084457743], "lambda_inter": [0.10297648019534658], "i_lambda_reginter": [0], "i_lambda_inter": [0], "time_pnopt": [84.52693856299999], "time_refit": [5.7654488809999975], "FPR_VS": [0.0], "FNR_VS": [0.0], "FPR_CI": [0.0], "FNR_CI": [1.0], "FPR_CI_SH": [0.0], "FNR_CI_SH": [1.0], "AUC_TEST": [0.5572020592741339], "AUC_TEST_pop": [0.5930013480485297], "AUC_VAL": [0.5446061455309779], "ELL_VAL": [0.3657760448086751], "AIC": [37317.03590041658], "BIC": [37801.715831735135], "JR_PEN": [0.9884067609984069], "JR_PER": [1.3978182465452094], "JR_SA": [98.73294033082337], "JSPN_PEN": [0.7838341587129589], "JSPN_PER": [1.1085088979031719], "JSPN_SA": [51.612980402232786]}