{"n": [200, 200, 200, 200, 200, 200, 200, 200, 200, 200, 200, 200, 200, 200, 200, 200, 200, 200, 200, 200, 200, 200, 200, 200, 200, 200, 200, 200, 200, 200, 200, 200, 200, 200, 200, 200, 200, 200, 200, 200, 200, 200, 200, 200, 200, 200, 200, 200, 200, 200, 200, 200, 200, 200, 200, 200, 200, 200, 200, 200, 200, 200, 200, 200, 200, 200, 200, 200, 200, 200, 200, 200, 200, 200, 200, 200, 200, 200, 200, 200, 200, 200, 200, 200, 200, 200, 200, 200, 200, 200, 200, 200, 200, 200, 200, 200, 200, 200, 200, 200], "rep": [38, 38, 38, 38, 38, 38, 38, 38, 38, 38, 38, 38, 38, 38, 38, 38, 38, 38, 38, 38, 38, 38, 38, 38, 38, 38, 38, 38, 38, 38, 38, 38, 38, 38, 38, 38, 38, 38, 38, 38, 38, 38, 38, 38, 38, 38, 38, 38, 38, 38, 38, 38, 38, 38, 38, 38, 38, 38, 38, 38, 38, 38, 38, 38, 38, 38, 38, 38, 38, 38, 38, 38, 38, 38, 38, 38, 38, 38, 38, 38, 38, 38, 38, 38, 38, 38, 38, 38, 38, 38, 38, 38, 38, 38, 38, 38, 38, 38, 38, 38], "lambda_reginter_max": [9.60571767936579, 9.60571767936579, 9.60571767936579, 9.60571767936579, 9.60571767936579, 9.60571767936579, 9.60571767936579, 9.60571767936579, 9.60571767936579, 9.60571767936579, 9.60571767936579, 9.60571767936579, 9.60571767936579, 9.60571767936579, 9.60571767936579, 9.60571767936579, 9.60571767936579, 9.60571767936579, 9.60571767936579, 9.60571767936579, 9.60571767936579, 9.60571767936579, 9.60571767936579, 9.60571767936579, 9.60571767936579, 9.60571767936579, 9.60571767936579, 9.60571767936579, 9.60571767936579, 9.60571767936579, 9.60571767936579, 9.60571767936579, 9.60571767936579, 9.60571767936579, 9.60571767936579, 9.60571767936579, 9.60571767936579, 9.60571767936579, 9.60571767936579, 9.60571767936579, 9.60571767936579, 9.60571767936579, 9.60571767936579, 9.60571767936579, 9.60571767936579, 9.60571767936579, 9.60571767936579, 9.60571767936579, 9.60571767936579, 9.60571767936579, 9.60571767936579, 9.60571767936579, 9.60571767936579, 9.60571767936579, 9.60571767936579, 9.60571767936579, 9.60571767936579, 9.60571767936579, 9.60571767936579, 9.60571767936579, 9.60571767936579, 9.60571767936579, 9.60571767936579, 9.60571767936579, 9.60571767936579, 9.60571767936579, 9.60571767936579, 9.60571767936579, 9.60571767936579, 9.60571767936579, 9.60571767936579, 9.60571767936579, 9.60571767936579, 9.60571767936579, 9.60571767936579, 9.60571767936579, 9.60571767936579, 9.60571767936579, 9.60571767936579, 9.60571767936579, 9.60571767936579, 9.60571767936579, 9.60571767936579, 9.60571767936579, 9.60571767936579, 9.60571767936579, 9.60571767936579, 9.60571767936579, 9.60571767936579, 9.60571767936579, 9.60571767936579, 9.60571767936579, 9.60571767936579, 9.60571767936579, 9.60571767936579, 9.60571767936579, 9.60571767936579, 9.60571767936579, 9.60571767936579, 9.60571767936579], "lambda_inter_max": [1.8939367434627556, 1.8939367434627556, 1.8939367434627556, 1.8939367434627556, 1.8939367434627556, 1.8939367434627556, 1.8939367434627556, 1.8939367434627556, 1.8939367434627556, 1.8939367434627556, 1.8939367434627556, 1.8939367434627556, 1.8939367434627556, 1.8939367434627556, 1.8939367434627556, 1.8939367434627556, 1.8939367434627556, 1.8939367434627556, 1.8939367434627556, 1.8939367434627556, 1.8939367434627556, 1.8939367434627556, 1.8939367434627556, 1.8939367434627556, 1.8939367434627556, 1.8939367434627556, 1.8939367434627556, 1.8939367434627556, 1.8939367434627556, 1.8939367434627556, 1.8939367434627556, 1.8939367434627556, 1.8939367434627556, 1.8939367434627556, 1.8939367434627556, 1.8939367434627556, 1.8939367434627556, 1.8939367434627556, 1.8939367434627556, 1.8939367434627556, 1.8939367434627556, 1.8939367434627556, 1.8939367434627556, 1.8939367434627556, 1.8939367434627556, 1.8939367434627556, 1.8939367434627556, 1.8939367434627556, 1.8939367434627556, 1.8939367434627556, 1.8939367434627556, 1.8939367434627556, 1.8939367434627556, 1.8939367434627556, 1.8939367434627556, 1.8939367434627556, 1.8939367434627556, 1.8939367434627556, 1.8939367434627556, 1.8939367434627556, 1.8939367434627556, 1.8939367434627556, 1.8939367434627556, 1.8939367434627556, 1.8939367434627556, 1.8939367434627556, 1.8939367434627556, 1.8939367434627556, 1.8939367434627556, 1.8939367434627556, 1.8939367434627556, 1.8939367434627556, 1.8939367434627556, 1.8939367434627556, 1.8939367434627556, 1.8939367434627556, 1.8939367434627556, 1.8939367434627556, 1.8939367434627556, 1.8939367434627556, 1.8939367434627556, 1.8939367434627556, 1.8939367434627556, 1.8939367434627556, 1.8939367434627556, 1.8939367434627556, 1.8939367434627556, 1.8939367434627556, 1.8939367434627556, 1.8939367434627556, 1.8939367434627556, 1.8939367434627556, 1.8939367434627556, 1.8939367434627556, 1.8939367434627556, 1.8939367434627556, 1.8939367434627556, 1.8939367434627556, 1.8939367434627556, 1.8939367434627556], "lambda_reginter": [0.0, 1.0673019643739767, 2.1346039287479535, 3.20190589312193, 4.269207857495907, 5.336509821869884, 6.40381178624386, 7.471113750617837, 8.538415714991814, 9.60571767936579, 0.0, 1.0673019643739767, 2.1346039287479535, 3.20190589312193, 4.269207857495907, 5.336509821869884, 6.40381178624386, 7.471113750617837, 8.538415714991814, 9.60571767936579, 0.0, 1.0673019643739767, 2.1346039287479535, 3.20190589312193, 4.269207857495907, 5.336509821869884, 6.40381178624386, 7.471113750617837, 8.538415714991814, 9.60571767936579, 0.0, 1.0673019643739767, 2.1346039287479535, 3.20190589312193, 4.269207857495907, 5.336509821869884, 6.40381178624386, 7.471113750617837, 8.538415714991814, 9.60571767936579, 0.0, 1.0673019643739767, 2.1346039287479535, 3.20190589312193, 4.269207857495907, 5.336509821869884, 6.40381178624386, 7.471113750617837, 8.538415714991814, 9.60571767936579, 0.0, 1.0673019643739767, 2.1346039287479535, 3.20190589312193, 4.269207857495907, 5.336509821869884, 6.40381178624386, 7.471113750617837, 8.538415714991814, 9.60571767936579, 0.0, 1.0673019643739767, 2.1346039287479535, 3.20190589312193, 4.269207857495907, 5.336509821869884, 6.40381178624386, 7.471113750617837, 8.538415714991814, 9.60571767936579, 0.0, 1.0673019643739767, 2.1346039287479535, 3.20190589312193, 4.269207857495907, 5.336509821869884, 6.40381178624386, 7.471113750617837, 8.538415714991814, 9.60571767936579, 0.0, 1.0673019643739767, 2.1346039287479535, 3.20190589312193, 4.269207857495907, 5.336509821869884, 6.40381178624386, 7.471113750617837, 8.538415714991814, 9.60571767936579, 0.0, 1.0673019643739767, 2.1346039287479535, 3.20190589312193, 4.269207857495907, 5.336509821869884, 6.40381178624386, 7.471113750617837, 8.538415714991814, 9.60571767936579],