{"lambda_reginter_max": 436.28652173653404, "lambda_inter_max": 11.711477087227676}