{"lambda_reginter_max": 8.168383082536515, "lambda_inter_max": 2.2649839105740073}