{"n": [1000, 1000, 1000, 1000, 1000, 1000, 1000, 1000, 1000, 1000, 1000, 1000, 1000, 1000, 1000, 1000, 1000, 1000, 1000, 1000, 1000, 1000, 1000, 1000, 1000, 1000, 1000, 1000, 1000, 1000, 1000, 1000, 1000, 1000, 1000, 1000, 1000, 1000, 1000, 1000, 1000, 1000, 1000, 1000, 1000, 1000, 1000, 1000, 1000, 1000, 1000, 1000, 1000, 1000, 1000, 1000, 1000, 1000, 1000, 1000, 1000, 1000, 1000, 1000, 1000, 1000, 1000, 1000, 1000, 1000, 1000, 1000, 1000, 1000, 1000, 1000, 1000, 1000, 1000, 1000, 1000, 1000, 1000, 1000, 1000, 1000, 1000, 1000, 1000, 1000, 1000, 1000, 1000, 1000, 1000, 1000, 1000, 1000, 1000, 1000], "rep": [79, 79, 79, 79, 79, 79, 79, 79, 79, 79, 79, 79, 79, 79, 79, 79, 79, 79, 79, 79, 79, 79, 79, 79, 79, 79, 79, 79, 79, 79, 79, 79, 79, 79, 79, 79, 79, 79, 79, 79, 79, 79, 79, 79, 79, 79, 79, 79, 79, 79, 79, 79, 79, 79, 79, 79, 79, 79, 79, 79, 79, 79, 79, 79, 79, 79, 79, 79, 79, 79, 79, 79, 79, 79, 79, 79, 79, 79, 79, 79, 79, 79, 79, 79, 79, 79, 79, 79, 79, 79, 79, 79, 79, 79, 79, 79, 79, 79, 79, 79], "lambda_reginter_max": [10.119501858070766, 10.119501858070766, 10.119501858070766, 10.119501858070766, 10.119501858070766, 10.119501858070766, 10.119501858070766, 10.119501858070766, 10.119501858070766, 10.119501858070766, 10.119501858070766, 10.119501858070766, 10.119501858070766, 10.119501858070766, 10.119501858070766, 10.119501858070766, 10.119501858070766, 10.119501858070766, 10.119501858070766, 10.119501858070766, 10.119501858070766, 10.119501858070766, 10.119501858070766, 10.119501858070766, 10.119501858070766, 10.119501858070766, 10.119501858070766, 10.119501858070766, 10.119501858070766, 10.119501858070766, 10.119501858070766, 10.119501858070766, 10.119501858070766, 10.119501858070766, 10.119501858070766, 10.119501858070766, 10.119501858070766, 10.119501858070766, 10.119501858070766, 10.119501858070766, 10.119501858070766, 10.119501858070766, 10.119501858070766, 10.119501858070766, 10.119501858070766, 10.119501858070766, 10.119501858070766, 10.119501858070766, 10.119501858070766, 10.119501858070766, 10.119501858070766, 10.119501858070766, 10.119501858070766, 10.119501858070766, 10.119501858070766, 10.119501858070766, 10.119501858070766, 10.119501858070766, 10.119501858070766, 10.119501858070766, 10.119501858070766, 10.119501858070766, 10.119501858070766, 10.119501858070766, 10.119501858070766, 10.119501858070766, 10.119501858070766, 10.119501858070766, 10.119501858070766, 10.119501858070766, 10.119501858070766, 10.119501858070766, 10.119501858070766, 10.119501858070766, 10.119501858070766, 10.119501858070766, 10.119501858070766, 10.119501858070766, 10.119501858070766, 10.119501858070766, 10.119501858070766, 10.119501858070766, 10.119501858070766, 10.119501858070766, 10.119501858070766, 10.119501858070766, 10.119501858070766, 10.119501858070766, 10.119501858070766, 10.119501858070766, 10.119501858070766, 10.119501858070766, 10.119501858070766, 10.119501858070766, 10.119501858070766, 10.119501858070766, 10.119501858070766, 10.119501858070766, 10.119501858070766, 10.119501858070766], "lambda_inter_max": [1.7402081773958908, 1.7402081773958908, 1.7402081773958908, 1.7402081773958908, 1.7402081773958908, 1.7402081773958908, 1.7402081773958908, 1.7402081773958908, 1.7402081773958908, 1.7402081773958908, 1.7402081773958908, 1.7402081773958908, 1.7402081773958908, 1.7402081773958908, 1.7402081773958908, 1.7402081773958908, 1.7402081773958908, 1.7402081773958908, 1.7402081773958908, 1.7402081773958908, 1.7402081773958908, 1.7402081773958908, 1.7402081773958908, 1.7402081773958908, 1.7402081773958908, 1.7402081773958908, 1.7402081773958908, 1.7402081773958908, 1.7402081773958908, 1.7402081773958908, 1.7402081773958908, 1.7402081773958908, 1.7402081773958908, 1.7402081773958908, 1.7402081773958908, 1.7402081773958908, 1.7402081773958908, 1.7402081773958908, 1.7402081773958908, 1.7402081773958908, 1.7402081773958908, 1.7402081773958908, 1.7402081773958908, 1.7402081773958908, 1.7402081773958908, 1.7402081773958908, 1.7402081773958908, 1.7402081773958908, 1.7402081773958908, 1.7402081773958908, 1.7402081773958908, 1.7402081773958908, 1.7402081773958908, 1.7402081773958908, 1.7402081773958908, 1.7402081773958908, 1.7402081773958908, 1.7402081773958908, 1.7402081773958908, 1.7402081773958908, 1.7402081773958908, 1.7402081773958908, 1.7402081773958908, 1.7402081773958908, 1.7402081773958908, 1.7402081773958908, 1.7402081773958908, 1.7402081773958908, 1.7402081773958908, 1.7402081773958908, 1.7402081773958908, 1.7402081773958908, 1.7402081773958908, 1.7402081773958908, 1.7402081773958908, 1.7402081773958908, 1.7402081773958908, 1.7402081773958908, 1.7402081773958908, 1.7402081773958908, 1.7402081773958908, 1.7402081773958908, 1.7402081773958908, 1.7402081773958908, 1.7402081773958908, 1.7402081773958908, 1.7402081773958908, 1.7402081773958908, 1.7402081773958908, 1.7402081773958908, 1.7402081773958908, 1.7402081773958908, 1.7402081773958908, 1.7402081773958908, 1.7402081773958908, 1.7402081773958908, 1.7402081773958908, 1.7402081773958908, 1.7402081773958908, 1.7402081773958908], "lambda_reginter": [0.0, 1.1243890953411961, 2.2487781906823923, 3.3731672860235884, 4.4975563813647845, 5.621945476705981, 6.746334572047177, 7.870723667388373, 8.995112762729569, 10.119501858070766, 0.0, 1.1243890953411961, 2.2487781906823923, 3.3731672860235884, 4.4975563813647845, 5.621945476705981, 6.746334572047177, 7.870723667388373, 8.995112762729569, 10.119501858070766, 0.0, 1.1243890953411961, 2.2487781906823923, 3.3731672860235884, 4.4975563813647845, 5.621945476705981, 6.746334572047177, 7.870723667388373, 8.995112762729569, 10.119501858070766, 0.0, 1.1243890953411961, 2.2487781906823923, 3.3731672860235884, 4.4975563813647845, 5.621945476705981, 6.746334572047177, 7.870723667388373, 8.995112762729569, 10.119501858070766, 0.0, 1.1243890953411961, 2.2487781906823923, 3.3731672860235884, 4.4975563813647845, 5.621945476705981, 6.746334572047177, 7.870723667388373, 8.995112762729569, 10.119501858070766, 0.0, 1.1243890953411961, 2.2487781906823923, 3.3731672860235884, 4.4975563813647845, 5.621945476705981, 6.746334572047177, 7.870723667388373, 8.995112762729569, 10.119501858070766, 0.0, 1.1243890953411961, 2.2487781906823923, 3.3731672860235884, 4.4975563813647845, 5.621945476705981, 6.746334572047177, 7.870723667388373, 8.995112762729569, 10.119501858070766, 0.0, 1.1243890953411961, 2.2487781906823923, 3.3731672860235884, 4.4975563813647845, 5.621945476705981, 6.746334572047177, 7.870723667388373, 8.995112762729569, 10.119501858070766, 0.0, 1.1243890953411961, 2.2487781906823923, 3.3731672860235884, 4.4975563813647845, 5.621945476705981, 6.746334572047177, 7.870723667388373, 8.995112762729569, 10.119501858070766, 0.0, 1.1243890953411961, 2.2487781906823923, 3.3731672860235884, 4.4975563813647845, 5.621945476705981, 6.746334572047177, 7.870723667388373, 8.995112762729569, 10.119501858070766],