{"lambda_reginter_max": 423.36866851971513, "lambda_inter_max": 11.471546494823784}