{"n": [1000, 1000, 1000, 1000, 1000, 1000, 1000, 1000, 1000, 1000, 1000, 1000, 1000, 1000, 1000, 1000, 1000, 1000, 1000, 1000, 1000, 1000, 1000, 1000, 1000, 1000, 1000, 1000, 1000, 1000, 1000, 1000, 1000, 1000, 1000, 1000, 1000, 1000, 1000, 1000, 1000, 1000, 1000, 1000, 1000, 1000, 1000, 1000, 1000, 1000, 1000, 1000, 1000, 1000, 1000, 1000, 1000, 1000, 1000, 1000, 1000, 1000, 1000, 1000, 1000, 1000, 1000, 1000, 1000, 1000, 1000, 1000, 1000, 1000, 1000, 1000, 1000, 1000, 1000, 1000, 1000, 1000, 1000, 1000, 1000, 1000, 1000, 1000, 1000, 1000, 1000, 1000, 1000, 1000, 1000, 1000, 1000, 1000, 1000, 1000], "rep": [34, 34, 34, 34, 34, 34, 34, 34, 34, 34, 34, 34, 34, 34, 34, 34, 34, 34, 34, 34, 34, 34, 34, 34, 34, 34, 34, 34, 34, 34, 34, 34, 34, 34, 34, 34, 34, 34, 34, 34, 34, 34, 34, 34, 34, 34, 34, 34, 34, 34, 34, 34, 34, 34, 34, 34, 34, 34, 34, 34, 34, 34, 34, 34, 34, 34, 34, 34, 34, 34, 34, 34, 34, 34, 34, 34, 34, 34, 34, 34, 34, 34, 34, 34, 34, 34, 34, 34, 34, 34, 34, 34, 34, 34, 34, 34, 34, 34, 34, 34], "lambda_reginter_max": [10.726277137545232, 10.726277137545232, 10.726277137545232, 10.726277137545232, 10.726277137545232, 10.726277137545232, 10.726277137545232, 10.726277137545232, 10.726277137545232, 10.726277137545232, 10.726277137545232, 10.726277137545232, 10.726277137545232, 10.726277137545232, 10.726277137545232, 10.726277137545232, 10.726277137545232, 10.726277137545232, 10.726277137545232, 10.726277137545232, 10.726277137545232, 10.726277137545232, 10.726277137545232, 10.726277137545232, 10.726277137545232, 10.726277137545232, 10.726277137545232, 10.726277137545232, 10.726277137545232, 10.726277137545232, 10.726277137545232, 10.726277137545232, 10.726277137545232, 10.726277137545232, 10.726277137545232, 10.726277137545232, 10.726277137545232, 10.726277137545232, 10.726277137545232, 10.726277137545232, 10.726277137545232, 10.726277137545232, 10.726277137545232, 10.726277137545232, 10.726277137545232, 10.726277137545232, 10.726277137545232, 10.726277137545232, 10.726277137545232, 10.726277137545232, 10.726277137545232, 10.726277137545232, 10.726277137545232, 10.726277137545232, 10.726277137545232, 10.726277137545232, 10.726277137545232, 10.726277137545232, 10.726277137545232, 10.726277137545232, 10.726277137545232, 10.726277137545232, 10.726277137545232, 10.726277137545232, 10.726277137545232, 10.726277137545232, 10.726277137545232, 10.726277137545232, 10.726277137545232, 10.726277137545232, 10.726277137545232, 10.726277137545232, 10.726277137545232, 10.726277137545232, 10.726277137545232, 10.726277137545232, 10.726277137545232, 10.726277137545232, 10.726277137545232, 10.726277137545232, 10.726277137545232, 10.726277137545232, 10.726277137545232, 10.726277137545232, 10.726277137545232, 10.726277137545232, 10.726277137545232, 10.726277137545232, 10.726277137545232, 10.726277137545232, 10.726277137545232, 10.726277137545232, 10.726277137545232, 10.726277137545232, 10.726277137545232, 10.726277137545232, 10.726277137545232, 10.726277137545232, 10.726277137545232, 10.726277137545232], "lambda_inter_max": [1.7981858186994428, 1.7981858186994428, 1.7981858186994428, 1.7981858186994428, 1.7981858186994428, 1.7981858186994428, 1.7981858186994428, 1.7981858186994428, 1.7981858186994428, 1.7981858186994428, 1.7981858186994428, 1.7981858186994428, 1.7981858186994428, 1.7981858186994428, 1.7981858186994428, 1.7981858186994428, 1.7981858186994428, 1.7981858186994428, 1.7981858186994428, 1.7981858186994428, 1.7981858186994428, 1.7981858186994428, 1.7981858186994428, 1.7981858186994428, 1.7981858186994428, 1.7981858186994428, 1.7981858186994428, 1.7981858186994428, 1.7981858186994428, 1.7981858186994428, 1.7981858186994428, 1.7981858186994428, 1.7981858186994428, 1.7981858186994428, 1.7981858186994428, 1.7981858186994428, 1.7981858186994428, 1.7981858186994428, 1.7981858186994428, 1.7981858186994428, 1.7981858186994428, 1.7981858186994428, 1.7981858186994428, 1.7981858186994428, 1.7981858186994428, 1.7981858186994428, 1.7981858186994428, 1.7981858186994428, 1.7981858186994428, 1.7981858186994428, 1.7981858186994428, 1.7981858186994428, 1.7981858186994428, 1.7981858186994428, 1.7981858186994428, 1.7981858186994428, 1.7981858186994428, 1.7981858186994428, 1.7981858186994428, 1.7981858186994428, 1.7981858186994428, 1.7981858186994428, 1.7981858186994428, 1.7981858186994428, 1.7981858186994428, 1.7981858186994428, 1.7981858186994428, 1.7981858186994428, 1.7981858186994428, 1.7981858186994428, 1.7981858186994428, 1.7981858186994428, 1.7981858186994428, 1.7981858186994428, 1.7981858186994428, 1.7981858186994428, 1.7981858186994428, 1.7981858186994428, 1.7981858186994428, 1.7981858186994428, 1.7981858186994428, 1.7981858186994428, 1.7981858186994428, 1.7981858186994428, 1.7981858186994428, 1.7981858186994428, 1.7981858186994428, 1.7981858186994428, 1.7981858186994428, 1.7981858186994428, 1.7981858186994428, 1.7981858186994428, 1.7981858186994428, 1.7981858186994428, 1.7981858186994428, 1.7981858186994428, 1.7981858186994428, 1.7981858186994428, 1.7981858186994428, 1.7981858186994428], "lambda_reginter": [0.0, 1.191808570838359, 2.383617141676718, 3.5754257125150772, 4.767234283353436, 5.959042854191795, 7.1508514250301545, 8.342659995868512, 9.534468566706872, 10.726277137545232, 0.0, 1.191808570838359, 2.383617141676718, 3.5754257125150772, 4.767234283353436, 5.959042854191795, 7.1508514250301545, 8.342659995868512, 9.534468566706872, 10.726277137545232, 0.0, 1.191808570838359, 2.383617141676718, 3.5754257125150772, 4.767234283353436, 5.959042854191795, 7.1508514250301545, 8.342659995868512, 9.534468566706872, 10.726277137545232, 0.0, 1.191808570838359, 2.383617141676718, 3.5754257125150772, 4.767234283353436, 5.959042854191795, 7.1508514250301545, 8.342659995868512, 9.534468566706872, 10.726277137545232, 0.0, 1.191808570838359, 2.383617141676718, 3.5754257125150772, 4.767234283353436, 5.959042854191795, 7.1508514250301545, 8.342659995868512, 9.534468566706872, 10.726277137545232, 0.0, 1.191808570838359, 2.383617141676718, 3.5754257125150772, 4.767234283353436, 5.959042854191795, 7.1508514250301545, 8.342659995868512, 9.534468566706872, 10.726277137545232, 0.0, 1.191808570838359, 2.383617141676718, 3.5754257125150772, 4.767234283353436, 5.959042854191795, 7.1508514250301545, 8.342659995868512, 9.534468566706872, 10.726277137545232, 0.0, 1.191808570838359, 2.383617141676718, 3.5754257125150772, 4.767234283353436, 5.959042854191795, 7.1508514250301545, 8.342659995868512, 9.534468566706872, 10.726277137545232, 0.0, 1.191808570838359, 2.383617141676718, 3.5754257125150772, 4.767234283353436, 5.959042854191795, 7.1508514250301545, 8.342659995868512, 9.534468566706872, 10.726277137545232, 0.0, 1.191808570838359, 2.383617141676718, 3.5754257125150772, 4.767234283353436, 5.959042854191795, 7.1508514250301545, 8.342659995868512, 9.534468566706872, 10.726277137545232],