{"lambda_reginter_max": 86.02959044667163, "lambda_inter_max": 5.888737045977486}