{"n": [1000, 1000, 1000, 1000, 1000, 1000, 1000, 1000, 1000, 1000, 1000, 1000, 1000, 1000, 1000, 1000, 1000, 1000, 1000, 1000, 1000, 1000, 1000, 1000, 1000, 1000, 1000, 1000, 1000, 1000, 1000, 1000, 1000, 1000, 1000, 1000, 1000, 1000, 1000, 1000, 1000, 1000, 1000, 1000, 1000, 1000, 1000, 1000, 1000, 1000, 1000, 1000, 1000, 1000, 1000, 1000, 1000, 1000, 1000, 1000, 1000, 1000, 1000, 1000, 1000, 1000, 1000, 1000, 1000, 1000, 1000, 1000, 1000, 1000, 1000, 1000, 1000, 1000, 1000, 1000, 1000, 1000, 1000, 1000, 1000, 1000, 1000, 1000, 1000, 1000, 1000, 1000, 1000, 1000, 1000, 1000, 1000, 1000, 1000, 1000], "rep": [25, 25, 25, 25, 25, 25, 25, 25, 25, 25, 25, 25, 25, 25, 25, 25, 25, 25, 25, 25, 25, 25, 25, 25, 25, 25, 25, 25, 25, 25, 25, 25, 25, 25, 25, 25, 25, 25, 25, 25, 25, 25, 25, 25, 25, 25, 25, 25, 25, 25, 25, 25, 25, 25, 25, 25, 25, 25, 25, 25, 25, 25, 25, 25, 25, 25, 25, 25, 25, 25, 25, 25, 25, 25, 25, 25, 25, 25, 25, 25, 25, 25, 25, 25, 25, 25, 25, 25, 25, 25, 25, 25, 25, 25, 25, 25, 25, 25, 25, 25], "lambda_reginter_max": [9.950063216082537, 9.950063216082537, 9.950063216082537, 9.950063216082537, 9.950063216082537, 9.950063216082537, 9.950063216082537, 9.950063216082537, 9.950063216082537, 9.950063216082537, 9.950063216082537, 9.950063216082537, 9.950063216082537, 9.950063216082537, 9.950063216082537, 9.950063216082537, 9.950063216082537, 9.950063216082537, 9.950063216082537, 9.950063216082537, 9.950063216082537, 9.950063216082537, 9.950063216082537, 9.950063216082537, 9.950063216082537, 9.950063216082537, 9.950063216082537, 9.950063216082537, 9.950063216082537, 9.950063216082537, 9.950063216082537, 9.950063216082537, 9.950063216082537, 9.950063216082537, 9.950063216082537, 9.950063216082537, 9.950063216082537, 9.950063216082537, 9.950063216082537, 9.950063216082537, 9.950063216082537, 9.950063216082537, 9.950063216082537, 9.950063216082537, 9.950063216082537, 9.950063216082537, 9.950063216082537, 9.950063216082537, 9.950063216082537, 9.950063216082537, 9.950063216082537, 9.950063216082537, 9.950063216082537, 9.950063216082537, 9.950063216082537, 9.950063216082537, 9.950063216082537, 9.950063216082537, 9.950063216082537, 9.950063216082537, 9.950063216082537, 9.950063216082537, 9.950063216082537, 9.950063216082537, 9.950063216082537, 9.950063216082537, 9.950063216082537, 9.950063216082537, 9.950063216082537, 9.950063216082537, 9.950063216082537, 9.950063216082537, 9.950063216082537, 9.950063216082537, 9.950063216082537, 9.950063216082537, 9.950063216082537, 9.950063216082537, 9.950063216082537, 9.950063216082537, 9.950063216082537, 9.950063216082537, 9.950063216082537, 9.950063216082537, 9.950063216082537, 9.950063216082537, 9.950063216082537, 9.950063216082537, 9.950063216082537, 9.950063216082537, 9.950063216082537, 9.950063216082537, 9.950063216082537, 9.950063216082537, 9.950063216082537, 9.950063216082537, 9.950063216082537, 9.950063216082537, 9.950063216082537, 9.950063216082537], "lambda_inter_max": [1.8877929892321301, 1.8877929892321301, 1.8877929892321301, 1.8877929892321301, 1.8877929892321301, 1.8877929892321301, 1.8877929892321301, 1.8877929892321301, 1.8877929892321301, 1.8877929892321301, 1.8877929892321301, 1.8877929892321301, 1.8877929892321301, 1.8877929892321301, 1.8877929892321301, 1.8877929892321301, 1.8877929892321301, 1.8877929892321301, 1.8877929892321301, 1.8877929892321301, 1.8877929892321301, 1.8877929892321301, 1.8877929892321301, 1.8877929892321301, 1.8877929892321301, 1.8877929892321301, 1.8877929892321301, 1.8877929892321301, 1.8877929892321301, 1.8877929892321301, 1.8877929892321301, 1.8877929892321301, 1.8877929892321301, 1.8877929892321301, 1.8877929892321301, 1.8877929892321301, 1.8877929892321301, 1.8877929892321301, 1.8877929892321301, 1.8877929892321301, 1.8877929892321301, 1.8877929892321301, 1.8877929892321301, 1.8877929892321301, 1.8877929892321301, 1.8877929892321301, 1.8877929892321301, 1.8877929892321301, 1.8877929892321301, 1.8877929892321301, 1.8877929892321301, 1.8877929892321301, 1.8877929892321301, 1.8877929892321301, 1.8877929892321301, 1.8877929892321301, 1.8877929892321301, 1.8877929892321301, 1.8877929892321301, 1.8877929892321301, 1.8877929892321301, 1.8877929892321301, 1.8877929892321301, 1.8877929892321301, 1.8877929892321301, 1.8877929892321301, 1.8877929892321301, 1.8877929892321301, 1.8877929892321301, 1.8877929892321301, 1.8877929892321301, 1.8877929892321301, 1.8877929892321301, 1.8877929892321301, 1.8877929892321301, 1.8877929892321301, 1.8877929892321301, 1.8877929892321301, 1.8877929892321301, 1.8877929892321301, 1.8877929892321301, 1.8877929892321301, 1.8877929892321301, 1.8877929892321301, 1.8877929892321301, 1.8877929892321301, 1.8877929892321301, 1.8877929892321301, 1.8877929892321301, 1.8877929892321301, 1.8877929892321301, 1.8877929892321301, 1.8877929892321301, 1.8877929892321301, 1.8877929892321301, 1.8877929892321301, 1.8877929892321301, 1.8877929892321301, 1.8877929892321301, 1.8877929892321301], "lambda_reginter": [0.0, 1.1055625795647264, 2.2111251591294527, 3.316687738694179, 4.4222503182589055, 5.527812897823631, 6.633375477388358, 7.738938056953085, 8.844500636517811, 9.950063216082537, 0.0, 1.1055625795647264, 2.2111251591294527, 3.316687738694179, 4.4222503182589055, 5.527812897823631, 6.633375477388358, 7.738938056953085, 8.844500636517811, 9.950063216082537, 0.0, 1.1055625795647264, 2.2111251591294527, 3.316687738694179, 4.4222503182589055, 5.527812897823631, 6.633375477388358, 7.738938056953085, 8.844500636517811, 9.950063216082537, 0.0, 1.1055625795647264, 2.2111251591294527, 3.316687738694179, 4.4222503182589055, 5.527812897823631, 6.633375477388358, 7.738938056953085, 8.844500636517811, 9.950063216082537, 0.0, 1.1055625795647264, 2.2111251591294527, 3.316687738694179, 4.4222503182589055, 5.527812897823631, 6.633375477388358, 7.738938056953085, 8.844500636517811, 9.950063216082537, 0.0, 1.1055625795647264, 2.2111251591294527, 3.316687738694179, 4.4222503182589055, 5.527812897823631, 6.633375477388358, 7.738938056953085, 8.844500636517811, 9.950063216082537, 0.0, 1.1055625795647264, 2.2111251591294527, 3.316687738694179, 4.4222503182589055, 5.527812897823631, 6.633375477388358, 7.738938056953085, 8.844500636517811, 9.950063216082537, 0.0, 1.1055625795647264, 2.2111251591294527, 3.316687738694179, 4.4222503182589055, 5.527812897823631, 6.633375477388358, 7.738938056953085, 8.844500636517811, 9.950063216082537, 0.0, 1.1055625795647264, 2.2111251591294527, 3.316687738694179, 4.4222503182589055, 5.527812897823631, 6.633375477388358, 7.738938056953085, 8.844500636517811, 9.950063216082537, 0.0, 1.1055625795647264, 2.2111251591294527, 3.316687738694179, 4.4222503182589055, 5.527812897823631, 6.633375477388358, 7.738938056953085, 8.844500636517811, 9.950063216082537],