{"n": [500, 500, 500, 500, 500, 500, 500, 500, 500, 500, 500, 500, 500, 500, 500, 500, 500, 500, 500, 500, 500, 500, 500, 500, 500, 500, 500, 500, 500, 500, 500, 500, 500, 500, 500, 500, 500, 500, 500, 500, 500, 500, 500, 500, 500, 500, 500, 500, 500, 500, 500, 500, 500, 500, 500, 500, 500, 500, 500, 500, 500, 500, 500, 500, 500, 500, 500, 500, 500, 500, 500, 500, 500, 500, 500, 500, 500, 500, 500, 500, 500, 500, 500, 500, 500, 500, 500, 500, 500, 500, 500, 500, 500, 500, 500, 500, 500, 500, 500, 500], "rep": [60, 60, 60, 60, 60, 60, 60, 60, 60, 60, 60, 60, 60, 60, 60, 60, 60, 60, 60, 60, 60, 60, 60, 60, 60, 60, 60, 60, 60, 60, 60, 60, 60, 60, 60, 60, 60, 60, 60, 60, 60, 60, 60, 60, 60, 60, 60, 60, 60, 60, 60, 60, 60, 60, 60, 60, 60, 60, 60, 60, 60, 60, 60, 60, 60, 60, 60, 60, 60, 60, 60, 60, 60, 60, 60, 60, 60, 60, 60, 60, 60, 60, 60, 60, 60, 60, 60, 60, 60, 60, 60, 60, 60, 60, 60, 60, 60, 60, 60, 60], "lambda_reginter_max": [19.96868629733896, 19.96868629733896, 19.96868629733896, 19.96868629733896, 19.96868629733896, 19.96868629733896, 19.96868629733896, 19.96868629733896, 19.96868629733896, 19.96868629733896, 19.96868629733896, 19.96868629733896, 19.96868629733896, 19.96868629733896, 19.96868629733896, 19.96868629733896, 19.96868629733896, 19.96868629733896, 19.96868629733896, 19.96868629733896, 19.96868629733896, 19.96868629733896, 19.96868629733896, 19.96868629733896, 19.96868629733896, 19.96868629733896, 19.96868629733896, 19.96868629733896, 19.96868629733896, 19.96868629733896, 19.96868629733896, 19.96868629733896, 19.96868629733896, 19.96868629733896, 19.96868629733896, 19.96868629733896, 19.96868629733896, 19.96868629733896, 19.96868629733896, 19.96868629733896, 19.96868629733896, 19.96868629733896, 19.96868629733896, 19.96868629733896, 19.96868629733896, 19.96868629733896, 19.96868629733896, 19.96868629733896, 19.96868629733896, 19.96868629733896, 19.96868629733896, 19.96868629733896, 19.96868629733896, 19.96868629733896, 19.96868629733896, 19.96868629733896, 19.96868629733896, 19.96868629733896, 19.96868629733896, 19.96868629733896, 19.96868629733896, 19.96868629733896, 19.96868629733896, 19.96868629733896, 19.96868629733896, 19.96868629733896, 19.96868629733896, 19.96868629733896, 19.96868629733896, 19.96868629733896, 19.96868629733896, 19.96868629733896, 19.96868629733896, 19.96868629733896, 19.96868629733896, 19.96868629733896, 19.96868629733896, 19.96868629733896, 19.96868629733896, 19.96868629733896, 19.96868629733896, 19.96868629733896, 19.96868629733896, 19.96868629733896, 19.96868629733896, 19.96868629733896, 19.96868629733896, 19.96868629733896, 19.96868629733896, 19.96868629733896, 19.96868629733896, 19.96868629733896, 19.96868629733896, 19.96868629733896, 19.96868629733896, 19.96868629733896, 19.96868629733896, 19.96868629733896, 19.96868629733896, 19.96868629733896], "lambda_inter_max": [2.535969774708035, 2.535969774708035, 2.535969774708035, 2.535969774708035, 2.535969774708035, 2.535969774708035, 2.535969774708035, 2.535969774708035, 2.535969774708035, 2.535969774708035, 2.535969774708035, 2.535969774708035, 2.535969774708035, 2.535969774708035, 2.535969774708035, 2.535969774708035, 2.535969774708035, 2.535969774708035, 2.535969774708035, 2.535969774708035, 2.535969774708035, 2.535969774708035, 2.535969774708035, 2.535969774708035, 2.535969774708035, 2.535969774708035, 2.535969774708035, 2.535969774708035, 2.535969774708035, 2.535969774708035, 2.535969774708035, 2.535969774708035, 2.535969774708035, 2.535969774708035, 2.535969774708035, 2.535969774708035, 2.535969774708035, 2.535969774708035, 2.535969774708035, 2.535969774708035, 2.535969774708035, 2.535969774708035, 2.535969774708035, 2.535969774708035, 2.535969774708035, 2.535969774708035, 2.535969774708035, 2.535969774708035, 2.535969774708035, 2.535969774708035, 2.535969774708035, 2.535969774708035, 2.535969774708035, 2.535969774708035, 2.535969774708035, 2.535969774708035, 2.535969774708035, 2.535969774708035, 2.535969774708035, 2.535969774708035, 2.535969774708035, 2.535969774708035, 2.535969774708035, 2.535969774708035, 2.535969774708035, 2.535969774708035, 2.535969774708035, 2.535969774708035, 2.535969774708035, 2.535969774708035, 2.535969774708035, 2.535969774708035, 2.535969774708035, 2.535969774708035, 2.535969774708035, 2.535969774708035, 2.535969774708035, 2.535969774708035, 2.535969774708035, 2.535969774708035, 2.535969774708035, 2.535969774708035, 2.535969774708035, 2.535969774708035, 2.535969774708035, 2.535969774708035, 2.535969774708035, 2.535969774708035, 2.535969774708035, 2.535969774708035, 2.535969774708035, 2.535969774708035, 2.535969774708035, 2.535969774708035, 2.535969774708035, 2.535969774708035, 2.535969774708035, 2.535969774708035, 2.535969774708035, 2.535969774708035], "lambda_reginter": [0.0, 2.218742921926551, 4.437485843853102, 6.656228765779653, 8.874971687706203, 11.093714609632755, 13.312457531559305, 15.531200453485855, 17.749943375412407, 19.96868629733896, 0.0, 2.218742921926551, 4.437485843853102, 6.656228765779653, 8.874971687706203, 11.093714609632755, 13.312457531559305, 15.531200453485855, 17.749943375412407, 19.96868629733896, 0.0, 2.218742921926551, 4.437485843853102, 6.656228765779653, 8.874971687706203, 11.093714609632755, 13.312457531559305, 15.531200453485855, 17.749943375412407, 19.96868629733896, 0.0, 2.218742921926551, 4.437485843853102, 6.656228765779653, 8.874971687706203, 11.093714609632755, 13.312457531559305, 15.531200453485855, 17.749943375412407, 19.96868629733896, 0.0, 2.218742921926551, 4.437485843853102, 6.656228765779653, 8.874971687706203, 11.093714609632755, 13.312457531559305, 15.531200453485855, 17.749943375412407, 19.96868629733896, 0.0, 2.218742921926551, 4.437485843853102, 6.656228765779653, 8.874971687706203, 11.093714609632755, 13.312457531559305, 15.531200453485855, 17.749943375412407, 19.96868629733896, 0.0, 2.218742921926551, 4.437485843853102, 6.656228765779653, 8.874971687706203, 11.093714609632755, 13.312457531559305, 15.531200453485855, 17.749943375412407, 19.96868629733896, 0.0, 2.218742921926551, 4.437485843853102, 6.656228765779653, 8.874971687706203, 11.093714609632755, 13.312457531559305, 15.531200453485855, 17.749943375412407, 19.96868629733896, 0.0, 2.218742921926551, 4.437485843853102, 6.656228765779653, 8.874971687706203, 11.093714609632755, 13.312457531559305, 15.531200453485855, 17.749943375412407, 19.96868629733896, 0.0, 2.218742921926551, 4.437485843853102, 6.656228765779653, 8.874971687706203, 11.093714609632755, 13.312457531559305, 15.531200453485855, 17.749943375412407, 19.96868629733896],