{"lambda_reginter_max": 45.00519771913407, "lambda_inter_max": 0.48676686688659165}