{"n": [1000, 1000, 1000, 1000, 1000, 1000, 1000, 1000, 1000, 1000, 1000, 1000, 1000, 1000, 1000, 1000, 1000, 1000, 1000, 1000, 1000, 1000, 1000, 1000, 1000, 1000, 1000, 1000, 1000, 1000, 1000, 1000, 1000, 1000, 1000, 1000, 1000, 1000, 1000, 1000, 1000, 1000, 1000, 1000, 1000, 1000, 1000, 1000, 1000, 1000, 1000, 1000, 1000, 1000, 1000, 1000, 1000, 1000, 1000, 1000, 1000, 1000, 1000, 1000, 1000, 1000, 1000, 1000, 1000, 1000, 1000, 1000, 1000, 1000, 1000, 1000, 1000, 1000, 1000, 1000, 1000, 1000, 1000, 1000, 1000, 1000, 1000, 1000, 1000, 1000, 1000, 1000, 1000, 1000, 1000, 1000, 1000, 1000, 1000, 1000], "rep": [28, 28, 28, 28, 28, 28, 28, 28, 28, 28, 28, 28, 28, 28, 28, 28, 28, 28, 28, 28, 28, 28, 28, 28, 28, 28, 28, 28, 28, 28, 28, 28, 28, 28, 28, 28, 28, 28, 28, 28, 28, 28, 28, 28, 28, 28, 28, 28, 28, 28, 28, 28, 28, 28, 28, 28, 28, 28, 28, 28, 28, 28, 28, 28, 28, 28, 28, 28, 28, 28, 28, 28, 28, 28, 28, 28, 28, 28, 28, 28, 28, 28, 28, 28, 28, 28, 28, 28, 28, 28, 28, 28, 28, 28, 28, 28, 28, 28, 28, 28], "lambda_reginter_max": [15.396731034210418, 15.396731034210418, 15.396731034210418, 15.396731034210418, 15.396731034210418, 15.396731034210418, 15.396731034210418, 15.396731034210418, 15.396731034210418, 15.396731034210418, 15.396731034210418, 15.396731034210418, 15.396731034210418, 15.396731034210418, 15.396731034210418, 15.396731034210418, 15.396731034210418, 15.396731034210418, 15.396731034210418, 15.396731034210418, 15.396731034210418, 15.396731034210418, 15.396731034210418, 15.396731034210418, 15.396731034210418, 15.396731034210418, 15.396731034210418, 15.396731034210418, 15.396731034210418, 15.396731034210418, 15.396731034210418, 15.396731034210418, 15.396731034210418, 15.396731034210418, 15.396731034210418, 15.396731034210418, 15.396731034210418, 15.396731034210418, 15.396731034210418, 15.396731034210418, 15.396731034210418, 15.396731034210418, 15.396731034210418, 15.396731034210418, 15.396731034210418, 15.396731034210418, 15.396731034210418, 15.396731034210418, 15.396731034210418, 15.396731034210418, 15.396731034210418, 15.396731034210418, 15.396731034210418, 15.396731034210418, 15.396731034210418, 15.396731034210418, 15.396731034210418, 15.396731034210418, 15.396731034210418, 15.396731034210418, 15.396731034210418, 15.396731034210418, 15.396731034210418, 15.396731034210418, 15.396731034210418, 15.396731034210418, 15.396731034210418, 15.396731034210418, 15.396731034210418, 15.396731034210418, 15.396731034210418, 15.396731034210418, 15.396731034210418, 15.396731034210418, 15.396731034210418, 15.396731034210418, 15.396731034210418, 15.396731034210418, 15.396731034210418, 15.396731034210418, 15.396731034210418, 15.396731034210418, 15.396731034210418, 15.396731034210418, 15.396731034210418, 15.396731034210418, 15.396731034210418, 15.396731034210418, 15.396731034210418, 15.396731034210418, 15.396731034210418, 15.396731034210418, 15.396731034210418, 15.396731034210418, 15.396731034210418, 15.396731034210418, 15.396731034210418, 15.396731034210418, 15.396731034210418, 15.396731034210418], "lambda_inter_max": [2.059880121997687, 2.059880121997687, 2.059880121997687, 2.059880121997687, 2.059880121997687, 2.059880121997687, 2.059880121997687, 2.059880121997687, 2.059880121997687, 2.059880121997687, 2.059880121997687, 2.059880121997687, 2.059880121997687, 2.059880121997687, 2.059880121997687, 2.059880121997687, 2.059880121997687, 2.059880121997687, 2.059880121997687, 2.059880121997687, 2.059880121997687, 2.059880121997687, 2.059880121997687, 2.059880121997687, 2.059880121997687, 2.059880121997687, 2.059880121997687, 2.059880121997687, 2.059880121997687, 2.059880121997687, 2.059880121997687, 2.059880121997687, 2.059880121997687, 2.059880121997687, 2.059880121997687, 2.059880121997687, 2.059880121997687, 2.059880121997687, 2.059880121997687, 2.059880121997687, 2.059880121997687, 2.059880121997687, 2.059880121997687, 2.059880121997687, 2.059880121997687, 2.059880121997687, 2.059880121997687, 2.059880121997687, 2.059880121997687, 2.059880121997687, 2.059880121997687, 2.059880121997687, 2.059880121997687, 2.059880121997687, 2.059880121997687, 2.059880121997687, 2.059880121997687, 2.059880121997687, 2.059880121997687, 2.059880121997687, 2.059880121997687, 2.059880121997687, 2.059880121997687, 2.059880121997687, 2.059880121997687, 2.059880121997687, 2.059880121997687, 2.059880121997687, 2.059880121997687, 2.059880121997687, 2.059880121997687, 2.059880121997687, 2.059880121997687, 2.059880121997687, 2.059880121997687, 2.059880121997687, 2.059880121997687, 2.059880121997687, 2.059880121997687, 2.059880121997687, 2.059880121997687, 2.059880121997687, 2.059880121997687, 2.059880121997687, 2.059880121997687, 2.059880121997687, 2.059880121997687, 2.059880121997687, 2.059880121997687, 2.059880121997687, 2.059880121997687, 2.059880121997687, 2.059880121997687, 2.059880121997687, 2.059880121997687, 2.059880121997687, 2.059880121997687, 2.059880121997687, 2.059880121997687, 2.059880121997687], "lambda_reginter": [0.0, 1.7107478926900466, 3.421495785380093, 5.1322436780701395, 6.842991570760186, 8.553739463450233, 10.264487356140279, 11.975235248830327, 13.685983141520373, 15.396731034210418, 0.0, 1.7107478926900466, 3.421495785380093, 5.1322436780701395, 6.842991570760186, 8.553739463450233, 10.264487356140279, 11.975235248830327, 13.685983141520373, 15.396731034210418, 0.0, 1.7107478926900466, 3.421495785380093, 5.1322436780701395, 6.842991570760186, 8.553739463450233, 10.264487356140279, 11.975235248830327, 13.685983141520373, 15.396731034210418, 0.0, 1.7107478926900466, 3.421495785380093, 5.1322436780701395, 6.842991570760186, 8.553739463450233, 10.264487356140279, 11.975235248830327, 13.685983141520373, 15.396731034210418, 0.0, 1.7107478926900466, 3.421495785380093, 5.1322436780701395, 6.842991570760186, 8.553739463450233, 10.264487356140279, 11.975235248830327, 13.685983141520373, 15.396731034210418, 0.0, 1.7107478926900466, 3.421495785380093, 5.1322436780701395, 6.842991570760186, 8.553739463450233, 10.264487356140279, 11.975235248830327, 13.685983141520373, 15.396731034210418, 0.0, 1.7107478926900466, 3.421495785380093, 5.1322436780701395, 6.842991570760186, 8.553739463450233, 10.264487356140279, 11.975235248830327, 13.685983141520373, 15.396731034210418, 0.0, 1.7107478926900466, 3.421495785380093, 5.1322436780701395, 6.842991570760186, 8.553739463450233, 10.264487356140279, 11.975235248830327, 13.685983141520373, 15.396731034210418, 0.0, 1.7107478926900466, 3.421495785380093, 5.1322436780701395, 6.842991570760186, 8.553739463450233, 10.264487356140279, 11.975235248830327, 13.685983141520373, 15.396731034210418, 0.0, 1.7107478926900466, 3.421495785380093, 5.1322436780701395, 6.842991570760186, 8.553739463450233, 10.264487356140279, 11.975235248830327, 13.685983141520373, 15.396731034210418],