{"lambda_reginter_max": 4.042275045285437, "lambda_inter_max": 0.023558234463366086}