{"lambda_reginter_max": 28.693594999965125, "lambda_inter_max": 13.583391491730108}