{"lambda_reginter_max": 8.538960629518263, "lambda_inter_max": 2.386247899389556}