{"lambda_reginter_max": 8.146493138625907, "lambda_inter_max": 2.3354313613937703}