{"n": [200, 200, 200, 200, 200, 200, 200, 200, 200, 200, 200, 200, 200, 200, 200, 200, 200, 200, 200, 200, 200, 200, 200, 200, 200, 200, 200, 200, 200, 200, 200, 200, 200, 200, 200, 200, 200, 200, 200, 200, 200, 200, 200, 200, 200, 200, 200, 200, 200, 200, 200, 200, 200, 200, 200, 200, 200, 200, 200, 200, 200, 200, 200, 200, 200, 200, 200, 200, 200, 200, 200, 200, 200, 200, 200, 200, 200, 200, 200, 200, 200, 200, 200, 200, 200, 200, 200, 200, 200, 200, 200, 200, 200, 200, 200, 200, 200, 200, 200, 200], "rep": [104, 104, 104, 104, 104, 104, 104, 104, 104, 104, 104, 104, 104, 104, 104, 104, 104, 104, 104, 104, 104, 104, 104, 104, 104, 104, 104, 104, 104, 104, 104, 104, 104, 104, 104, 104, 104, 104, 104, 104, 104, 104, 104, 104, 104, 104, 104, 104, 104, 104, 104, 104, 104, 104, 104, 104, 104, 104, 104, 104, 104, 104, 104, 104, 104, 104, 104, 104, 104, 104, 104, 104, 104, 104, 104, 104, 104, 104, 104, 104, 104, 104, 104, 104, 104, 104, 104, 104, 104, 104, 104, 104, 104, 104, 104, 104, 104, 104, 104, 104], "lambda_reginter_max": [8.940512776681249, 8.940512776681249, 8.940512776681249, 8.940512776681249, 8.940512776681249, 8.940512776681249, 8.940512776681249, 8.940512776681249, 8.940512776681249, 8.940512776681249, 8.940512776681249, 8.940512776681249, 8.940512776681249, 8.940512776681249, 8.940512776681249, 8.940512776681249, 8.940512776681249, 8.940512776681249, 8.940512776681249, 8.940512776681249, 8.940512776681249, 8.940512776681249, 8.940512776681249, 8.940512776681249, 8.940512776681249, 8.940512776681249, 8.940512776681249, 8.940512776681249, 8.940512776681249, 8.940512776681249, 8.940512776681249, 8.940512776681249, 8.940512776681249, 8.940512776681249, 8.940512776681249, 8.940512776681249, 8.940512776681249, 8.940512776681249, 8.940512776681249, 8.940512776681249, 8.940512776681249, 8.940512776681249, 8.940512776681249, 8.940512776681249, 8.940512776681249, 8.940512776681249, 8.940512776681249, 8.940512776681249, 8.940512776681249, 8.940512776681249, 8.940512776681249, 8.940512776681249, 8.940512776681249, 8.940512776681249, 8.940512776681249, 8.940512776681249, 8.940512776681249, 8.940512776681249, 8.940512776681249, 8.940512776681249, 8.940512776681249, 8.940512776681249, 8.940512776681249, 8.940512776681249, 8.940512776681249, 8.940512776681249, 8.940512776681249, 8.940512776681249, 8.940512776681249, 8.940512776681249, 8.940512776681249, 8.940512776681249, 8.940512776681249, 8.940512776681249, 8.940512776681249, 8.940512776681249, 8.940512776681249, 8.940512776681249, 8.940512776681249, 8.940512776681249, 8.940512776681249, 8.940512776681249, 8.940512776681249, 8.940512776681249, 8.940512776681249, 8.940512776681249, 8.940512776681249, 8.940512776681249, 8.940512776681249, 8.940512776681249, 8.940512776681249, 8.940512776681249, 8.940512776681249, 8.940512776681249, 8.940512776681249, 8.940512776681249, 8.940512776681249, 8.940512776681249, 8.940512776681249, 8.940512776681249], "lambda_inter_max": [1.522613030276912, 1.522613030276912, 1.522613030276912, 1.522613030276912, 1.522613030276912, 1.522613030276912, 1.522613030276912, 1.522613030276912, 1.522613030276912, 1.522613030276912, 1.522613030276912, 1.522613030276912, 1.522613030276912, 1.522613030276912, 1.522613030276912, 1.522613030276912, 1.522613030276912, 1.522613030276912, 1.522613030276912, 1.522613030276912, 1.522613030276912, 1.522613030276912, 1.522613030276912, 1.522613030276912, 1.522613030276912, 1.522613030276912, 1.522613030276912, 1.522613030276912, 1.522613030276912, 1.522613030276912, 1.522613030276912, 1.522613030276912, 1.522613030276912, 1.522613030276912, 1.522613030276912, 1.522613030276912, 1.522613030276912, 1.522613030276912, 1.522613030276912, 1.522613030276912, 1.522613030276912, 1.522613030276912, 1.522613030276912, 1.522613030276912, 1.522613030276912, 1.522613030276912, 1.522613030276912, 1.522613030276912, 1.522613030276912, 1.522613030276912, 1.522613030276912, 1.522613030276912, 1.522613030276912, 1.522613030276912, 1.522613030276912, 1.522613030276912, 1.522613030276912, 1.522613030276912, 1.522613030276912, 1.522613030276912, 1.522613030276912, 1.522613030276912, 1.522613030276912, 1.522613030276912, 1.522613030276912, 1.522613030276912, 1.522613030276912, 1.522613030276912, 1.522613030276912, 1.522613030276912, 1.522613030276912, 1.522613030276912, 1.522613030276912, 1.522613030276912, 1.522613030276912, 1.522613030276912, 1.522613030276912, 1.522613030276912, 1.522613030276912, 1.522613030276912, 1.522613030276912, 1.522613030276912, 1.522613030276912, 1.522613030276912, 1.522613030276912, 1.522613030276912, 1.522613030276912, 1.522613030276912, 1.522613030276912, 1.522613030276912, 1.522613030276912, 1.522613030276912, 1.522613030276912, 1.522613030276912, 1.522613030276912, 1.522613030276912, 1.522613030276912, 1.522613030276912, 1.522613030276912, 1.522613030276912], "lambda_reginter": [0.0, 0.9933903085201388, 1.9867806170402775, 2.980170925560416, 3.973561234080555, 4.966951542600694, 5.960341851120832, 6.953732159640971, 7.94712246816111, 8.940512776681249, 0.0, 0.9933903085201388, 1.9867806170402775, 2.980170925560416, 3.973561234080555, 4.966951542600694, 5.960341851120832, 6.953732159640971, 7.94712246816111, 8.940512776681249, 0.0, 0.9933903085201388, 1.9867806170402775, 2.980170925560416, 3.973561234080555, 4.966951542600694, 5.960341851120832, 6.953732159640971, 7.94712246816111, 8.940512776681249, 0.0, 0.9933903085201388, 1.9867806170402775, 2.980170925560416, 3.973561234080555, 4.966951542600694, 5.960341851120832, 6.953732159640971, 7.94712246816111, 8.940512776681249, 0.0, 0.9933903085201388, 1.9867806170402775, 2.980170925560416, 3.973561234080555, 4.966951542600694, 5.960341851120832, 6.953732159640971, 7.94712246816111, 8.940512776681249, 0.0, 0.9933903085201388, 1.9867806170402775, 2.980170925560416, 3.973561234080555, 4.966951542600694, 5.960341851120832, 6.953732159640971, 7.94712246816111, 8.940512776681249, 0.0, 0.9933903085201388, 1.9867806170402775, 2.980170925560416, 3.973561234080555, 4.966951542600694, 5.960341851120832, 6.953732159640971, 7.94712246816111, 8.940512776681249, 0.0, 0.9933903085201388, 1.9867806170402775, 2.980170925560416, 3.973561234080555, 4.966951542600694, 5.960341851120832, 6.953732159640971, 7.94712246816111, 8.940512776681249, 0.0, 0.9933903085201388, 1.9867806170402775, 2.980170925560416, 3.973561234080555, 4.966951542600694, 5.960341851120832, 6.953732159640971, 7.94712246816111, 8.940512776681249, 0.0, 0.9933903085201388, 1.9867806170402775, 2.980170925560416, 3.973561234080555, 4.966951542600694, 5.960341851120832, 6.953732159640971, 7.94712246816111, 8.940512776681249],