{"n": [1000, 1000, 1000, 1000, 1000, 1000, 1000, 1000, 1000, 1000, 1000, 1000, 1000, 1000, 1000, 1000, 1000, 1000, 1000, 1000, 1000, 1000, 1000, 1000, 1000, 1000, 1000, 1000, 1000, 1000, 1000, 1000, 1000, 1000, 1000, 1000, 1000, 1000, 1000, 1000, 1000, 1000, 1000, 1000, 1000, 1000, 1000, 1000, 1000, 1000, 1000, 1000, 1000, 1000, 1000, 1000, 1000, 1000, 1000, 1000, 1000, 1000, 1000, 1000, 1000, 1000, 1000, 1000, 1000, 1000, 1000, 1000, 1000, 1000, 1000, 1000, 1000, 1000, 1000, 1000, 1000, 1000, 1000, 1000, 1000, 1000, 1000, 1000, 1000, 1000, 1000, 1000, 1000, 1000, 1000, 1000, 1000, 1000, 1000, 1000], "rep": [45, 45, 45, 45, 45, 45, 45, 45, 45, 45, 45, 45, 45, 45, 45, 45, 45, 45, 45, 45, 45, 45, 45, 45, 45, 45, 45, 45, 45, 45, 45, 45, 45, 45, 45, 45, 45, 45, 45, 45, 45, 45, 45, 45, 45, 45, 45, 45, 45, 45, 45, 45, 45, 45, 45, 45, 45, 45, 45, 45, 45, 45, 45, 45, 45, 45, 45, 45, 45, 45, 45, 45, 45, 45, 45, 45, 45, 45, 45, 45, 45, 45, 45, 45, 45, 45, 45, 45, 45, 45, 45, 45, 45, 45, 45, 45, 45, 45, 45, 45], "lambda_reginter_max": [12.944939744052776, 12.944939744052776, 12.944939744052776, 12.944939744052776, 12.944939744052776, 12.944939744052776, 12.944939744052776, 12.944939744052776, 12.944939744052776, 12.944939744052776, 12.944939744052776, 12.944939744052776, 12.944939744052776, 12.944939744052776, 12.944939744052776, 12.944939744052776, 12.944939744052776, 12.944939744052776, 12.944939744052776, 12.944939744052776, 12.944939744052776, 12.944939744052776, 12.944939744052776, 12.944939744052776, 12.944939744052776, 12.944939744052776, 12.944939744052776, 12.944939744052776, 12.944939744052776, 12.944939744052776, 12.944939744052776, 12.944939744052776, 12.944939744052776, 12.944939744052776, 12.944939744052776, 12.944939744052776, 12.944939744052776, 12.944939744052776, 12.944939744052776, 12.944939744052776, 12.944939744052776, 12.944939744052776, 12.944939744052776, 12.944939744052776, 12.944939744052776, 12.944939744052776, 12.944939744052776, 12.944939744052776, 12.944939744052776, 12.944939744052776, 12.944939744052776, 12.944939744052776, 12.944939744052776, 12.944939744052776, 12.944939744052776, 12.944939744052776, 12.944939744052776, 12.944939744052776, 12.944939744052776, 12.944939744052776, 12.944939744052776, 12.944939744052776, 12.944939744052776, 12.944939744052776, 12.944939744052776, 12.944939744052776, 12.944939744052776, 12.944939744052776, 12.944939744052776, 12.944939744052776, 12.944939744052776, 12.944939744052776, 12.944939744052776, 12.944939744052776, 12.944939744052776, 12.944939744052776, 12.944939744052776, 12.944939744052776, 12.944939744052776, 12.944939744052776, 12.944939744052776, 12.944939744052776, 12.944939744052776, 12.944939744052776, 12.944939744052776, 12.944939744052776, 12.944939744052776, 12.944939744052776, 12.944939744052776, 12.944939744052776, 12.944939744052776, 12.944939744052776, 12.944939744052776, 12.944939744052776, 12.944939744052776, 12.944939744052776, 12.944939744052776, 12.944939744052776, 12.944939744052776, 12.944939744052776], "lambda_inter_max": [1.9789882828443053, 1.9789882828443053, 1.9789882828443053, 1.9789882828443053, 1.9789882828443053, 1.9789882828443053, 1.9789882828443053, 1.9789882828443053, 1.9789882828443053, 1.9789882828443053, 1.9789882828443053, 1.9789882828443053, 1.9789882828443053, 1.9789882828443053, 1.9789882828443053, 1.9789882828443053, 1.9789882828443053, 1.9789882828443053, 1.9789882828443053, 1.9789882828443053, 1.9789882828443053, 1.9789882828443053, 1.9789882828443053, 1.9789882828443053, 1.9789882828443053, 1.9789882828443053, 1.9789882828443053, 1.9789882828443053, 1.9789882828443053, 1.9789882828443053, 1.9789882828443053, 1.9789882828443053, 1.9789882828443053, 1.9789882828443053, 1.9789882828443053, 1.9789882828443053, 1.9789882828443053, 1.9789882828443053, 1.9789882828443053, 1.9789882828443053, 1.9789882828443053, 1.9789882828443053, 1.9789882828443053, 1.9789882828443053, 1.9789882828443053, 1.9789882828443053, 1.9789882828443053, 1.9789882828443053, 1.9789882828443053, 1.9789882828443053, 1.9789882828443053, 1.9789882828443053, 1.9789882828443053, 1.9789882828443053, 1.9789882828443053, 1.9789882828443053, 1.9789882828443053, 1.9789882828443053, 1.9789882828443053, 1.9789882828443053, 1.9789882828443053, 1.9789882828443053, 1.9789882828443053, 1.9789882828443053, 1.9789882828443053, 1.9789882828443053, 1.9789882828443053, 1.9789882828443053, 1.9789882828443053, 1.9789882828443053, 1.9789882828443053, 1.9789882828443053, 1.9789882828443053, 1.9789882828443053, 1.9789882828443053, 1.9789882828443053, 1.9789882828443053, 1.9789882828443053, 1.9789882828443053, 1.9789882828443053, 1.9789882828443053, 1.9789882828443053, 1.9789882828443053, 1.9789882828443053, 1.9789882828443053, 1.9789882828443053, 1.9789882828443053, 1.9789882828443053, 1.9789882828443053, 1.9789882828443053, 1.9789882828443053, 1.9789882828443053, 1.9789882828443053, 1.9789882828443053, 1.9789882828443053, 1.9789882828443053, 1.9789882828443053, 1.9789882828443053, 1.9789882828443053, 1.9789882828443053], "lambda_reginter": [0.0, 1.4383266382280864, 2.8766532764561727, 4.314979914684259, 5.7533065529123455, 7.191633191140432, 8.629959829368518, 10.068286467596604, 11.506613105824691, 12.944939744052776, 0.0, 1.4383266382280864, 2.8766532764561727, 4.314979914684259, 5.7533065529123455, 7.191633191140432, 8.629959829368518, 10.068286467596604, 11.506613105824691, 12.944939744052776, 0.0, 1.4383266382280864, 2.8766532764561727, 4.314979914684259, 5.7533065529123455, 7.191633191140432, 8.629959829368518, 10.068286467596604, 11.506613105824691, 12.944939744052776, 0.0, 1.4383266382280864, 2.8766532764561727, 4.314979914684259, 5.7533065529123455, 7.191633191140432, 8.629959829368518, 10.068286467596604, 11.506613105824691, 12.944939744052776, 0.0, 1.4383266382280864, 2.8766532764561727, 4.314979914684259, 5.7533065529123455, 7.191633191140432, 8.629959829368518, 10.068286467596604, 11.506613105824691, 12.944939744052776, 0.0, 1.4383266382280864, 2.8766532764561727, 4.314979914684259, 5.7533065529123455, 7.191633191140432, 8.629959829368518, 10.068286467596604, 11.506613105824691, 12.944939744052776, 0.0, 1.4383266382280864, 2.8766532764561727, 4.314979914684259, 5.7533065529123455, 7.191633191140432, 8.629959829368518, 10.068286467596604, 11.506613105824691, 12.944939744052776, 0.0, 1.4383266382280864, 2.8766532764561727, 4.314979914684259, 5.7533065529123455, 7.191633191140432, 8.629959829368518, 10.068286467596604, 11.506613105824691, 12.944939744052776, 0.0, 1.4383266382280864, 2.8766532764561727, 4.314979914684259, 5.7533065529123455, 7.191633191140432, 8.629959829368518, 10.068286467596604, 11.506613105824691, 12.944939744052776, 0.0, 1.4383266382280864, 2.8766532764561727, 4.314979914684259, 5.7533065529123455, 7.191633191140432, 8.629959829368518, 10.068286467596604, 11.506613105824691, 12.944939744052776],