{"n": [1000, 1000, 1000, 1000, 1000, 1000, 1000, 1000, 1000, 1000, 1000, 1000, 1000, 1000, 1000, 1000, 1000, 1000, 1000, 1000, 1000, 1000, 1000, 1000, 1000, 1000, 1000, 1000, 1000, 1000, 1000, 1000, 1000, 1000, 1000, 1000, 1000, 1000, 1000, 1000, 1000, 1000, 1000, 1000, 1000, 1000, 1000, 1000, 1000, 1000, 1000, 1000, 1000, 1000, 1000, 1000, 1000, 1000, 1000, 1000, 1000, 1000, 1000, 1000, 1000, 1000, 1000, 1000, 1000, 1000, 1000, 1000, 1000, 1000, 1000, 1000, 1000, 1000, 1000, 1000, 1000, 1000, 1000, 1000, 1000, 1000, 1000, 1000, 1000, 1000, 1000, 1000, 1000, 1000, 1000, 1000, 1000, 1000, 1000, 1000], "rep": [117, 117, 117, 117, 117, 117, 117, 117, 117, 117, 117, 117, 117, 117, 117, 117, 117, 117, 117, 117, 117, 117, 117, 117, 117, 117, 117, 117, 117, 117, 117, 117, 117, 117, 117, 117, 117, 117, 117, 117, 117, 117, 117, 117, 117, 117, 117, 117, 117, 117, 117, 117, 117, 117, 117, 117, 117, 117, 117, 117, 117, 117, 117, 117, 117, 117, 117, 117, 117, 117, 117, 117, 117, 117, 117, 117, 117, 117, 117, 117, 117, 117, 117, 117, 117, 117, 117, 117, 117, 117, 117, 117, 117, 117, 117, 117, 117, 117, 117, 117], "lambda_reginter_max": [19.060681150146788, 19.060681150146788, 19.060681150146788, 19.060681150146788, 19.060681150146788, 19.060681150146788, 19.060681150146788, 19.060681150146788, 19.060681150146788, 19.060681150146788, 19.060681150146788, 19.060681150146788, 19.060681150146788, 19.060681150146788, 19.060681150146788, 19.060681150146788, 19.060681150146788, 19.060681150146788, 19.060681150146788, 19.060681150146788, 19.060681150146788, 19.060681150146788, 19.060681150146788, 19.060681150146788, 19.060681150146788, 19.060681150146788, 19.060681150146788, 19.060681150146788, 19.060681150146788, 19.060681150146788, 19.060681150146788, 19.060681150146788, 19.060681150146788, 19.060681150146788, 19.060681150146788, 19.060681150146788, 19.060681150146788, 19.060681150146788, 19.060681150146788, 19.060681150146788, 19.060681150146788, 19.060681150146788, 19.060681150146788, 19.060681150146788, 19.060681150146788, 19.060681150146788, 19.060681150146788, 19.060681150146788, 19.060681150146788, 19.060681150146788, 19.060681150146788, 19.060681150146788, 19.060681150146788, 19.060681150146788, 19.060681150146788, 19.060681150146788, 19.060681150146788, 19.060681150146788, 19.060681150146788, 19.060681150146788, 19.060681150146788, 19.060681150146788, 19.060681150146788, 19.060681150146788, 19.060681150146788, 19.060681150146788, 19.060681150146788, 19.060681150146788, 19.060681150146788, 19.060681150146788, 19.060681150146788, 19.060681150146788, 19.060681150146788, 19.060681150146788, 19.060681150146788, 19.060681150146788, 19.060681150146788, 19.060681150146788, 19.060681150146788, 19.060681150146788, 19.060681150146788, 19.060681150146788, 19.060681150146788, 19.060681150146788, 19.060681150146788, 19.060681150146788, 19.060681150146788, 19.060681150146788, 19.060681150146788, 19.060681150146788, 19.060681150146788, 19.060681150146788, 19.060681150146788, 19.060681150146788, 19.060681150146788, 19.060681150146788, 19.060681150146788, 19.060681150146788, 19.060681150146788, 19.060681150146788], "lambda_inter_max": [2.59969256029032, 2.59969256029032, 2.59969256029032, 2.59969256029032, 2.59969256029032, 2.59969256029032, 2.59969256029032, 2.59969256029032, 2.59969256029032, 2.59969256029032, 2.59969256029032, 2.59969256029032, 2.59969256029032, 2.59969256029032, 2.59969256029032, 2.59969256029032, 2.59969256029032, 2.59969256029032, 2.59969256029032, 2.59969256029032, 2.59969256029032, 2.59969256029032, 2.59969256029032, 2.59969256029032, 2.59969256029032, 2.59969256029032, 2.59969256029032, 2.59969256029032, 2.59969256029032, 2.59969256029032, 2.59969256029032, 2.59969256029032, 2.59969256029032, 2.59969256029032, 2.59969256029032, 2.59969256029032, 2.59969256029032, 2.59969256029032, 2.59969256029032, 2.59969256029032, 2.59969256029032, 2.59969256029032, 2.59969256029032, 2.59969256029032, 2.59969256029032, 2.59969256029032, 2.59969256029032, 2.59969256029032, 2.59969256029032, 2.59969256029032, 2.59969256029032, 2.59969256029032, 2.59969256029032, 2.59969256029032, 2.59969256029032, 2.59969256029032, 2.59969256029032, 2.59969256029032, 2.59969256029032, 2.59969256029032, 2.59969256029032, 2.59969256029032, 2.59969256029032, 2.59969256029032, 2.59969256029032, 2.59969256029032, 2.59969256029032, 2.59969256029032, 2.59969256029032, 2.59969256029032, 2.59969256029032, 2.59969256029032, 2.59969256029032, 2.59969256029032, 2.59969256029032, 2.59969256029032, 2.59969256029032, 2.59969256029032, 2.59969256029032, 2.59969256029032, 2.59969256029032, 2.59969256029032, 2.59969256029032, 2.59969256029032, 2.59969256029032, 2.59969256029032, 2.59969256029032, 2.59969256029032, 2.59969256029032, 2.59969256029032, 2.59969256029032, 2.59969256029032, 2.59969256029032, 2.59969256029032, 2.59969256029032, 2.59969256029032, 2.59969256029032, 2.59969256029032, 2.59969256029032, 2.59969256029032], "lambda_reginter": [0.0, 2.117853461127421, 4.235706922254842, 6.353560383382263, 8.471413844509684, 10.589267305637104, 12.707120766764525, 14.824974227891946, 16.942827689019367, 19.060681150146788, 0.0, 2.117853461127421, 4.235706922254842, 6.353560383382263, 8.471413844509684, 10.589267305637104, 12.707120766764525, 14.824974227891946, 16.942827689019367, 19.060681150146788, 0.0, 2.117853461127421, 4.235706922254842, 6.353560383382263, 8.471413844509684, 10.589267305637104, 12.707120766764525, 14.824974227891946, 16.942827689019367, 19.060681150146788, 0.0, 2.117853461127421, 4.235706922254842, 6.353560383382263, 8.471413844509684, 10.589267305637104, 12.707120766764525, 14.824974227891946, 16.942827689019367, 19.060681150146788, 0.0, 2.117853461127421, 4.235706922254842, 6.353560383382263, 8.471413844509684, 10.589267305637104, 12.707120766764525, 14.824974227891946, 16.942827689019367, 19.060681150146788, 0.0, 2.117853461127421, 4.235706922254842, 6.353560383382263, 8.471413844509684, 10.589267305637104, 12.707120766764525, 14.824974227891946, 16.942827689019367, 19.060681150146788, 0.0, 2.117853461127421, 4.235706922254842, 6.353560383382263, 8.471413844509684, 10.589267305637104, 12.707120766764525, 14.824974227891946, 16.942827689019367, 19.060681150146788, 0.0, 2.117853461127421, 4.235706922254842, 6.353560383382263, 8.471413844509684, 10.589267305637104, 12.707120766764525, 14.824974227891946, 16.942827689019367, 19.060681150146788, 0.0, 2.117853461127421, 4.235706922254842, 6.353560383382263, 8.471413844509684, 10.589267305637104, 12.707120766764525, 14.824974227891946, 16.942827689019367, 19.060681150146788, 0.0, 2.117853461127421, 4.235706922254842, 6.353560383382263, 8.471413844509684, 10.589267305637104, 12.707120766764525, 14.824974227891946, 16.942827689019367, 19.060681150146788],