{"n": [500, 500, 500, 500, 500, 500, 500, 500, 500, 500, 500, 500, 500, 500, 500, 500, 500, 500, 500, 500, 500, 500, 500, 500, 500, 500, 500, 500, 500, 500, 500, 500, 500, 500, 500, 500, 500, 500, 500, 500, 500, 500, 500, 500, 500, 500, 500, 500, 500, 500, 500, 500, 500, 500, 500, 500, 500, 500, 500, 500, 500, 500, 500, 500, 500, 500, 500, 500, 500, 500, 500, 500, 500, 500, 500, 500, 500, 500, 500, 500, 500, 500, 500, 500, 500, 500, 500, 500, 500, 500, 500, 500, 500, 500, 500, 500, 500, 500, 500, 500], "rep": [27, 27, 27, 27, 27, 27, 27, 27, 27, 27, 27, 27, 27, 27, 27, 27, 27, 27, 27, 27, 27, 27, 27, 27, 27, 27, 27, 27, 27, 27, 27, 27, 27, 27, 27, 27, 27, 27, 27, 27, 27, 27, 27, 27, 27, 27, 27, 27, 27, 27, 27, 27, 27, 27, 27, 27, 27, 27, 27, 27, 27, 27, 27, 27, 27, 27, 27, 27, 27, 27, 27, 27, 27, 27, 27, 27, 27, 27, 27, 27, 27, 27, 27, 27, 27, 27, 27, 27, 27, 27, 27, 27, 27, 27, 27, 27, 27, 27, 27, 27], "lambda_reginter_max": [11.286024275979942, 11.286024275979942, 11.286024275979942, 11.286024275979942, 11.286024275979942, 11.286024275979942, 11.286024275979942, 11.286024275979942, 11.286024275979942, 11.286024275979942, 11.286024275979942, 11.286024275979942, 11.286024275979942, 11.286024275979942, 11.286024275979942, 11.286024275979942, 11.286024275979942, 11.286024275979942, 11.286024275979942, 11.286024275979942, 11.286024275979942, 11.286024275979942, 11.286024275979942, 11.286024275979942, 11.286024275979942, 11.286024275979942, 11.286024275979942, 11.286024275979942, 11.286024275979942, 11.286024275979942, 11.286024275979942, 11.286024275979942, 11.286024275979942, 11.286024275979942, 11.286024275979942, 11.286024275979942, 11.286024275979942, 11.286024275979942, 11.286024275979942, 11.286024275979942, 11.286024275979942, 11.286024275979942, 11.286024275979942, 11.286024275979942, 11.286024275979942, 11.286024275979942, 11.286024275979942, 11.286024275979942, 11.286024275979942, 11.286024275979942, 11.286024275979942, 11.286024275979942, 11.286024275979942, 11.286024275979942, 11.286024275979942, 11.286024275979942, 11.286024275979942, 11.286024275979942, 11.286024275979942, 11.286024275979942, 11.286024275979942, 11.286024275979942, 11.286024275979942, 11.286024275979942, 11.286024275979942, 11.286024275979942, 11.286024275979942, 11.286024275979942, 11.286024275979942, 11.286024275979942, 11.286024275979942, 11.286024275979942, 11.286024275979942, 11.286024275979942, 11.286024275979942, 11.286024275979942, 11.286024275979942, 11.286024275979942, 11.286024275979942, 11.286024275979942, 11.286024275979942, 11.286024275979942, 11.286024275979942, 11.286024275979942, 11.286024275979942, 11.286024275979942, 11.286024275979942, 11.286024275979942, 11.286024275979942, 11.286024275979942, 11.286024275979942, 11.286024275979942, 11.286024275979942, 11.286024275979942, 11.286024275979942, 11.286024275979942, 11.286024275979942, 11.286024275979942, 11.286024275979942, 11.286024275979942], "lambda_inter_max": [2.0701653218612797, 2.0701653218612797, 2.0701653218612797, 2.0701653218612797, 2.0701653218612797, 2.0701653218612797, 2.0701653218612797, 2.0701653218612797, 2.0701653218612797, 2.0701653218612797, 2.0701653218612797, 2.0701653218612797, 2.0701653218612797, 2.0701653218612797, 2.0701653218612797, 2.0701653218612797, 2.0701653218612797, 2.0701653218612797, 2.0701653218612797, 2.0701653218612797, 2.0701653218612797, 2.0701653218612797, 2.0701653218612797, 2.0701653218612797, 2.0701653218612797, 2.0701653218612797, 2.0701653218612797, 2.0701653218612797, 2.0701653218612797, 2.0701653218612797, 2.0701653218612797, 2.0701653218612797, 2.0701653218612797, 2.0701653218612797, 2.0701653218612797, 2.0701653218612797, 2.0701653218612797, 2.0701653218612797, 2.0701653218612797, 2.0701653218612797, 2.0701653218612797, 2.0701653218612797, 2.0701653218612797, 2.0701653218612797, 2.0701653218612797, 2.0701653218612797, 2.0701653218612797, 2.0701653218612797, 2.0701653218612797, 2.0701653218612797, 2.0701653218612797, 2.0701653218612797, 2.0701653218612797, 2.0701653218612797, 2.0701653218612797, 2.0701653218612797, 2.0701653218612797, 2.0701653218612797, 2.0701653218612797, 2.0701653218612797, 2.0701653218612797, 2.0701653218612797, 2.0701653218612797, 2.0701653218612797, 2.0701653218612797, 2.0701653218612797, 2.0701653218612797, 2.0701653218612797, 2.0701653218612797, 2.0701653218612797, 2.0701653218612797, 2.0701653218612797, 2.0701653218612797, 2.0701653218612797, 2.0701653218612797, 2.0701653218612797, 2.0701653218612797, 2.0701653218612797, 2.0701653218612797, 2.0701653218612797, 2.0701653218612797, 2.0701653218612797, 2.0701653218612797, 2.0701653218612797, 2.0701653218612797, 2.0701653218612797, 2.0701653218612797, 2.0701653218612797, 2.0701653218612797, 2.0701653218612797, 2.0701653218612797, 2.0701653218612797, 2.0701653218612797, 2.0701653218612797, 2.0701653218612797, 2.0701653218612797, 2.0701653218612797, 2.0701653218612797, 2.0701653218612797, 2.0701653218612797], "lambda_reginter": [0.0, 1.2540026973311047, 2.5080053946622094, 3.762008091993314, 5.016010789324419, 6.2700134866555235, 7.524016183986628, 8.778018881317733, 10.032021578648838, 11.286024275979942, 0.0, 1.2540026973311047, 2.5080053946622094, 3.762008091993314, 5.016010789324419, 6.2700134866555235, 7.524016183986628, 8.778018881317733, 10.032021578648838, 11.286024275979942, 0.0, 1.2540026973311047, 2.5080053946622094, 3.762008091993314, 5.016010789324419, 6.2700134866555235, 7.524016183986628, 8.778018881317733, 10.032021578648838, 11.286024275979942, 0.0, 1.2540026973311047, 2.5080053946622094, 3.762008091993314, 5.016010789324419, 6.2700134866555235, 7.524016183986628, 8.778018881317733, 10.032021578648838, 11.286024275979942, 0.0, 1.2540026973311047, 2.5080053946622094, 3.762008091993314, 5.016010789324419, 6.2700134866555235, 7.524016183986628, 8.778018881317733, 10.032021578648838, 11.286024275979942, 0.0, 1.2540026973311047, 2.5080053946622094, 3.762008091993314, 5.016010789324419, 6.2700134866555235, 7.524016183986628, 8.778018881317733, 10.032021578648838, 11.286024275979942, 0.0, 1.2540026973311047, 2.5080053946622094, 3.762008091993314, 5.016010789324419, 6.2700134866555235, 7.524016183986628, 8.778018881317733, 10.032021578648838, 11.286024275979942, 0.0, 1.2540026973311047, 2.5080053946622094, 3.762008091993314, 5.016010789324419, 6.2700134866555235, 7.524016183986628, 8.778018881317733, 10.032021578648838, 11.286024275979942, 0.0, 1.2540026973311047, 2.5080053946622094, 3.762008091993314, 5.016010789324419, 6.2700134866555235, 7.524016183986628, 8.778018881317733, 10.032021578648838, 11.286024275979942, 0.0, 1.2540026973311047, 2.5080053946622094, 3.762008091993314, 5.016010789324419, 6.2700134866555235, 7.524016183986628, 8.778018881317733, 10.032021578648838, 11.286024275979942],