{"n": [200, 200, 200, 200, 200, 200, 200, 200, 200, 200, 200, 200, 200, 200, 200, 200, 200, 200, 200, 200, 200, 200, 200, 200, 200, 200, 200, 200, 200, 200, 200, 200, 200, 200, 200, 200, 200, 200, 200, 200, 200, 200, 200, 200, 200, 200, 200, 200, 200, 200, 200, 200, 200, 200, 200, 200, 200, 200, 200, 200, 200, 200, 200, 200, 200, 200, 200, 200, 200, 200, 200, 200, 200, 200, 200, 200, 200, 200, 200, 200, 200, 200, 200, 200, 200, 200, 200, 200, 200, 200, 200, 200, 200, 200, 200, 200, 200, 200, 200, 200], "rep": [32, 32, 32, 32, 32, 32, 32, 32, 32, 32, 32, 32, 32, 32, 32, 32, 32, 32, 32, 32, 32, 32, 32, 32, 32, 32, 32, 32, 32, 32, 32, 32, 32, 32, 32, 32, 32, 32, 32, 32, 32, 32, 32, 32, 32, 32, 32, 32, 32, 32, 32, 32, 32, 32, 32, 32, 32, 32, 32, 32, 32, 32, 32, 32, 32, 32, 32, 32, 32, 32, 32, 32, 32, 32, 32, 32, 32, 32, 32, 32, 32, 32, 32, 32, 32, 32, 32, 32, 32, 32, 32, 32, 32, 32, 32, 32, 32, 32, 32, 32], "lambda_reginter_max": [33.37043148536294, 33.37043148536294, 33.37043148536294, 33.37043148536294, 33.37043148536294, 33.37043148536294, 33.37043148536294, 33.37043148536294, 33.37043148536294, 33.37043148536294, 33.37043148536294, 33.37043148536294, 33.37043148536294, 33.37043148536294, 33.37043148536294, 33.37043148536294, 33.37043148536294, 33.37043148536294, 33.37043148536294, 33.37043148536294, 33.37043148536294, 33.37043148536294, 33.37043148536294, 33.37043148536294, 33.37043148536294, 33.37043148536294, 33.37043148536294, 33.37043148536294, 33.37043148536294, 33.37043148536294, 33.37043148536294, 33.37043148536294, 33.37043148536294, 33.37043148536294, 33.37043148536294, 33.37043148536294, 33.37043148536294, 33.37043148536294, 33.37043148536294, 33.37043148536294, 33.37043148536294, 33.37043148536294, 33.37043148536294, 33.37043148536294, 33.37043148536294, 33.37043148536294, 33.37043148536294, 33.37043148536294, 33.37043148536294, 33.37043148536294, 33.37043148536294, 33.37043148536294, 33.37043148536294, 33.37043148536294, 33.37043148536294, 33.37043148536294, 33.37043148536294, 33.37043148536294, 33.37043148536294, 33.37043148536294, 33.37043148536294, 33.37043148536294, 33.37043148536294, 33.37043148536294, 33.37043148536294, 33.37043148536294, 33.37043148536294, 33.37043148536294, 33.37043148536294, 33.37043148536294, 33.37043148536294, 33.37043148536294, 33.37043148536294, 33.37043148536294, 33.37043148536294, 33.37043148536294, 33.37043148536294, 33.37043148536294, 33.37043148536294, 33.37043148536294, 33.37043148536294, 33.37043148536294, 33.37043148536294, 33.37043148536294, 33.37043148536294, 33.37043148536294, 33.37043148536294, 33.37043148536294, 33.37043148536294, 33.37043148536294, 33.37043148536294, 33.37043148536294, 33.37043148536294, 33.37043148536294, 33.37043148536294, 33.37043148536294, 33.37043148536294, 33.37043148536294, 33.37043148536294, 33.37043148536294], "lambda_inter_max": [2.9499189348316084, 2.9499189348316084, 2.9499189348316084, 2.9499189348316084, 2.9499189348316084, 2.9499189348316084, 2.9499189348316084, 2.9499189348316084, 2.9499189348316084, 2.9499189348316084, 2.9499189348316084, 2.9499189348316084, 2.9499189348316084, 2.9499189348316084, 2.9499189348316084, 2.9499189348316084, 2.9499189348316084, 2.9499189348316084, 2.9499189348316084, 2.9499189348316084, 2.9499189348316084, 2.9499189348316084, 2.9499189348316084, 2.9499189348316084, 2.9499189348316084, 2.9499189348316084, 2.9499189348316084, 2.9499189348316084, 2.9499189348316084, 2.9499189348316084, 2.9499189348316084, 2.9499189348316084, 2.9499189348316084, 2.9499189348316084, 2.9499189348316084, 2.9499189348316084, 2.9499189348316084, 2.9499189348316084, 2.9499189348316084, 2.9499189348316084, 2.9499189348316084, 2.9499189348316084, 2.9499189348316084, 2.9499189348316084, 2.9499189348316084, 2.9499189348316084, 2.9499189348316084, 2.9499189348316084, 2.9499189348316084, 2.9499189348316084, 2.9499189348316084, 2.9499189348316084, 2.9499189348316084, 2.9499189348316084, 2.9499189348316084, 2.9499189348316084, 2.9499189348316084, 2.9499189348316084, 2.9499189348316084, 2.9499189348316084, 2.9499189348316084, 2.9499189348316084, 2.9499189348316084, 2.9499189348316084, 2.9499189348316084, 2.9499189348316084, 2.9499189348316084, 2.9499189348316084, 2.9499189348316084, 2.9499189348316084, 2.9499189348316084, 2.9499189348316084, 2.9499189348316084, 2.9499189348316084, 2.9499189348316084, 2.9499189348316084, 2.9499189348316084, 2.9499189348316084, 2.9499189348316084, 2.9499189348316084, 2.9499189348316084, 2.9499189348316084, 2.9499189348316084, 2.9499189348316084, 2.9499189348316084, 2.9499189348316084, 2.9499189348316084, 2.9499189348316084, 2.9499189348316084, 2.9499189348316084, 2.9499189348316084, 2.9499189348316084, 2.9499189348316084, 2.9499189348316084, 2.9499189348316084, 2.9499189348316084, 2.9499189348316084, 2.9499189348316084, 2.9499189348316084, 2.9499189348316084], "lambda_reginter": [0.0, 3.7078257205958827, 7.415651441191765, 11.123477161787648, 14.83130288238353, 18.539128602979414, 22.246954323575295, 25.95478004417118, 29.66260576476706, 33.37043148536294, 0.0, 3.7078257205958827, 7.415651441191765, 11.123477161787648, 14.83130288238353, 18.539128602979414, 22.246954323575295, 25.95478004417118, 29.66260576476706, 33.37043148536294, 0.0, 3.7078257205958827, 7.415651441191765, 11.123477161787648, 14.83130288238353, 18.539128602979414, 22.246954323575295, 25.95478004417118, 29.66260576476706, 33.37043148536294, 0.0, 3.7078257205958827, 7.415651441191765, 11.123477161787648, 14.83130288238353, 18.539128602979414, 22.246954323575295, 25.95478004417118, 29.66260576476706, 33.37043148536294, 0.0, 3.7078257205958827, 7.415651441191765, 11.123477161787648, 14.83130288238353, 18.539128602979414, 22.246954323575295, 25.95478004417118, 29.66260576476706, 33.37043148536294, 0.0, 3.7078257205958827, 7.415651441191765, 11.123477161787648, 14.83130288238353, 18.539128602979414, 22.246954323575295, 25.95478004417118, 29.66260576476706, 33.37043148536294, 0.0, 3.7078257205958827, 7.415651441191765, 11.123477161787648, 14.83130288238353, 18.539128602979414, 22.246954323575295, 25.95478004417118, 29.66260576476706, 33.37043148536294, 0.0, 3.7078257205958827, 7.415651441191765, 11.123477161787648, 14.83130288238353, 18.539128602979414, 22.246954323575295, 25.95478004417118, 29.66260576476706, 33.37043148536294, 0.0, 3.7078257205958827, 7.415651441191765, 11.123477161787648, 14.83130288238353, 18.539128602979414, 22.246954323575295, 25.95478004417118, 29.66260576476706, 33.37043148536294, 0.0, 3.7078257205958827, 7.415651441191765, 11.123477161787648, 14.83130288238353, 18.539128602979414, 22.246954323575295, 25.95478004417118, 29.66260576476706, 33.37043148536294],