{"lambda_reginter_max": 3.7490847632816813, "lambda_inter_max": 0.062408944802573495}