{"n": [1000], "rep": [0], "lambda_reginter_max": [0.053366788230572074], "lambda_inter_max": [0.1410322013138526], "lambda_reginter": [0.053366788230572074], "lambda_inter": [0.1410322013138526], "i_lambda_reginter": [0], "i_lambda_inter": [0], "time_pnopt": [16.456457750999995], "time_refit": [4.282171023000004], "FPR_VS": [0.0], "FNR_VS": [0.0], "FPR_CI": [0.0], "FNR_CI": [0.0], "FPR_CI_SH": [0.0], "FNR_CI_SH": [0.0], "AUC_TEST": [0.6580196887087935], "AUC_TEST_pop": [0.5930013480485297], "AUC_VAL": [0.6662996697027325], "ELL_VAL": [1.3543469403393404], "AIC": [270265.64973623795], "BIC": [271836.13142551226], "JR_PEN": [0.7594215097648901], "JR_PER": [1.0739841986673595], "JR_SA": [49.41322597638938], "JSPN_PEN": [0.9231087645448678], "JSPN_PER": [1.3054729343648244], "JSPN_SA": [67.38487891578228]}