{"lambda_reginter_max": 45.696751923193084, "lambda_inter_max": 0.4893971716358254}