{"lambda_reginter_max": 2.4413063500242473, "lambda_inter_max": 1.2695678053330615}