{"n": [200], "rep": [0], "lambda_reginter_max": [0.1201918552536961], "lambda_inter_max": [0.18784492342438508], "lambda_reginter": [0.1201918552536961], "lambda_inter": [0.18784492342438508], "i_lambda_reginter": [0], "i_lambda_inter": [0], "time_pnopt": [13.931972760999997], "time_refit": [6.259182779], "FPR_VS": [0.0], "FNR_VS": [0.0], "FPR_CI": [0.0], "FNR_CI": [0.0], "FPR_CI_SH": [0.0], "FNR_CI_SH": [0.0], "AUC_TEST": [0.629470660943794], "AUC_TEST_pop": [0.5930013480485297], "AUC_VAL": [0.6490921829646681], "ELL_VAL": [1.366134475624139], "AIC": [54363.51237156262], "BIC": [55418.97392885799], "JR_PEN": [0.8581827725555354], "JR_PER": [1.2136537159429834], "JR_SA": [59.113152920954576], "JSPN_PEN": [0.9473082219642806], "JSPN_PER": [1.339696135249428], "JSPN_SA": [71.31751122158596]}