{"n": [500, 500, 500, 500, 500, 500, 500, 500, 500, 500, 500, 500, 500, 500, 500, 500, 500, 500, 500, 500, 500, 500, 500, 500, 500, 500, 500, 500, 500, 500, 500, 500, 500, 500, 500, 500, 500, 500, 500, 500, 500, 500, 500, 500, 500, 500, 500, 500, 500, 500, 500, 500, 500, 500, 500, 500, 500, 500, 500, 500, 500, 500, 500, 500, 500, 500, 500, 500, 500, 500, 500, 500, 500, 500, 500, 500, 500, 500, 500, 500, 500, 500, 500, 500, 500, 500, 500, 500, 500, 500, 500, 500, 500, 500, 500, 500, 500, 500, 500, 500], "rep": [97, 97, 97, 97, 97, 97, 97, 97, 97, 97, 97, 97, 97, 97, 97, 97, 97, 97, 97, 97, 97, 97, 97, 97, 97, 97, 97, 97, 97, 97, 97, 97, 97, 97, 97, 97, 97, 97, 97, 97, 97, 97, 97, 97, 97, 97, 97, 97, 97, 97, 97, 97, 97, 97, 97, 97, 97, 97, 97, 97, 97, 97, 97, 97, 97, 97, 97, 97, 97, 97, 97, 97, 97, 97, 97, 97, 97, 97, 97, 97, 97, 97, 97, 97, 97, 97, 97, 97, 97, 97, 97, 97, 97, 97, 97, 97, 97, 97, 97, 97], "lambda_reginter_max": [21.264531554825144, 21.264531554825144, 21.264531554825144, 21.264531554825144, 21.264531554825144, 21.264531554825144, 21.264531554825144, 21.264531554825144, 21.264531554825144, 21.264531554825144, 21.264531554825144, 21.264531554825144, 21.264531554825144, 21.264531554825144, 21.264531554825144, 21.264531554825144, 21.264531554825144, 21.264531554825144, 21.264531554825144, 21.264531554825144, 21.264531554825144, 21.264531554825144, 21.264531554825144, 21.264531554825144, 21.264531554825144, 21.264531554825144, 21.264531554825144, 21.264531554825144, 21.264531554825144, 21.264531554825144, 21.264531554825144, 21.264531554825144, 21.264531554825144, 21.264531554825144, 21.264531554825144, 21.264531554825144, 21.264531554825144, 21.264531554825144, 21.264531554825144, 21.264531554825144, 21.264531554825144, 21.264531554825144, 21.264531554825144, 21.264531554825144, 21.264531554825144, 21.264531554825144, 21.264531554825144, 21.264531554825144, 21.264531554825144, 21.264531554825144, 21.264531554825144, 21.264531554825144, 21.264531554825144, 21.264531554825144, 21.264531554825144, 21.264531554825144, 21.264531554825144, 21.264531554825144, 21.264531554825144, 21.264531554825144, 21.264531554825144, 21.264531554825144, 21.264531554825144, 21.264531554825144, 21.264531554825144, 21.264531554825144, 21.264531554825144, 21.264531554825144, 21.264531554825144, 21.264531554825144, 21.264531554825144, 21.264531554825144, 21.264531554825144, 21.264531554825144, 21.264531554825144, 21.264531554825144, 21.264531554825144, 21.264531554825144, 21.264531554825144, 21.264531554825144, 21.264531554825144, 21.264531554825144, 21.264531554825144, 21.264531554825144, 21.264531554825144, 21.264531554825144, 21.264531554825144, 21.264531554825144, 21.264531554825144, 21.264531554825144, 21.264531554825144, 21.264531554825144, 21.264531554825144, 21.264531554825144, 21.264531554825144, 21.264531554825144, 21.264531554825144, 21.264531554825144, 21.264531554825144, 21.264531554825144], "lambda_inter_max": [2.6745657829974845, 2.6745657829974845, 2.6745657829974845, 2.6745657829974845, 2.6745657829974845, 2.6745657829974845, 2.6745657829974845, 2.6745657829974845, 2.6745657829974845, 2.6745657829974845, 2.6745657829974845, 2.6745657829974845, 2.6745657829974845, 2.6745657829974845, 2.6745657829974845, 2.6745657829974845, 2.6745657829974845, 2.6745657829974845, 2.6745657829974845, 2.6745657829974845, 2.6745657829974845, 2.6745657829974845, 2.6745657829974845, 2.6745657829974845, 2.6745657829974845, 2.6745657829974845, 2.6745657829974845, 2.6745657829974845, 2.6745657829974845, 2.6745657829974845, 2.6745657829974845, 2.6745657829974845, 2.6745657829974845, 2.6745657829974845, 2.6745657829974845, 2.6745657829974845, 2.6745657829974845, 2.6745657829974845, 2.6745657829974845, 2.6745657829974845, 2.6745657829974845, 2.6745657829974845, 2.6745657829974845, 2.6745657829974845, 2.6745657829974845, 2.6745657829974845, 2.6745657829974845, 2.6745657829974845, 2.6745657829974845, 2.6745657829974845, 2.6745657829974845, 2.6745657829974845, 2.6745657829974845, 2.6745657829974845, 2.6745657829974845, 2.6745657829974845, 2.6745657829974845, 2.6745657829974845, 2.6745657829974845, 2.6745657829974845, 2.6745657829974845, 2.6745657829974845, 2.6745657829974845, 2.6745657829974845, 2.6745657829974845, 2.6745657829974845, 2.6745657829974845, 2.6745657829974845, 2.6745657829974845, 2.6745657829974845, 2.6745657829974845, 2.6745657829974845, 2.6745657829974845, 2.6745657829974845, 2.6745657829974845, 2.6745657829974845, 2.6745657829974845, 2.6745657829974845, 2.6745657829974845, 2.6745657829974845, 2.6745657829974845, 2.6745657829974845, 2.6745657829974845, 2.6745657829974845, 2.6745657829974845, 2.6745657829974845, 2.6745657829974845, 2.6745657829974845, 2.6745657829974845, 2.6745657829974845, 2.6745657829974845, 2.6745657829974845, 2.6745657829974845, 2.6745657829974845, 2.6745657829974845, 2.6745657829974845, 2.6745657829974845, 2.6745657829974845, 2.6745657829974845, 2.6745657829974845], "lambda_reginter": [0.0, 2.362725728313905, 4.72545145662781, 7.088177184941715, 9.45090291325562, 11.813628641569524, 14.17635436988343, 16.539080098197335, 18.90180582651124, 21.264531554825144, 0.0, 2.362725728313905, 4.72545145662781, 7.088177184941715, 9.45090291325562, 11.813628641569524, 14.17635436988343, 16.539080098197335, 18.90180582651124, 21.264531554825144, 0.0, 2.362725728313905, 4.72545145662781, 7.088177184941715, 9.45090291325562, 11.813628641569524, 14.17635436988343, 16.539080098197335, 18.90180582651124, 21.264531554825144, 0.0, 2.362725728313905, 4.72545145662781, 7.088177184941715, 9.45090291325562, 11.813628641569524, 14.17635436988343, 16.539080098197335, 18.90180582651124, 21.264531554825144, 0.0, 2.362725728313905, 4.72545145662781, 7.088177184941715, 9.45090291325562, 11.813628641569524, 14.17635436988343, 16.539080098197335, 18.90180582651124, 21.264531554825144, 0.0, 2.362725728313905, 4.72545145662781, 7.088177184941715, 9.45090291325562, 11.813628641569524, 14.17635436988343, 16.539080098197335, 18.90180582651124, 21.264531554825144, 0.0, 2.362725728313905, 4.72545145662781, 7.088177184941715, 9.45090291325562, 11.813628641569524, 14.17635436988343, 16.539080098197335, 18.90180582651124, 21.264531554825144, 0.0, 2.362725728313905, 4.72545145662781, 7.088177184941715, 9.45090291325562, 11.813628641569524, 14.17635436988343, 16.539080098197335, 18.90180582651124, 21.264531554825144, 0.0, 2.362725728313905, 4.72545145662781, 7.088177184941715, 9.45090291325562, 11.813628641569524, 14.17635436988343, 16.539080098197335, 18.90180582651124, 21.264531554825144, 0.0, 2.362725728313905, 4.72545145662781, 7.088177184941715, 9.45090291325562, 11.813628641569524, 14.17635436988343, 16.539080098197335, 18.90180582651124, 21.264531554825144],