{"lambda_reginter_max": 3.715870956518369, "lambda_inter_max": 1.477185721573103}