{"lambda_reginter_max": 8.549016714633296, "lambda_inter_max": 2.3484891907435657}