{"lambda_reginter_max": 8.33328462560766, "lambda_inter_max": 2.3438843011619155}