{"n": [1000, 1000, 1000, 1000, 1000, 1000, 1000, 1000, 1000, 1000, 1000, 1000, 1000, 1000, 1000, 1000, 1000, 1000, 1000, 1000, 1000, 1000, 1000, 1000, 1000, 1000, 1000, 1000, 1000, 1000, 1000, 1000, 1000, 1000, 1000, 1000, 1000, 1000, 1000, 1000, 1000, 1000, 1000, 1000, 1000, 1000, 1000, 1000, 1000, 1000, 1000, 1000, 1000, 1000, 1000, 1000, 1000, 1000, 1000, 1000, 1000, 1000, 1000, 1000, 1000, 1000, 1000, 1000, 1000, 1000, 1000, 1000, 1000, 1000, 1000, 1000, 1000, 1000, 1000, 1000, 1000, 1000, 1000, 1000, 1000, 1000, 1000, 1000, 1000, 1000, 1000, 1000, 1000, 1000, 1000, 1000, 1000, 1000, 1000, 1000], "rep": [61, 61, 61, 61, 61, 61, 61, 61, 61, 61, 61, 61, 61, 61, 61, 61, 61, 61, 61, 61, 61, 61, 61, 61, 61, 61, 61, 61, 61, 61, 61, 61, 61, 61, 61, 61, 61, 61, 61, 61, 61, 61, 61, 61, 61, 61, 61, 61, 61, 61, 61, 61, 61, 61, 61, 61, 61, 61, 61, 61, 61, 61, 61, 61, 61, 61, 61, 61, 61, 61, 61, 61, 61, 61, 61, 61, 61, 61, 61, 61, 61, 61, 61, 61, 61, 61, 61, 61, 61, 61, 61, 61, 61, 61, 61, 61, 61, 61, 61, 61], "lambda_reginter_max": [13.671784025391798, 13.671784025391798, 13.671784025391798, 13.671784025391798, 13.671784025391798, 13.671784025391798, 13.671784025391798, 13.671784025391798, 13.671784025391798, 13.671784025391798, 13.671784025391798, 13.671784025391798, 13.671784025391798, 13.671784025391798, 13.671784025391798, 13.671784025391798, 13.671784025391798, 13.671784025391798, 13.671784025391798, 13.671784025391798, 13.671784025391798, 13.671784025391798, 13.671784025391798, 13.671784025391798, 13.671784025391798, 13.671784025391798, 13.671784025391798, 13.671784025391798, 13.671784025391798, 13.671784025391798, 13.671784025391798, 13.671784025391798, 13.671784025391798, 13.671784025391798, 13.671784025391798, 13.671784025391798, 13.671784025391798, 13.671784025391798, 13.671784025391798, 13.671784025391798, 13.671784025391798, 13.671784025391798, 13.671784025391798, 13.671784025391798, 13.671784025391798, 13.671784025391798, 13.671784025391798, 13.671784025391798, 13.671784025391798, 13.671784025391798, 13.671784025391798, 13.671784025391798, 13.671784025391798, 13.671784025391798, 13.671784025391798, 13.671784025391798, 13.671784025391798, 13.671784025391798, 13.671784025391798, 13.671784025391798, 13.671784025391798, 13.671784025391798, 13.671784025391798, 13.671784025391798, 13.671784025391798, 13.671784025391798, 13.671784025391798, 13.671784025391798, 13.671784025391798, 13.671784025391798, 13.671784025391798, 13.671784025391798, 13.671784025391798, 13.671784025391798, 13.671784025391798, 13.671784025391798, 13.671784025391798, 13.671784025391798, 13.671784025391798, 13.671784025391798, 13.671784025391798, 13.671784025391798, 13.671784025391798, 13.671784025391798, 13.671784025391798, 13.671784025391798, 13.671784025391798, 13.671784025391798, 13.671784025391798, 13.671784025391798, 13.671784025391798, 13.671784025391798, 13.671784025391798, 13.671784025391798, 13.671784025391798, 13.671784025391798, 13.671784025391798, 13.671784025391798, 13.671784025391798, 13.671784025391798], "lambda_inter_max": [2.069231639500965, 2.069231639500965, 2.069231639500965, 2.069231639500965, 2.069231639500965, 2.069231639500965, 2.069231639500965, 2.069231639500965, 2.069231639500965, 2.069231639500965, 2.069231639500965, 2.069231639500965, 2.069231639500965, 2.069231639500965, 2.069231639500965, 2.069231639500965, 2.069231639500965, 2.069231639500965, 2.069231639500965, 2.069231639500965, 2.069231639500965, 2.069231639500965, 2.069231639500965, 2.069231639500965, 2.069231639500965, 2.069231639500965, 2.069231639500965, 2.069231639500965, 2.069231639500965, 2.069231639500965, 2.069231639500965, 2.069231639500965, 2.069231639500965, 2.069231639500965, 2.069231639500965, 2.069231639500965, 2.069231639500965, 2.069231639500965, 2.069231639500965, 2.069231639500965, 2.069231639500965, 2.069231639500965, 2.069231639500965, 2.069231639500965, 2.069231639500965, 2.069231639500965, 2.069231639500965, 2.069231639500965, 2.069231639500965, 2.069231639500965, 2.069231639500965, 2.069231639500965, 2.069231639500965, 2.069231639500965, 2.069231639500965, 2.069231639500965, 2.069231639500965, 2.069231639500965, 2.069231639500965, 2.069231639500965, 2.069231639500965, 2.069231639500965, 2.069231639500965, 2.069231639500965, 2.069231639500965, 2.069231639500965, 2.069231639500965, 2.069231639500965, 2.069231639500965, 2.069231639500965, 2.069231639500965, 2.069231639500965, 2.069231639500965, 2.069231639500965, 2.069231639500965, 2.069231639500965, 2.069231639500965, 2.069231639500965, 2.069231639500965, 2.069231639500965, 2.069231639500965, 2.069231639500965, 2.069231639500965, 2.069231639500965, 2.069231639500965, 2.069231639500965, 2.069231639500965, 2.069231639500965, 2.069231639500965, 2.069231639500965, 2.069231639500965, 2.069231639500965, 2.069231639500965, 2.069231639500965, 2.069231639500965, 2.069231639500965, 2.069231639500965, 2.069231639500965, 2.069231639500965, 2.069231639500965], "lambda_reginter": [0.0, 1.519087113932422, 3.038174227864844, 4.5572613417972665, 6.076348455729688, 7.59543556966211, 9.114522683594533, 10.633609797526955, 12.152696911459376, 13.671784025391798, 0.0, 1.519087113932422, 3.038174227864844, 4.5572613417972665, 6.076348455729688, 7.59543556966211, 9.114522683594533, 10.633609797526955, 12.152696911459376, 13.671784025391798, 0.0, 1.519087113932422, 3.038174227864844, 4.5572613417972665, 6.076348455729688, 7.59543556966211, 9.114522683594533, 10.633609797526955, 12.152696911459376, 13.671784025391798, 0.0, 1.519087113932422, 3.038174227864844, 4.5572613417972665, 6.076348455729688, 7.59543556966211, 9.114522683594533, 10.633609797526955, 12.152696911459376, 13.671784025391798, 0.0, 1.519087113932422, 3.038174227864844, 4.5572613417972665, 6.076348455729688, 7.59543556966211, 9.114522683594533, 10.633609797526955, 12.152696911459376, 13.671784025391798, 0.0, 1.519087113932422, 3.038174227864844, 4.5572613417972665, 6.076348455729688, 7.59543556966211, 9.114522683594533, 10.633609797526955, 12.152696911459376, 13.671784025391798, 0.0, 1.519087113932422, 3.038174227864844, 4.5572613417972665, 6.076348455729688, 7.59543556966211, 9.114522683594533, 10.633609797526955, 12.152696911459376, 13.671784025391798, 0.0, 1.519087113932422, 3.038174227864844, 4.5572613417972665, 6.076348455729688, 7.59543556966211, 9.114522683594533, 10.633609797526955, 12.152696911459376, 13.671784025391798, 0.0, 1.519087113932422, 3.038174227864844, 4.5572613417972665, 6.076348455729688, 7.59543556966211, 9.114522683594533, 10.633609797526955, 12.152696911459376, 13.671784025391798, 0.0, 1.519087113932422, 3.038174227864844, 4.5572613417972665, 6.076348455729688, 7.59543556966211, 9.114522683594533, 10.633609797526955, 12.152696911459376, 13.671784025391798],