{"lambda_reginter_max": 3.966179961150128, "lambda_inter_max": 0.02286161677779392}