{"n": [1000, 1000, 1000, 1000, 1000, 1000, 1000, 1000, 1000, 1000, 1000, 1000, 1000, 1000, 1000, 1000, 1000, 1000, 1000, 1000, 1000, 1000, 1000, 1000, 1000, 1000, 1000, 1000, 1000, 1000, 1000, 1000, 1000, 1000, 1000, 1000, 1000, 1000, 1000, 1000, 1000, 1000, 1000, 1000, 1000, 1000, 1000, 1000, 1000, 1000, 1000, 1000, 1000, 1000, 1000, 1000, 1000, 1000, 1000, 1000, 1000, 1000, 1000, 1000, 1000, 1000, 1000, 1000, 1000, 1000, 1000, 1000, 1000, 1000, 1000, 1000, 1000, 1000, 1000, 1000, 1000, 1000, 1000, 1000, 1000, 1000, 1000, 1000, 1000, 1000, 1000, 1000, 1000, 1000, 1000, 1000, 1000, 1000, 1000, 1000], "rep": [6, 6, 6, 6, 6, 6, 6, 6, 6, 6, 6, 6, 6, 6, 6, 6, 6, 6, 6, 6, 6, 6, 6, 6, 6, 6, 6, 6, 6, 6, 6, 6, 6, 6, 6, 6, 6, 6, 6, 6, 6, 6, 6, 6, 6, 6, 6, 6, 6, 6, 6, 6, 6, 6, 6, 6, 6, 6, 6, 6, 6, 6, 6, 6, 6, 6, 6, 6, 6, 6, 6, 6, 6, 6, 6, 6, 6, 6, 6, 6, 6, 6, 6, 6, 6, 6, 6, 6, 6, 6, 6, 6, 6, 6, 6, 6, 6, 6, 6, 6], "lambda_reginter_max": [20.75118109524235, 20.75118109524235, 20.75118109524235, 20.75118109524235, 20.75118109524235, 20.75118109524235, 20.75118109524235, 20.75118109524235, 20.75118109524235, 20.75118109524235, 20.75118109524235, 20.75118109524235, 20.75118109524235, 20.75118109524235, 20.75118109524235, 20.75118109524235, 20.75118109524235, 20.75118109524235, 20.75118109524235, 20.75118109524235, 20.75118109524235, 20.75118109524235, 20.75118109524235, 20.75118109524235, 20.75118109524235, 20.75118109524235, 20.75118109524235, 20.75118109524235, 20.75118109524235, 20.75118109524235, 20.75118109524235, 20.75118109524235, 20.75118109524235, 20.75118109524235, 20.75118109524235, 20.75118109524235, 20.75118109524235, 20.75118109524235, 20.75118109524235, 20.75118109524235, 20.75118109524235, 20.75118109524235, 20.75118109524235, 20.75118109524235, 20.75118109524235, 20.75118109524235, 20.75118109524235, 20.75118109524235, 20.75118109524235, 20.75118109524235, 20.75118109524235, 20.75118109524235, 20.75118109524235, 20.75118109524235, 20.75118109524235, 20.75118109524235, 20.75118109524235, 20.75118109524235, 20.75118109524235, 20.75118109524235, 20.75118109524235, 20.75118109524235, 20.75118109524235, 20.75118109524235, 20.75118109524235, 20.75118109524235, 20.75118109524235, 20.75118109524235, 20.75118109524235, 20.75118109524235, 20.75118109524235, 20.75118109524235, 20.75118109524235, 20.75118109524235, 20.75118109524235, 20.75118109524235, 20.75118109524235, 20.75118109524235, 20.75118109524235, 20.75118109524235, 20.75118109524235, 20.75118109524235, 20.75118109524235, 20.75118109524235, 20.75118109524235, 20.75118109524235, 20.75118109524235, 20.75118109524235, 20.75118109524235, 20.75118109524235, 20.75118109524235, 20.75118109524235, 20.75118109524235, 20.75118109524235, 20.75118109524235, 20.75118109524235, 20.75118109524235, 20.75118109524235, 20.75118109524235, 20.75118109524235], "lambda_inter_max": [2.470036532475635, 2.470036532475635, 2.470036532475635, 2.470036532475635, 2.470036532475635, 2.470036532475635, 2.470036532475635, 2.470036532475635, 2.470036532475635, 2.470036532475635, 2.470036532475635, 2.470036532475635, 2.470036532475635, 2.470036532475635, 2.470036532475635, 2.470036532475635, 2.470036532475635, 2.470036532475635, 2.470036532475635, 2.470036532475635, 2.470036532475635, 2.470036532475635, 2.470036532475635, 2.470036532475635, 2.470036532475635, 2.470036532475635, 2.470036532475635, 2.470036532475635, 2.470036532475635, 2.470036532475635, 2.470036532475635, 2.470036532475635, 2.470036532475635, 2.470036532475635, 2.470036532475635, 2.470036532475635, 2.470036532475635, 2.470036532475635, 2.470036532475635, 2.470036532475635, 2.470036532475635, 2.470036532475635, 2.470036532475635, 2.470036532475635, 2.470036532475635, 2.470036532475635, 2.470036532475635, 2.470036532475635, 2.470036532475635, 2.470036532475635, 2.470036532475635, 2.470036532475635, 2.470036532475635, 2.470036532475635, 2.470036532475635, 2.470036532475635, 2.470036532475635, 2.470036532475635, 2.470036532475635, 2.470036532475635, 2.470036532475635, 2.470036532475635, 2.470036532475635, 2.470036532475635, 2.470036532475635, 2.470036532475635, 2.470036532475635, 2.470036532475635, 2.470036532475635, 2.470036532475635, 2.470036532475635, 2.470036532475635, 2.470036532475635, 2.470036532475635, 2.470036532475635, 2.470036532475635, 2.470036532475635, 2.470036532475635, 2.470036532475635, 2.470036532475635, 2.470036532475635, 2.470036532475635, 2.470036532475635, 2.470036532475635, 2.470036532475635, 2.470036532475635, 2.470036532475635, 2.470036532475635, 2.470036532475635, 2.470036532475635, 2.470036532475635, 2.470036532475635, 2.470036532475635, 2.470036532475635, 2.470036532475635, 2.470036532475635, 2.470036532475635, 2.470036532475635, 2.470036532475635, 2.470036532475635], "lambda_reginter": [0.0, 2.305686788360261, 4.611373576720522, 6.917060365080784, 9.222747153441045, 11.528433941801307, 13.834120730161567, 16.139807518521827, 18.44549430688209, 20.75118109524235, 0.0, 2.305686788360261, 4.611373576720522, 6.917060365080784, 9.222747153441045, 11.528433941801307, 13.834120730161567, 16.139807518521827, 18.44549430688209, 20.75118109524235, 0.0, 2.305686788360261, 4.611373576720522, 6.917060365080784, 9.222747153441045, 11.528433941801307, 13.834120730161567, 16.139807518521827, 18.44549430688209, 20.75118109524235, 0.0, 2.305686788360261, 4.611373576720522, 6.917060365080784, 9.222747153441045, 11.528433941801307, 13.834120730161567, 16.139807518521827, 18.44549430688209, 20.75118109524235, 0.0, 2.305686788360261, 4.611373576720522, 6.917060365080784, 9.222747153441045, 11.528433941801307, 13.834120730161567, 16.139807518521827, 18.44549430688209, 20.75118109524235, 0.0, 2.305686788360261, 4.611373576720522, 6.917060365080784, 9.222747153441045, 11.528433941801307, 13.834120730161567, 16.139807518521827, 18.44549430688209, 20.75118109524235, 0.0, 2.305686788360261, 4.611373576720522, 6.917060365080784, 9.222747153441045, 11.528433941801307, 13.834120730161567, 16.139807518521827, 18.44549430688209, 20.75118109524235, 0.0, 2.305686788360261, 4.611373576720522, 6.917060365080784, 9.222747153441045, 11.528433941801307, 13.834120730161567, 16.139807518521827, 18.44549430688209, 20.75118109524235, 0.0, 2.305686788360261, 4.611373576720522, 6.917060365080784, 9.222747153441045, 11.528433941801307, 13.834120730161567, 16.139807518521827, 18.44549430688209, 20.75118109524235, 0.0, 2.305686788360261, 4.611373576720522, 6.917060365080784, 9.222747153441045, 11.528433941801307, 13.834120730161567, 16.139807518521827, 18.44549430688209, 20.75118109524235],