{"lambda_reginter_max": 1.8583141631629143, "lambda_inter_max": 0.6325474316720913}