{"lambda_reginter_max": 30.5966645768412, "lambda_inter_max": 13.654644244972998}