{"lambda_reginter_max": 29.35979094821793, "lambda_inter_max": 13.675619918840004}