{"n": [1000, 1000, 1000, 1000, 1000, 1000, 1000, 1000, 1000, 1000, 1000, 1000, 1000, 1000, 1000, 1000, 1000, 1000, 1000, 1000, 1000, 1000, 1000, 1000, 1000, 1000, 1000, 1000, 1000, 1000, 1000, 1000, 1000, 1000, 1000, 1000, 1000, 1000, 1000, 1000, 1000, 1000, 1000, 1000, 1000, 1000, 1000, 1000, 1000, 1000, 1000, 1000, 1000, 1000, 1000, 1000, 1000, 1000, 1000, 1000, 1000, 1000, 1000, 1000, 1000, 1000, 1000, 1000, 1000, 1000, 1000, 1000, 1000, 1000, 1000, 1000, 1000, 1000, 1000, 1000, 1000, 1000, 1000, 1000, 1000, 1000, 1000, 1000, 1000, 1000, 1000, 1000, 1000, 1000, 1000, 1000, 1000, 1000, 1000, 1000], "rep": [105, 105, 105, 105, 105, 105, 105, 105, 105, 105, 105, 105, 105, 105, 105, 105, 105, 105, 105, 105, 105, 105, 105, 105, 105, 105, 105, 105, 105, 105, 105, 105, 105, 105, 105, 105, 105, 105, 105, 105, 105, 105, 105, 105, 105, 105, 105, 105, 105, 105, 105, 105, 105, 105, 105, 105, 105, 105, 105, 105, 105, 105, 105, 105, 105, 105, 105, 105, 105, 105, 105, 105, 105, 105, 105, 105, 105, 105, 105, 105, 105, 105, 105, 105, 105, 105, 105, 105, 105, 105, 105, 105, 105, 105, 105, 105, 105, 105, 105, 105], "lambda_reginter_max": [8.065924854449461, 8.065924854449461, 8.065924854449461, 8.065924854449461, 8.065924854449461, 8.065924854449461, 8.065924854449461, 8.065924854449461, 8.065924854449461, 8.065924854449461, 8.065924854449461, 8.065924854449461, 8.065924854449461, 8.065924854449461, 8.065924854449461, 8.065924854449461, 8.065924854449461, 8.065924854449461, 8.065924854449461, 8.065924854449461, 8.065924854449461, 8.065924854449461, 8.065924854449461, 8.065924854449461, 8.065924854449461, 8.065924854449461, 8.065924854449461, 8.065924854449461, 8.065924854449461, 8.065924854449461, 8.065924854449461, 8.065924854449461, 8.065924854449461, 8.065924854449461, 8.065924854449461, 8.065924854449461, 8.065924854449461, 8.065924854449461, 8.065924854449461, 8.065924854449461, 8.065924854449461, 8.065924854449461, 8.065924854449461, 8.065924854449461, 8.065924854449461, 8.065924854449461, 8.065924854449461, 8.065924854449461, 8.065924854449461, 8.065924854449461, 8.065924854449461, 8.065924854449461, 8.065924854449461, 8.065924854449461, 8.065924854449461, 8.065924854449461, 8.065924854449461, 8.065924854449461, 8.065924854449461, 8.065924854449461, 8.065924854449461, 8.065924854449461, 8.065924854449461, 8.065924854449461, 8.065924854449461, 8.065924854449461, 8.065924854449461, 8.065924854449461, 8.065924854449461, 8.065924854449461, 8.065924854449461, 8.065924854449461, 8.065924854449461, 8.065924854449461, 8.065924854449461, 8.065924854449461, 8.065924854449461, 8.065924854449461, 8.065924854449461, 8.065924854449461, 8.065924854449461, 8.065924854449461, 8.065924854449461, 8.065924854449461, 8.065924854449461, 8.065924854449461, 8.065924854449461, 8.065924854449461, 8.065924854449461, 8.065924854449461, 8.065924854449461, 8.065924854449461, 8.065924854449461, 8.065924854449461, 8.065924854449461, 8.065924854449461, 8.065924854449461, 8.065924854449461, 8.065924854449461, 8.065924854449461], "lambda_inter_max": [1.7203642599748457, 1.7203642599748457, 1.7203642599748457, 1.7203642599748457, 1.7203642599748457, 1.7203642599748457, 1.7203642599748457, 1.7203642599748457, 1.7203642599748457, 1.7203642599748457, 1.7203642599748457, 1.7203642599748457, 1.7203642599748457, 1.7203642599748457, 1.7203642599748457, 1.7203642599748457, 1.7203642599748457, 1.7203642599748457, 1.7203642599748457, 1.7203642599748457, 1.7203642599748457, 1.7203642599748457, 1.7203642599748457, 1.7203642599748457, 1.7203642599748457, 1.7203642599748457, 1.7203642599748457, 1.7203642599748457, 1.7203642599748457, 1.7203642599748457, 1.7203642599748457, 1.7203642599748457, 1.7203642599748457, 1.7203642599748457, 1.7203642599748457, 1.7203642599748457, 1.7203642599748457, 1.7203642599748457, 1.7203642599748457, 1.7203642599748457, 1.7203642599748457, 1.7203642599748457, 1.7203642599748457, 1.7203642599748457, 1.7203642599748457, 1.7203642599748457, 1.7203642599748457, 1.7203642599748457, 1.7203642599748457, 1.7203642599748457, 1.7203642599748457, 1.7203642599748457, 1.7203642599748457, 1.7203642599748457, 1.7203642599748457, 1.7203642599748457, 1.7203642599748457, 1.7203642599748457, 1.7203642599748457, 1.7203642599748457, 1.7203642599748457, 1.7203642599748457, 1.7203642599748457, 1.7203642599748457, 1.7203642599748457, 1.7203642599748457, 1.7203642599748457, 1.7203642599748457, 1.7203642599748457, 1.7203642599748457, 1.7203642599748457, 1.7203642599748457, 1.7203642599748457, 1.7203642599748457, 1.7203642599748457, 1.7203642599748457, 1.7203642599748457, 1.7203642599748457, 1.7203642599748457, 1.7203642599748457, 1.7203642599748457, 1.7203642599748457, 1.7203642599748457, 1.7203642599748457, 1.7203642599748457, 1.7203642599748457, 1.7203642599748457, 1.7203642599748457, 1.7203642599748457, 1.7203642599748457, 1.7203642599748457, 1.7203642599748457, 1.7203642599748457, 1.7203642599748457, 1.7203642599748457, 1.7203642599748457, 1.7203642599748457, 1.7203642599748457, 1.7203642599748457, 1.7203642599748457], "lambda_reginter": [0.0, 0.8962138727166068, 1.7924277454332136, 2.6886416181498203, 3.584855490866427, 4.481069363583034, 5.377283236299641, 6.2734971090162475, 7.169710981732854, 8.065924854449461, 0.0, 0.8962138727166068, 1.7924277454332136, 2.6886416181498203, 3.584855490866427, 4.481069363583034, 5.377283236299641, 6.2734971090162475, 7.169710981732854, 8.065924854449461, 0.0, 0.8962138727166068, 1.7924277454332136, 2.6886416181498203, 3.584855490866427, 4.481069363583034, 5.377283236299641, 6.2734971090162475, 7.169710981732854, 8.065924854449461, 0.0, 0.8962138727166068, 1.7924277454332136, 2.6886416181498203, 3.584855490866427, 4.481069363583034, 5.377283236299641, 6.2734971090162475, 7.169710981732854, 8.065924854449461, 0.0, 0.8962138727166068, 1.7924277454332136, 2.6886416181498203, 3.584855490866427, 4.481069363583034, 5.377283236299641, 6.2734971090162475, 7.169710981732854, 8.065924854449461, 0.0, 0.8962138727166068, 1.7924277454332136, 2.6886416181498203, 3.584855490866427, 4.481069363583034, 5.377283236299641, 6.2734971090162475, 7.169710981732854, 8.065924854449461, 0.0, 0.8962138727166068, 1.7924277454332136, 2.6886416181498203, 3.584855490866427, 4.481069363583034, 5.377283236299641, 6.2734971090162475, 7.169710981732854, 8.065924854449461, 0.0, 0.8962138727166068, 1.7924277454332136, 2.6886416181498203, 3.584855490866427, 4.481069363583034, 5.377283236299641, 6.2734971090162475, 7.169710981732854, 8.065924854449461, 0.0, 0.8962138727166068, 1.7924277454332136, 2.6886416181498203, 3.584855490866427, 4.481069363583034, 5.377283236299641, 6.2734971090162475, 7.169710981732854, 8.065924854449461, 0.0, 0.8962138727166068, 1.7924277454332136, 2.6886416181498203, 3.584855490866427, 4.481069363583034, 5.377283236299641, 6.2734971090162475, 7.169710981732854, 8.065924854449461],