{"n": [1000, 1000, 1000, 1000, 1000, 1000, 1000, 1000, 1000, 1000, 1000, 1000, 1000, 1000, 1000, 1000, 1000, 1000, 1000, 1000, 1000, 1000, 1000, 1000, 1000, 1000, 1000, 1000, 1000, 1000, 1000, 1000, 1000, 1000, 1000, 1000, 1000, 1000, 1000, 1000, 1000, 1000, 1000, 1000, 1000, 1000, 1000, 1000, 1000, 1000, 1000, 1000, 1000, 1000, 1000, 1000, 1000, 1000, 1000, 1000, 1000, 1000, 1000, 1000, 1000, 1000, 1000, 1000, 1000, 1000, 1000, 1000, 1000, 1000, 1000, 1000, 1000, 1000, 1000, 1000, 1000, 1000, 1000, 1000, 1000, 1000, 1000, 1000, 1000, 1000, 1000, 1000, 1000, 1000, 1000, 1000, 1000, 1000, 1000, 1000], "rep": [12, 12, 12, 12, 12, 12, 12, 12, 12, 12, 12, 12, 12, 12, 12, 12, 12, 12, 12, 12, 12, 12, 12, 12, 12, 12, 12, 12, 12, 12, 12, 12, 12, 12, 12, 12, 12, 12, 12, 12, 12, 12, 12, 12, 12, 12, 12, 12, 12, 12, 12, 12, 12, 12, 12, 12, 12, 12, 12, 12, 12, 12, 12, 12, 12, 12, 12, 12, 12, 12, 12, 12, 12, 12, 12, 12, 12, 12, 12, 12, 12, 12, 12, 12, 12, 12, 12, 12, 12, 12, 12, 12, 12, 12, 12, 12, 12, 12, 12, 12], "lambda_reginter_max": [11.886628215968702, 11.886628215968702, 11.886628215968702, 11.886628215968702, 11.886628215968702, 11.886628215968702, 11.886628215968702, 11.886628215968702, 11.886628215968702, 11.886628215968702, 11.886628215968702, 11.886628215968702, 11.886628215968702, 11.886628215968702, 11.886628215968702, 11.886628215968702, 11.886628215968702, 11.886628215968702, 11.886628215968702, 11.886628215968702, 11.886628215968702, 11.886628215968702, 11.886628215968702, 11.886628215968702, 11.886628215968702, 11.886628215968702, 11.886628215968702, 11.886628215968702, 11.886628215968702, 11.886628215968702, 11.886628215968702, 11.886628215968702, 11.886628215968702, 11.886628215968702, 11.886628215968702, 11.886628215968702, 11.886628215968702, 11.886628215968702, 11.886628215968702, 11.886628215968702, 11.886628215968702, 11.886628215968702, 11.886628215968702, 11.886628215968702, 11.886628215968702, 11.886628215968702, 11.886628215968702, 11.886628215968702, 11.886628215968702, 11.886628215968702, 11.886628215968702, 11.886628215968702, 11.886628215968702, 11.886628215968702, 11.886628215968702, 11.886628215968702, 11.886628215968702, 11.886628215968702, 11.886628215968702, 11.886628215968702, 11.886628215968702, 11.886628215968702, 11.886628215968702, 11.886628215968702, 11.886628215968702, 11.886628215968702, 11.886628215968702, 11.886628215968702, 11.886628215968702, 11.886628215968702, 11.886628215968702, 11.886628215968702, 11.886628215968702, 11.886628215968702, 11.886628215968702, 11.886628215968702, 11.886628215968702, 11.886628215968702, 11.886628215968702, 11.886628215968702, 11.886628215968702, 11.886628215968702, 11.886628215968702, 11.886628215968702, 11.886628215968702, 11.886628215968702, 11.886628215968702, 11.886628215968702, 11.886628215968702, 11.886628215968702, 11.886628215968702, 11.886628215968702, 11.886628215968702, 11.886628215968702, 11.886628215968702, 11.886628215968702, 11.886628215968702, 11.886628215968702, 11.886628215968702, 11.886628215968702], "lambda_inter_max": [1.8998060985426073, 1.8998060985426073, 1.8998060985426073, 1.8998060985426073, 1.8998060985426073, 1.8998060985426073, 1.8998060985426073, 1.8998060985426073, 1.8998060985426073, 1.8998060985426073, 1.8998060985426073, 1.8998060985426073, 1.8998060985426073, 1.8998060985426073, 1.8998060985426073, 1.8998060985426073, 1.8998060985426073, 1.8998060985426073, 1.8998060985426073, 1.8998060985426073, 1.8998060985426073, 1.8998060985426073, 1.8998060985426073, 1.8998060985426073, 1.8998060985426073, 1.8998060985426073, 1.8998060985426073, 1.8998060985426073, 1.8998060985426073, 1.8998060985426073, 1.8998060985426073, 1.8998060985426073, 1.8998060985426073, 1.8998060985426073, 1.8998060985426073, 1.8998060985426073, 1.8998060985426073, 1.8998060985426073, 1.8998060985426073, 1.8998060985426073, 1.8998060985426073, 1.8998060985426073, 1.8998060985426073, 1.8998060985426073, 1.8998060985426073, 1.8998060985426073, 1.8998060985426073, 1.8998060985426073, 1.8998060985426073, 1.8998060985426073, 1.8998060985426073, 1.8998060985426073, 1.8998060985426073, 1.8998060985426073, 1.8998060985426073, 1.8998060985426073, 1.8998060985426073, 1.8998060985426073, 1.8998060985426073, 1.8998060985426073, 1.8998060985426073, 1.8998060985426073, 1.8998060985426073, 1.8998060985426073, 1.8998060985426073, 1.8998060985426073, 1.8998060985426073, 1.8998060985426073, 1.8998060985426073, 1.8998060985426073, 1.8998060985426073, 1.8998060985426073, 1.8998060985426073, 1.8998060985426073, 1.8998060985426073, 1.8998060985426073, 1.8998060985426073, 1.8998060985426073, 1.8998060985426073, 1.8998060985426073, 1.8998060985426073, 1.8998060985426073, 1.8998060985426073, 1.8998060985426073, 1.8998060985426073, 1.8998060985426073, 1.8998060985426073, 1.8998060985426073, 1.8998060985426073, 1.8998060985426073, 1.8998060985426073, 1.8998060985426073, 1.8998060985426073, 1.8998060985426073, 1.8998060985426073, 1.8998060985426073, 1.8998060985426073, 1.8998060985426073, 1.8998060985426073, 1.8998060985426073], "lambda_reginter": [0.0, 1.320736468440967, 2.641472936881934, 3.962209405322901, 5.282945873763868, 6.603682342204835, 7.924418810645802, 9.24515527908677, 10.565891747527736, 11.886628215968702, 0.0, 1.320736468440967, 2.641472936881934, 3.962209405322901, 5.282945873763868, 6.603682342204835, 7.924418810645802, 9.24515527908677, 10.565891747527736, 11.886628215968702, 0.0, 1.320736468440967, 2.641472936881934, 3.962209405322901, 5.282945873763868, 6.603682342204835, 7.924418810645802, 9.24515527908677, 10.565891747527736, 11.886628215968702, 0.0, 1.320736468440967, 2.641472936881934, 3.962209405322901, 5.282945873763868, 6.603682342204835, 7.924418810645802, 9.24515527908677, 10.565891747527736, 11.886628215968702, 0.0, 1.320736468440967, 2.641472936881934, 3.962209405322901, 5.282945873763868, 6.603682342204835, 7.924418810645802, 9.24515527908677, 10.565891747527736, 11.886628215968702, 0.0, 1.320736468440967, 2.641472936881934, 3.962209405322901, 5.282945873763868, 6.603682342204835, 7.924418810645802, 9.24515527908677, 10.565891747527736, 11.886628215968702, 0.0, 1.320736468440967, 2.641472936881934, 3.962209405322901, 5.282945873763868, 6.603682342204835, 7.924418810645802, 9.24515527908677, 10.565891747527736, 11.886628215968702, 0.0, 1.320736468440967, 2.641472936881934, 3.962209405322901, 5.282945873763868, 6.603682342204835, 7.924418810645802, 9.24515527908677, 10.565891747527736, 11.886628215968702, 0.0, 1.320736468440967, 2.641472936881934, 3.962209405322901, 5.282945873763868, 6.603682342204835, 7.924418810645802, 9.24515527908677, 10.565891747527736, 11.886628215968702, 0.0, 1.320736468440967, 2.641472936881934, 3.962209405322901, 5.282945873763868, 6.603682342204835, 7.924418810645802, 9.24515527908677, 10.565891747527736, 11.886628215968702],