{"n": [1000, 1000, 1000, 1000, 1000, 1000, 1000, 1000, 1000, 1000, 1000, 1000, 1000, 1000, 1000, 1000, 1000, 1000, 1000, 1000, 1000, 1000, 1000, 1000, 1000, 1000, 1000, 1000, 1000, 1000, 1000, 1000, 1000, 1000, 1000, 1000, 1000, 1000, 1000, 1000, 1000, 1000, 1000, 1000, 1000, 1000, 1000, 1000, 1000, 1000, 1000, 1000, 1000, 1000, 1000, 1000, 1000, 1000, 1000, 1000, 1000, 1000, 1000, 1000, 1000, 1000, 1000, 1000, 1000, 1000, 1000, 1000, 1000, 1000, 1000, 1000, 1000, 1000, 1000, 1000, 1000, 1000, 1000, 1000, 1000, 1000, 1000, 1000, 1000, 1000, 1000, 1000, 1000, 1000, 1000, 1000, 1000, 1000, 1000, 1000], "rep": [67, 67, 67, 67, 67, 67, 67, 67, 67, 67, 67, 67, 67, 67, 67, 67, 67, 67, 67, 67, 67, 67, 67, 67, 67, 67, 67, 67, 67, 67, 67, 67, 67, 67, 67, 67, 67, 67, 67, 67, 67, 67, 67, 67, 67, 67, 67, 67, 67, 67, 67, 67, 67, 67, 67, 67, 67, 67, 67, 67, 67, 67, 67, 67, 67, 67, 67, 67, 67, 67, 67, 67, 67, 67, 67, 67, 67, 67, 67, 67, 67, 67, 67, 67, 67, 67, 67, 67, 67, 67, 67, 67, 67, 67, 67, 67, 67, 67, 67, 67], "lambda_reginter_max": [12.881461883554095, 12.881461883554095, 12.881461883554095, 12.881461883554095, 12.881461883554095, 12.881461883554095, 12.881461883554095, 12.881461883554095, 12.881461883554095, 12.881461883554095, 12.881461883554095, 12.881461883554095, 12.881461883554095, 12.881461883554095, 12.881461883554095, 12.881461883554095, 12.881461883554095, 12.881461883554095, 12.881461883554095, 12.881461883554095, 12.881461883554095, 12.881461883554095, 12.881461883554095, 12.881461883554095, 12.881461883554095, 12.881461883554095, 12.881461883554095, 12.881461883554095, 12.881461883554095, 12.881461883554095, 12.881461883554095, 12.881461883554095, 12.881461883554095, 12.881461883554095, 12.881461883554095, 12.881461883554095, 12.881461883554095, 12.881461883554095, 12.881461883554095, 12.881461883554095, 12.881461883554095, 12.881461883554095, 12.881461883554095, 12.881461883554095, 12.881461883554095, 12.881461883554095, 12.881461883554095, 12.881461883554095, 12.881461883554095, 12.881461883554095, 12.881461883554095, 12.881461883554095, 12.881461883554095, 12.881461883554095, 12.881461883554095, 12.881461883554095, 12.881461883554095, 12.881461883554095, 12.881461883554095, 12.881461883554095, 12.881461883554095, 12.881461883554095, 12.881461883554095, 12.881461883554095, 12.881461883554095, 12.881461883554095, 12.881461883554095, 12.881461883554095, 12.881461883554095, 12.881461883554095, 12.881461883554095, 12.881461883554095, 12.881461883554095, 12.881461883554095, 12.881461883554095, 12.881461883554095, 12.881461883554095, 12.881461883554095, 12.881461883554095, 12.881461883554095, 12.881461883554095, 12.881461883554095, 12.881461883554095, 12.881461883554095, 12.881461883554095, 12.881461883554095, 12.881461883554095, 12.881461883554095, 12.881461883554095, 12.881461883554095, 12.881461883554095, 12.881461883554095, 12.881461883554095, 12.881461883554095, 12.881461883554095, 12.881461883554095, 12.881461883554095, 12.881461883554095, 12.881461883554095, 12.881461883554095], "lambda_inter_max": [2.031771229503418, 2.031771229503418, 2.031771229503418, 2.031771229503418, 2.031771229503418, 2.031771229503418, 2.031771229503418, 2.031771229503418, 2.031771229503418, 2.031771229503418, 2.031771229503418, 2.031771229503418, 2.031771229503418, 2.031771229503418, 2.031771229503418, 2.031771229503418, 2.031771229503418, 2.031771229503418, 2.031771229503418, 2.031771229503418, 2.031771229503418, 2.031771229503418, 2.031771229503418, 2.031771229503418, 2.031771229503418, 2.031771229503418, 2.031771229503418, 2.031771229503418, 2.031771229503418, 2.031771229503418, 2.031771229503418, 2.031771229503418, 2.031771229503418, 2.031771229503418, 2.031771229503418, 2.031771229503418, 2.031771229503418, 2.031771229503418, 2.031771229503418, 2.031771229503418, 2.031771229503418, 2.031771229503418, 2.031771229503418, 2.031771229503418, 2.031771229503418, 2.031771229503418, 2.031771229503418, 2.031771229503418, 2.031771229503418, 2.031771229503418, 2.031771229503418, 2.031771229503418, 2.031771229503418, 2.031771229503418, 2.031771229503418, 2.031771229503418, 2.031771229503418, 2.031771229503418, 2.031771229503418, 2.031771229503418, 2.031771229503418, 2.031771229503418, 2.031771229503418, 2.031771229503418, 2.031771229503418, 2.031771229503418, 2.031771229503418, 2.031771229503418, 2.031771229503418, 2.031771229503418, 2.031771229503418, 2.031771229503418, 2.031771229503418, 2.031771229503418, 2.031771229503418, 2.031771229503418, 2.031771229503418, 2.031771229503418, 2.031771229503418, 2.031771229503418, 2.031771229503418, 2.031771229503418, 2.031771229503418, 2.031771229503418, 2.031771229503418, 2.031771229503418, 2.031771229503418, 2.031771229503418, 2.031771229503418, 2.031771229503418, 2.031771229503418, 2.031771229503418, 2.031771229503418, 2.031771229503418, 2.031771229503418, 2.031771229503418, 2.031771229503418, 2.031771229503418, 2.031771229503418, 2.031771229503418], "lambda_reginter": [0.0, 1.4312735426171217, 2.8625470852342434, 4.293820627851365, 5.725094170468487, 7.156367713085609, 8.58764125570273, 10.018914798319852, 11.450188340936974, 12.881461883554095, 0.0, 1.4312735426171217, 2.8625470852342434, 4.293820627851365, 5.725094170468487, 7.156367713085609, 8.58764125570273, 10.018914798319852, 11.450188340936974, 12.881461883554095, 0.0, 1.4312735426171217, 2.8625470852342434, 4.293820627851365, 5.725094170468487, 7.156367713085609, 8.58764125570273, 10.018914798319852, 11.450188340936974, 12.881461883554095, 0.0, 1.4312735426171217, 2.8625470852342434, 4.293820627851365, 5.725094170468487, 7.156367713085609, 8.58764125570273, 10.018914798319852, 11.450188340936974, 12.881461883554095, 0.0, 1.4312735426171217, 2.8625470852342434, 4.293820627851365, 5.725094170468487, 7.156367713085609, 8.58764125570273, 10.018914798319852, 11.450188340936974, 12.881461883554095, 0.0, 1.4312735426171217, 2.8625470852342434, 4.293820627851365, 5.725094170468487, 7.156367713085609, 8.58764125570273, 10.018914798319852, 11.450188340936974, 12.881461883554095, 0.0, 1.4312735426171217, 2.8625470852342434, 4.293820627851365, 5.725094170468487, 7.156367713085609, 8.58764125570273, 10.018914798319852, 11.450188340936974, 12.881461883554095, 0.0, 1.4312735426171217, 2.8625470852342434, 4.293820627851365, 5.725094170468487, 7.156367713085609, 8.58764125570273, 10.018914798319852, 11.450188340936974, 12.881461883554095, 0.0, 1.4312735426171217, 2.8625470852342434, 4.293820627851365, 5.725094170468487, 7.156367713085609, 8.58764125570273, 10.018914798319852, 11.450188340936974, 12.881461883554095, 0.0, 1.4312735426171217, 2.8625470852342434, 4.293820627851365, 5.725094170468487, 7.156367713085609, 8.58764125570273, 10.018914798319852, 11.450188340936974, 12.881461883554095],