{"n": [500, 500, 500, 500, 500, 500, 500, 500, 500, 500, 500, 500, 500, 500, 500, 500, 500, 500, 500, 500, 500, 500, 500, 500, 500, 500, 500, 500, 500, 500, 500, 500, 500, 500, 500, 500, 500, 500, 500, 500, 500, 500, 500, 500, 500, 500, 500, 500, 500, 500, 500, 500, 500, 500, 500, 500, 500, 500, 500, 500, 500, 500, 500, 500, 500, 500, 500, 500, 500, 500, 500, 500, 500, 500, 500, 500, 500, 500, 500, 500, 500, 500, 500, 500, 500, 500, 500, 500, 500, 500, 500, 500, 500, 500, 500, 500, 500, 500, 500, 500], "rep": [81, 81, 81, 81, 81, 81, 81, 81, 81, 81, 81, 81, 81, 81, 81, 81, 81, 81, 81, 81, 81, 81, 81, 81, 81, 81, 81, 81, 81, 81, 81, 81, 81, 81, 81, 81, 81, 81, 81, 81, 81, 81, 81, 81, 81, 81, 81, 81, 81, 81, 81, 81, 81, 81, 81, 81, 81, 81, 81, 81, 81, 81, 81, 81, 81, 81, 81, 81, 81, 81, 81, 81, 81, 81, 81, 81, 81, 81, 81, 81, 81, 81, 81, 81, 81, 81, 81, 81, 81, 81, 81, 81, 81, 81, 81, 81, 81, 81, 81, 81], "lambda_reginter_max": [24.07106492131096, 24.07106492131096, 24.07106492131096, 24.07106492131096, 24.07106492131096, 24.07106492131096, 24.07106492131096, 24.07106492131096, 24.07106492131096, 24.07106492131096, 24.07106492131096, 24.07106492131096, 24.07106492131096, 24.07106492131096, 24.07106492131096, 24.07106492131096, 24.07106492131096, 24.07106492131096, 24.07106492131096, 24.07106492131096, 24.07106492131096, 24.07106492131096, 24.07106492131096, 24.07106492131096, 24.07106492131096, 24.07106492131096, 24.07106492131096, 24.07106492131096, 24.07106492131096, 24.07106492131096, 24.07106492131096, 24.07106492131096, 24.07106492131096, 24.07106492131096, 24.07106492131096, 24.07106492131096, 24.07106492131096, 24.07106492131096, 24.07106492131096, 24.07106492131096, 24.07106492131096, 24.07106492131096, 24.07106492131096, 24.07106492131096, 24.07106492131096, 24.07106492131096, 24.07106492131096, 24.07106492131096, 24.07106492131096, 24.07106492131096, 24.07106492131096, 24.07106492131096, 24.07106492131096, 24.07106492131096, 24.07106492131096, 24.07106492131096, 24.07106492131096, 24.07106492131096, 24.07106492131096, 24.07106492131096, 24.07106492131096, 24.07106492131096, 24.07106492131096, 24.07106492131096, 24.07106492131096, 24.07106492131096, 24.07106492131096, 24.07106492131096, 24.07106492131096, 24.07106492131096, 24.07106492131096, 24.07106492131096, 24.07106492131096, 24.07106492131096, 24.07106492131096, 24.07106492131096, 24.07106492131096, 24.07106492131096, 24.07106492131096, 24.07106492131096, 24.07106492131096, 24.07106492131096, 24.07106492131096, 24.07106492131096, 24.07106492131096, 24.07106492131096, 24.07106492131096, 24.07106492131096, 24.07106492131096, 24.07106492131096, 24.07106492131096, 24.07106492131096, 24.07106492131096, 24.07106492131096, 24.07106492131096, 24.07106492131096, 24.07106492131096, 24.07106492131096, 24.07106492131096, 24.07106492131096], "lambda_inter_max": [2.657417320524431, 2.657417320524431, 2.657417320524431, 2.657417320524431, 2.657417320524431, 2.657417320524431, 2.657417320524431, 2.657417320524431, 2.657417320524431, 2.657417320524431, 2.657417320524431, 2.657417320524431, 2.657417320524431, 2.657417320524431, 2.657417320524431, 2.657417320524431, 2.657417320524431, 2.657417320524431, 2.657417320524431, 2.657417320524431, 2.657417320524431, 2.657417320524431, 2.657417320524431, 2.657417320524431, 2.657417320524431, 2.657417320524431, 2.657417320524431, 2.657417320524431, 2.657417320524431, 2.657417320524431, 2.657417320524431, 2.657417320524431, 2.657417320524431, 2.657417320524431, 2.657417320524431, 2.657417320524431, 2.657417320524431, 2.657417320524431, 2.657417320524431, 2.657417320524431, 2.657417320524431, 2.657417320524431, 2.657417320524431, 2.657417320524431, 2.657417320524431, 2.657417320524431, 2.657417320524431, 2.657417320524431, 2.657417320524431, 2.657417320524431, 2.657417320524431, 2.657417320524431, 2.657417320524431, 2.657417320524431, 2.657417320524431, 2.657417320524431, 2.657417320524431, 2.657417320524431, 2.657417320524431, 2.657417320524431, 2.657417320524431, 2.657417320524431, 2.657417320524431, 2.657417320524431, 2.657417320524431, 2.657417320524431, 2.657417320524431, 2.657417320524431, 2.657417320524431, 2.657417320524431, 2.657417320524431, 2.657417320524431, 2.657417320524431, 2.657417320524431, 2.657417320524431, 2.657417320524431, 2.657417320524431, 2.657417320524431, 2.657417320524431, 2.657417320524431, 2.657417320524431, 2.657417320524431, 2.657417320524431, 2.657417320524431, 2.657417320524431, 2.657417320524431, 2.657417320524431, 2.657417320524431, 2.657417320524431, 2.657417320524431, 2.657417320524431, 2.657417320524431, 2.657417320524431, 2.657417320524431, 2.657417320524431, 2.657417320524431, 2.657417320524431, 2.657417320524431, 2.657417320524431, 2.657417320524431], "lambda_reginter": [0.0, 2.674562769034551, 5.349125538069102, 8.023688307103653, 10.698251076138204, 13.372813845172756, 16.047376614207305, 18.721939383241857, 21.39650215227641, 24.07106492131096, 0.0, 2.674562769034551, 5.349125538069102, 8.023688307103653, 10.698251076138204, 13.372813845172756, 16.047376614207305, 18.721939383241857, 21.39650215227641, 24.07106492131096, 0.0, 2.674562769034551, 5.349125538069102, 8.023688307103653, 10.698251076138204, 13.372813845172756, 16.047376614207305, 18.721939383241857, 21.39650215227641, 24.07106492131096, 0.0, 2.674562769034551, 5.349125538069102, 8.023688307103653, 10.698251076138204, 13.372813845172756, 16.047376614207305, 18.721939383241857, 21.39650215227641, 24.07106492131096, 0.0, 2.674562769034551, 5.349125538069102, 8.023688307103653, 10.698251076138204, 13.372813845172756, 16.047376614207305, 18.721939383241857, 21.39650215227641, 24.07106492131096, 0.0, 2.674562769034551, 5.349125538069102, 8.023688307103653, 10.698251076138204, 13.372813845172756, 16.047376614207305, 18.721939383241857, 21.39650215227641, 24.07106492131096, 0.0, 2.674562769034551, 5.349125538069102, 8.023688307103653, 10.698251076138204, 13.372813845172756, 16.047376614207305, 18.721939383241857, 21.39650215227641, 24.07106492131096, 0.0, 2.674562769034551, 5.349125538069102, 8.023688307103653, 10.698251076138204, 13.372813845172756, 16.047376614207305, 18.721939383241857, 21.39650215227641, 24.07106492131096, 0.0, 2.674562769034551, 5.349125538069102, 8.023688307103653, 10.698251076138204, 13.372813845172756, 16.047376614207305, 18.721939383241857, 21.39650215227641, 24.07106492131096, 0.0, 2.674562769034551, 5.349125538069102, 8.023688307103653, 10.698251076138204, 13.372813845172756, 16.047376614207305, 18.721939383241857, 21.39650215227641, 24.07106492131096],