{"n": [1000, 1000, 1000, 1000, 1000, 1000, 1000, 1000, 1000, 1000, 1000, 1000, 1000, 1000, 1000, 1000, 1000, 1000, 1000, 1000, 1000, 1000, 1000, 1000, 1000, 1000, 1000, 1000, 1000, 1000, 1000, 1000, 1000, 1000, 1000, 1000, 1000, 1000, 1000, 1000, 1000, 1000, 1000, 1000, 1000, 1000, 1000, 1000, 1000, 1000, 1000, 1000, 1000, 1000, 1000, 1000, 1000, 1000, 1000, 1000, 1000, 1000, 1000, 1000, 1000, 1000, 1000, 1000, 1000, 1000, 1000, 1000, 1000, 1000, 1000, 1000, 1000, 1000, 1000, 1000, 1000, 1000, 1000, 1000, 1000, 1000, 1000, 1000, 1000, 1000, 1000, 1000, 1000, 1000, 1000, 1000, 1000, 1000, 1000, 1000], "rep": [86, 86, 86, 86, 86, 86, 86, 86, 86, 86, 86, 86, 86, 86, 86, 86, 86, 86, 86, 86, 86, 86, 86, 86, 86, 86, 86, 86, 86, 86, 86, 86, 86, 86, 86, 86, 86, 86, 86, 86, 86, 86, 86, 86, 86, 86, 86, 86, 86, 86, 86, 86, 86, 86, 86, 86, 86, 86, 86, 86, 86, 86, 86, 86, 86, 86, 86, 86, 86, 86, 86, 86, 86, 86, 86, 86, 86, 86, 86, 86, 86, 86, 86, 86, 86, 86, 86, 86, 86, 86, 86, 86, 86, 86, 86, 86, 86, 86, 86, 86], "lambda_reginter_max": [10.877600841464432, 10.877600841464432, 10.877600841464432, 10.877600841464432, 10.877600841464432, 10.877600841464432, 10.877600841464432, 10.877600841464432, 10.877600841464432, 10.877600841464432, 10.877600841464432, 10.877600841464432, 10.877600841464432, 10.877600841464432, 10.877600841464432, 10.877600841464432, 10.877600841464432, 10.877600841464432, 10.877600841464432, 10.877600841464432, 10.877600841464432, 10.877600841464432, 10.877600841464432, 10.877600841464432, 10.877600841464432, 10.877600841464432, 10.877600841464432, 10.877600841464432, 10.877600841464432, 10.877600841464432, 10.877600841464432, 10.877600841464432, 10.877600841464432, 10.877600841464432, 10.877600841464432, 10.877600841464432, 10.877600841464432, 10.877600841464432, 10.877600841464432, 10.877600841464432, 10.877600841464432, 10.877600841464432, 10.877600841464432, 10.877600841464432, 10.877600841464432, 10.877600841464432, 10.877600841464432, 10.877600841464432, 10.877600841464432, 10.877600841464432, 10.877600841464432, 10.877600841464432, 10.877600841464432, 10.877600841464432, 10.877600841464432, 10.877600841464432, 10.877600841464432, 10.877600841464432, 10.877600841464432, 10.877600841464432, 10.877600841464432, 10.877600841464432, 10.877600841464432, 10.877600841464432, 10.877600841464432, 10.877600841464432, 10.877600841464432, 10.877600841464432, 10.877600841464432, 10.877600841464432, 10.877600841464432, 10.877600841464432, 10.877600841464432, 10.877600841464432, 10.877600841464432, 10.877600841464432, 10.877600841464432, 10.877600841464432, 10.877600841464432, 10.877600841464432, 10.877600841464432, 10.877600841464432, 10.877600841464432, 10.877600841464432, 10.877600841464432, 10.877600841464432, 10.877600841464432, 10.877600841464432, 10.877600841464432, 10.877600841464432, 10.877600841464432, 10.877600841464432, 10.877600841464432, 10.877600841464432, 10.877600841464432, 10.877600841464432, 10.877600841464432, 10.877600841464432, 10.877600841464432, 10.877600841464432], "lambda_inter_max": [1.894735440828736, 1.894735440828736, 1.894735440828736, 1.894735440828736, 1.894735440828736, 1.894735440828736, 1.894735440828736, 1.894735440828736, 1.894735440828736, 1.894735440828736, 1.894735440828736, 1.894735440828736, 1.894735440828736, 1.894735440828736, 1.894735440828736, 1.894735440828736, 1.894735440828736, 1.894735440828736, 1.894735440828736, 1.894735440828736, 1.894735440828736, 1.894735440828736, 1.894735440828736, 1.894735440828736, 1.894735440828736, 1.894735440828736, 1.894735440828736, 1.894735440828736, 1.894735440828736, 1.894735440828736, 1.894735440828736, 1.894735440828736, 1.894735440828736, 1.894735440828736, 1.894735440828736, 1.894735440828736, 1.894735440828736, 1.894735440828736, 1.894735440828736, 1.894735440828736, 1.894735440828736, 1.894735440828736, 1.894735440828736, 1.894735440828736, 1.894735440828736, 1.894735440828736, 1.894735440828736, 1.894735440828736, 1.894735440828736, 1.894735440828736, 1.894735440828736, 1.894735440828736, 1.894735440828736, 1.894735440828736, 1.894735440828736, 1.894735440828736, 1.894735440828736, 1.894735440828736, 1.894735440828736, 1.894735440828736, 1.894735440828736, 1.894735440828736, 1.894735440828736, 1.894735440828736, 1.894735440828736, 1.894735440828736, 1.894735440828736, 1.894735440828736, 1.894735440828736, 1.894735440828736, 1.894735440828736, 1.894735440828736, 1.894735440828736, 1.894735440828736, 1.894735440828736, 1.894735440828736, 1.894735440828736, 1.894735440828736, 1.894735440828736, 1.894735440828736, 1.894735440828736, 1.894735440828736, 1.894735440828736, 1.894735440828736, 1.894735440828736, 1.894735440828736, 1.894735440828736, 1.894735440828736, 1.894735440828736, 1.894735440828736, 1.894735440828736, 1.894735440828736, 1.894735440828736, 1.894735440828736, 1.894735440828736, 1.894735440828736, 1.894735440828736, 1.894735440828736, 1.894735440828736, 1.894735440828736], "lambda_reginter": [0.0, 1.2086223157182703, 2.4172446314365406, 3.625866947154811, 4.834489262873081, 6.043111578591351, 7.251733894309622, 8.460356210027893, 9.668978525746162, 10.877600841464432, 0.0, 1.2086223157182703, 2.4172446314365406, 3.625866947154811, 4.834489262873081, 6.043111578591351, 7.251733894309622, 8.460356210027893, 9.668978525746162, 10.877600841464432, 0.0, 1.2086223157182703, 2.4172446314365406, 3.625866947154811, 4.834489262873081, 6.043111578591351, 7.251733894309622, 8.460356210027893, 9.668978525746162, 10.877600841464432, 0.0, 1.2086223157182703, 2.4172446314365406, 3.625866947154811, 4.834489262873081, 6.043111578591351, 7.251733894309622, 8.460356210027893, 9.668978525746162, 10.877600841464432, 0.0, 1.2086223157182703, 2.4172446314365406, 3.625866947154811, 4.834489262873081, 6.043111578591351, 7.251733894309622, 8.460356210027893, 9.668978525746162, 10.877600841464432, 0.0, 1.2086223157182703, 2.4172446314365406, 3.625866947154811, 4.834489262873081, 6.043111578591351, 7.251733894309622, 8.460356210027893, 9.668978525746162, 10.877600841464432, 0.0, 1.2086223157182703, 2.4172446314365406, 3.625866947154811, 4.834489262873081, 6.043111578591351, 7.251733894309622, 8.460356210027893, 9.668978525746162, 10.877600841464432, 0.0, 1.2086223157182703, 2.4172446314365406, 3.625866947154811, 4.834489262873081, 6.043111578591351, 7.251733894309622, 8.460356210027893, 9.668978525746162, 10.877600841464432, 0.0, 1.2086223157182703, 2.4172446314365406, 3.625866947154811, 4.834489262873081, 6.043111578591351, 7.251733894309622, 8.460356210027893, 9.668978525746162, 10.877600841464432, 0.0, 1.2086223157182703, 2.4172446314365406, 3.625866947154811, 4.834489262873081, 6.043111578591351, 7.251733894309622, 8.460356210027893, 9.668978525746162, 10.877600841464432],