{"n": [1000, 1000, 1000, 1000, 1000, 1000, 1000, 1000, 1000, 1000, 1000, 1000, 1000, 1000, 1000, 1000, 1000, 1000, 1000, 1000, 1000, 1000, 1000, 1000, 1000, 1000, 1000, 1000, 1000, 1000, 1000, 1000, 1000, 1000, 1000, 1000, 1000, 1000, 1000, 1000, 1000, 1000, 1000, 1000, 1000, 1000, 1000, 1000, 1000, 1000, 1000, 1000, 1000, 1000, 1000, 1000, 1000, 1000, 1000, 1000, 1000, 1000, 1000, 1000, 1000, 1000, 1000, 1000, 1000, 1000, 1000, 1000, 1000, 1000, 1000, 1000, 1000, 1000, 1000, 1000, 1000, 1000, 1000, 1000, 1000, 1000, 1000, 1000, 1000, 1000, 1000, 1000, 1000, 1000, 1000, 1000, 1000, 1000, 1000, 1000], "rep": [83, 83, 83, 83, 83, 83, 83, 83, 83, 83, 83, 83, 83, 83, 83, 83, 83, 83, 83, 83, 83, 83, 83, 83, 83, 83, 83, 83, 83, 83, 83, 83, 83, 83, 83, 83, 83, 83, 83, 83, 83, 83, 83, 83, 83, 83, 83, 83, 83, 83, 83, 83, 83, 83, 83, 83, 83, 83, 83, 83, 83, 83, 83, 83, 83, 83, 83, 83, 83, 83, 83, 83, 83, 83, 83, 83, 83, 83, 83, 83, 83, 83, 83, 83, 83, 83, 83, 83, 83, 83, 83, 83, 83, 83, 83, 83, 83, 83, 83, 83], "lambda_reginter_max": [15.095220230211151, 15.095220230211151, 15.095220230211151, 15.095220230211151, 15.095220230211151, 15.095220230211151, 15.095220230211151, 15.095220230211151, 15.095220230211151, 15.095220230211151, 15.095220230211151, 15.095220230211151, 15.095220230211151, 15.095220230211151, 15.095220230211151, 15.095220230211151, 15.095220230211151, 15.095220230211151, 15.095220230211151, 15.095220230211151, 15.095220230211151, 15.095220230211151, 15.095220230211151, 15.095220230211151, 15.095220230211151, 15.095220230211151, 15.095220230211151, 15.095220230211151, 15.095220230211151, 15.095220230211151, 15.095220230211151, 15.095220230211151, 15.095220230211151, 15.095220230211151, 15.095220230211151, 15.095220230211151, 15.095220230211151, 15.095220230211151, 15.095220230211151, 15.095220230211151, 15.095220230211151, 15.095220230211151, 15.095220230211151, 15.095220230211151, 15.095220230211151, 15.095220230211151, 15.095220230211151, 15.095220230211151, 15.095220230211151, 15.095220230211151, 15.095220230211151, 15.095220230211151, 15.095220230211151, 15.095220230211151, 15.095220230211151, 15.095220230211151, 15.095220230211151, 15.095220230211151, 15.095220230211151, 15.095220230211151, 15.095220230211151, 15.095220230211151, 15.095220230211151, 15.095220230211151, 15.095220230211151, 15.095220230211151, 15.095220230211151, 15.095220230211151, 15.095220230211151, 15.095220230211151, 15.095220230211151, 15.095220230211151, 15.095220230211151, 15.095220230211151, 15.095220230211151, 15.095220230211151, 15.095220230211151, 15.095220230211151, 15.095220230211151, 15.095220230211151, 15.095220230211151, 15.095220230211151, 15.095220230211151, 15.095220230211151, 15.095220230211151, 15.095220230211151, 15.095220230211151, 15.095220230211151, 15.095220230211151, 15.095220230211151, 15.095220230211151, 15.095220230211151, 15.095220230211151, 15.095220230211151, 15.095220230211151, 15.095220230211151, 15.095220230211151, 15.095220230211151, 15.095220230211151, 15.095220230211151], "lambda_inter_max": [2.0747801640486148, 2.0747801640486148, 2.0747801640486148, 2.0747801640486148, 2.0747801640486148, 2.0747801640486148, 2.0747801640486148, 2.0747801640486148, 2.0747801640486148, 2.0747801640486148, 2.0747801640486148, 2.0747801640486148, 2.0747801640486148, 2.0747801640486148, 2.0747801640486148, 2.0747801640486148, 2.0747801640486148, 2.0747801640486148, 2.0747801640486148, 2.0747801640486148, 2.0747801640486148, 2.0747801640486148, 2.0747801640486148, 2.0747801640486148, 2.0747801640486148, 2.0747801640486148, 2.0747801640486148, 2.0747801640486148, 2.0747801640486148, 2.0747801640486148, 2.0747801640486148, 2.0747801640486148, 2.0747801640486148, 2.0747801640486148, 2.0747801640486148, 2.0747801640486148, 2.0747801640486148, 2.0747801640486148, 2.0747801640486148, 2.0747801640486148, 2.0747801640486148, 2.0747801640486148, 2.0747801640486148, 2.0747801640486148, 2.0747801640486148, 2.0747801640486148, 2.0747801640486148, 2.0747801640486148, 2.0747801640486148, 2.0747801640486148, 2.0747801640486148, 2.0747801640486148, 2.0747801640486148, 2.0747801640486148, 2.0747801640486148, 2.0747801640486148, 2.0747801640486148, 2.0747801640486148, 2.0747801640486148, 2.0747801640486148, 2.0747801640486148, 2.0747801640486148, 2.0747801640486148, 2.0747801640486148, 2.0747801640486148, 2.0747801640486148, 2.0747801640486148, 2.0747801640486148, 2.0747801640486148, 2.0747801640486148, 2.0747801640486148, 2.0747801640486148, 2.0747801640486148, 2.0747801640486148, 2.0747801640486148, 2.0747801640486148, 2.0747801640486148, 2.0747801640486148, 2.0747801640486148, 2.0747801640486148, 2.0747801640486148, 2.0747801640486148, 2.0747801640486148, 2.0747801640486148, 2.0747801640486148, 2.0747801640486148, 2.0747801640486148, 2.0747801640486148, 2.0747801640486148, 2.0747801640486148, 2.0747801640486148, 2.0747801640486148, 2.0747801640486148, 2.0747801640486148, 2.0747801640486148, 2.0747801640486148, 2.0747801640486148, 2.0747801640486148, 2.0747801640486148, 2.0747801640486148], "lambda_reginter": [0.0, 1.6772466922456835, 3.354493384491367, 5.031740076737051, 6.708986768982734, 8.386233461228418, 10.063480153474101, 11.740726845719784, 13.417973537965468, 15.095220230211151, 0.0, 1.6772466922456835, 3.354493384491367, 5.031740076737051, 6.708986768982734, 8.386233461228418, 10.063480153474101, 11.740726845719784, 13.417973537965468, 15.095220230211151, 0.0, 1.6772466922456835, 3.354493384491367, 5.031740076737051, 6.708986768982734, 8.386233461228418, 10.063480153474101, 11.740726845719784, 13.417973537965468, 15.095220230211151, 0.0, 1.6772466922456835, 3.354493384491367, 5.031740076737051, 6.708986768982734, 8.386233461228418, 10.063480153474101, 11.740726845719784, 13.417973537965468, 15.095220230211151, 0.0, 1.6772466922456835, 3.354493384491367, 5.031740076737051, 6.708986768982734, 8.386233461228418, 10.063480153474101, 11.740726845719784, 13.417973537965468, 15.095220230211151, 0.0, 1.6772466922456835, 3.354493384491367, 5.031740076737051, 6.708986768982734, 8.386233461228418, 10.063480153474101, 11.740726845719784, 13.417973537965468, 15.095220230211151, 0.0, 1.6772466922456835, 3.354493384491367, 5.031740076737051, 6.708986768982734, 8.386233461228418, 10.063480153474101, 11.740726845719784, 13.417973537965468, 15.095220230211151, 0.0, 1.6772466922456835, 3.354493384491367, 5.031740076737051, 6.708986768982734, 8.386233461228418, 10.063480153474101, 11.740726845719784, 13.417973537965468, 15.095220230211151, 0.0, 1.6772466922456835, 3.354493384491367, 5.031740076737051, 6.708986768982734, 8.386233461228418, 10.063480153474101, 11.740726845719784, 13.417973537965468, 15.095220230211151, 0.0, 1.6772466922456835, 3.354493384491367, 5.031740076737051, 6.708986768982734, 8.386233461228418, 10.063480153474101, 11.740726845719784, 13.417973537965468, 15.095220230211151],