{"n": [500, 500, 500, 500, 500, 500, 500, 500, 500, 500, 500, 500, 500, 500, 500, 500, 500, 500, 500, 500, 500, 500, 500, 500, 500, 500, 500, 500, 500, 500, 500, 500, 500, 500, 500, 500, 500, 500, 500, 500, 500, 500, 500, 500, 500, 500, 500, 500, 500, 500, 500, 500, 500, 500, 500, 500, 500, 500, 500, 500, 500, 500, 500, 500, 500, 500, 500, 500, 500, 500, 500, 500, 500, 500, 500, 500, 500, 500, 500, 500, 500, 500, 500, 500, 500, 500, 500, 500, 500, 500, 500, 500, 500, 500, 500, 500, 500, 500, 500, 500], "rep": [57, 57, 57, 57, 57, 57, 57, 57, 57, 57, 57, 57, 57, 57, 57, 57, 57, 57, 57, 57, 57, 57, 57, 57, 57, 57, 57, 57, 57, 57, 57, 57, 57, 57, 57, 57, 57, 57, 57, 57, 57, 57, 57, 57, 57, 57, 57, 57, 57, 57, 57, 57, 57, 57, 57, 57, 57, 57, 57, 57, 57, 57, 57, 57, 57, 57, 57, 57, 57, 57, 57, 57, 57, 57, 57, 57, 57, 57, 57, 57, 57, 57, 57, 57, 57, 57, 57, 57, 57, 57, 57, 57, 57, 57, 57, 57, 57, 57, 57, 57], "lambda_reginter_max": [32.46235270785131, 32.46235270785131, 32.46235270785131, 32.46235270785131, 32.46235270785131, 32.46235270785131, 32.46235270785131, 32.46235270785131, 32.46235270785131, 32.46235270785131, 32.46235270785131, 32.46235270785131, 32.46235270785131, 32.46235270785131, 32.46235270785131, 32.46235270785131, 32.46235270785131, 32.46235270785131, 32.46235270785131, 32.46235270785131, 32.46235270785131, 32.46235270785131, 32.46235270785131, 32.46235270785131, 32.46235270785131, 32.46235270785131, 32.46235270785131, 32.46235270785131, 32.46235270785131, 32.46235270785131, 32.46235270785131, 32.46235270785131, 32.46235270785131, 32.46235270785131, 32.46235270785131, 32.46235270785131, 32.46235270785131, 32.46235270785131, 32.46235270785131, 32.46235270785131, 32.46235270785131, 32.46235270785131, 32.46235270785131, 32.46235270785131, 32.46235270785131, 32.46235270785131, 32.46235270785131, 32.46235270785131, 32.46235270785131, 32.46235270785131, 32.46235270785131, 32.46235270785131, 32.46235270785131, 32.46235270785131, 32.46235270785131, 32.46235270785131, 32.46235270785131, 32.46235270785131, 32.46235270785131, 32.46235270785131, 32.46235270785131, 32.46235270785131, 32.46235270785131, 32.46235270785131, 32.46235270785131, 32.46235270785131, 32.46235270785131, 32.46235270785131, 32.46235270785131, 32.46235270785131, 32.46235270785131, 32.46235270785131, 32.46235270785131, 32.46235270785131, 32.46235270785131, 32.46235270785131, 32.46235270785131, 32.46235270785131, 32.46235270785131, 32.46235270785131, 32.46235270785131, 32.46235270785131, 32.46235270785131, 32.46235270785131, 32.46235270785131, 32.46235270785131, 32.46235270785131, 32.46235270785131, 32.46235270785131, 32.46235270785131, 32.46235270785131, 32.46235270785131, 32.46235270785131, 32.46235270785131, 32.46235270785131, 32.46235270785131, 32.46235270785131, 32.46235270785131, 32.46235270785131, 32.46235270785131], "lambda_inter_max": [2.8077864608515397, 2.8077864608515397, 2.8077864608515397, 2.8077864608515397, 2.8077864608515397, 2.8077864608515397, 2.8077864608515397, 2.8077864608515397, 2.8077864608515397, 2.8077864608515397, 2.8077864608515397, 2.8077864608515397, 2.8077864608515397, 2.8077864608515397, 2.8077864608515397, 2.8077864608515397, 2.8077864608515397, 2.8077864608515397, 2.8077864608515397, 2.8077864608515397, 2.8077864608515397, 2.8077864608515397, 2.8077864608515397, 2.8077864608515397, 2.8077864608515397, 2.8077864608515397, 2.8077864608515397, 2.8077864608515397, 2.8077864608515397, 2.8077864608515397, 2.8077864608515397, 2.8077864608515397, 2.8077864608515397, 2.8077864608515397, 2.8077864608515397, 2.8077864608515397, 2.8077864608515397, 2.8077864608515397, 2.8077864608515397, 2.8077864608515397, 2.8077864608515397, 2.8077864608515397, 2.8077864608515397, 2.8077864608515397, 2.8077864608515397, 2.8077864608515397, 2.8077864608515397, 2.8077864608515397, 2.8077864608515397, 2.8077864608515397, 2.8077864608515397, 2.8077864608515397, 2.8077864608515397, 2.8077864608515397, 2.8077864608515397, 2.8077864608515397, 2.8077864608515397, 2.8077864608515397, 2.8077864608515397, 2.8077864608515397, 2.8077864608515397, 2.8077864608515397, 2.8077864608515397, 2.8077864608515397, 2.8077864608515397, 2.8077864608515397, 2.8077864608515397, 2.8077864608515397, 2.8077864608515397, 2.8077864608515397, 2.8077864608515397, 2.8077864608515397, 2.8077864608515397, 2.8077864608515397, 2.8077864608515397, 2.8077864608515397, 2.8077864608515397, 2.8077864608515397, 2.8077864608515397, 2.8077864608515397, 2.8077864608515397, 2.8077864608515397, 2.8077864608515397, 2.8077864608515397, 2.8077864608515397, 2.8077864608515397, 2.8077864608515397, 2.8077864608515397, 2.8077864608515397, 2.8077864608515397, 2.8077864608515397, 2.8077864608515397, 2.8077864608515397, 2.8077864608515397, 2.8077864608515397, 2.8077864608515397, 2.8077864608515397, 2.8077864608515397, 2.8077864608515397, 2.8077864608515397], "lambda_reginter": [0.0, 3.6069280786501454, 7.213856157300291, 10.820784235950436, 14.427712314600582, 18.034640393250726, 21.64156847190087, 25.248496550551017, 28.855424629201163, 32.46235270785131, 0.0, 3.6069280786501454, 7.213856157300291, 10.820784235950436, 14.427712314600582, 18.034640393250726, 21.64156847190087, 25.248496550551017, 28.855424629201163, 32.46235270785131, 0.0, 3.6069280786501454, 7.213856157300291, 10.820784235950436, 14.427712314600582, 18.034640393250726, 21.64156847190087, 25.248496550551017, 28.855424629201163, 32.46235270785131, 0.0, 3.6069280786501454, 7.213856157300291, 10.820784235950436, 14.427712314600582, 18.034640393250726, 21.64156847190087, 25.248496550551017, 28.855424629201163, 32.46235270785131, 0.0, 3.6069280786501454, 7.213856157300291, 10.820784235950436, 14.427712314600582, 18.034640393250726, 21.64156847190087, 25.248496550551017, 28.855424629201163, 32.46235270785131, 0.0, 3.6069280786501454, 7.213856157300291, 10.820784235950436, 14.427712314600582, 18.034640393250726, 21.64156847190087, 25.248496550551017, 28.855424629201163, 32.46235270785131, 0.0, 3.6069280786501454, 7.213856157300291, 10.820784235950436, 14.427712314600582, 18.034640393250726, 21.64156847190087, 25.248496550551017, 28.855424629201163, 32.46235270785131, 0.0, 3.6069280786501454, 7.213856157300291, 10.820784235950436, 14.427712314600582, 18.034640393250726, 21.64156847190087, 25.248496550551017, 28.855424629201163, 32.46235270785131, 0.0, 3.6069280786501454, 7.213856157300291, 10.820784235950436, 14.427712314600582, 18.034640393250726, 21.64156847190087, 25.248496550551017, 28.855424629201163, 32.46235270785131, 0.0, 3.6069280786501454, 7.213856157300291, 10.820784235950436, 14.427712314600582, 18.034640393250726, 21.64156847190087, 25.248496550551017, 28.855424629201163, 32.46235270785131],