{"n": [200, 200, 200, 200, 200, 200, 200, 200, 200, 200, 200, 200, 200, 200, 200, 200, 200, 200, 200, 200, 200, 200, 200, 200, 200, 200, 200, 200, 200, 200, 200, 200, 200, 200, 200, 200, 200, 200, 200, 200, 200, 200, 200, 200, 200, 200, 200, 200, 200, 200, 200, 200, 200, 200, 200, 200, 200, 200, 200, 200, 200, 200, 200, 200, 200, 200, 200, 200, 200, 200, 200, 200, 200, 200, 200, 200, 200, 200, 200, 200, 200, 200, 200, 200, 200, 200, 200, 200, 200, 200, 200, 200, 200, 200, 200, 200, 200, 200, 200, 200], "rep": [72, 72, 72, 72, 72, 72, 72, 72, 72, 72, 72, 72, 72, 72, 72, 72, 72, 72, 72, 72, 72, 72, 72, 72, 72, 72, 72, 72, 72, 72, 72, 72, 72, 72, 72, 72, 72, 72, 72, 72, 72, 72, 72, 72, 72, 72, 72, 72, 72, 72, 72, 72, 72, 72, 72, 72, 72, 72, 72, 72, 72, 72, 72, 72, 72, 72, 72, 72, 72, 72, 72, 72, 72, 72, 72, 72, 72, 72, 72, 72, 72, 72, 72, 72, 72, 72, 72, 72, 72, 72, 72, 72, 72, 72, 72, 72, 72, 72, 72, 72], "lambda_reginter_max": [25.091409695128856, 25.091409695128856, 25.091409695128856, 25.091409695128856, 25.091409695128856, 25.091409695128856, 25.091409695128856, 25.091409695128856, 25.091409695128856, 25.091409695128856, 25.091409695128856, 25.091409695128856, 25.091409695128856, 25.091409695128856, 25.091409695128856, 25.091409695128856, 25.091409695128856, 25.091409695128856, 25.091409695128856, 25.091409695128856, 25.091409695128856, 25.091409695128856, 25.091409695128856, 25.091409695128856, 25.091409695128856, 25.091409695128856, 25.091409695128856, 25.091409695128856, 25.091409695128856, 25.091409695128856, 25.091409695128856, 25.091409695128856, 25.091409695128856, 25.091409695128856, 25.091409695128856, 25.091409695128856, 25.091409695128856, 25.091409695128856, 25.091409695128856, 25.091409695128856, 25.091409695128856, 25.091409695128856, 25.091409695128856, 25.091409695128856, 25.091409695128856, 25.091409695128856, 25.091409695128856, 25.091409695128856, 25.091409695128856, 25.091409695128856, 25.091409695128856, 25.091409695128856, 25.091409695128856, 25.091409695128856, 25.091409695128856, 25.091409695128856, 25.091409695128856, 25.091409695128856, 25.091409695128856, 25.091409695128856, 25.091409695128856, 25.091409695128856, 25.091409695128856, 25.091409695128856, 25.091409695128856, 25.091409695128856, 25.091409695128856, 25.091409695128856, 25.091409695128856, 25.091409695128856, 25.091409695128856, 25.091409695128856, 25.091409695128856, 25.091409695128856, 25.091409695128856, 25.091409695128856, 25.091409695128856, 25.091409695128856, 25.091409695128856, 25.091409695128856, 25.091409695128856, 25.091409695128856, 25.091409695128856, 25.091409695128856, 25.091409695128856, 25.091409695128856, 25.091409695128856, 25.091409695128856, 25.091409695128856, 25.091409695128856, 25.091409695128856, 25.091409695128856, 25.091409695128856, 25.091409695128856, 25.091409695128856, 25.091409695128856, 25.091409695128856, 25.091409695128856, 25.091409695128856, 25.091409695128856], "lambda_inter_max": [2.6786148056107972, 2.6786148056107972, 2.6786148056107972, 2.6786148056107972, 2.6786148056107972, 2.6786148056107972, 2.6786148056107972, 2.6786148056107972, 2.6786148056107972, 2.6786148056107972, 2.6786148056107972, 2.6786148056107972, 2.6786148056107972, 2.6786148056107972, 2.6786148056107972, 2.6786148056107972, 2.6786148056107972, 2.6786148056107972, 2.6786148056107972, 2.6786148056107972, 2.6786148056107972, 2.6786148056107972, 2.6786148056107972, 2.6786148056107972, 2.6786148056107972, 2.6786148056107972, 2.6786148056107972, 2.6786148056107972, 2.6786148056107972, 2.6786148056107972, 2.6786148056107972, 2.6786148056107972, 2.6786148056107972, 2.6786148056107972, 2.6786148056107972, 2.6786148056107972, 2.6786148056107972, 2.6786148056107972, 2.6786148056107972, 2.6786148056107972, 2.6786148056107972, 2.6786148056107972, 2.6786148056107972, 2.6786148056107972, 2.6786148056107972, 2.6786148056107972, 2.6786148056107972, 2.6786148056107972, 2.6786148056107972, 2.6786148056107972, 2.6786148056107972, 2.6786148056107972, 2.6786148056107972, 2.6786148056107972, 2.6786148056107972, 2.6786148056107972, 2.6786148056107972, 2.6786148056107972, 2.6786148056107972, 2.6786148056107972, 2.6786148056107972, 2.6786148056107972, 2.6786148056107972, 2.6786148056107972, 2.6786148056107972, 2.6786148056107972, 2.6786148056107972, 2.6786148056107972, 2.6786148056107972, 2.6786148056107972, 2.6786148056107972, 2.6786148056107972, 2.6786148056107972, 2.6786148056107972, 2.6786148056107972, 2.6786148056107972, 2.6786148056107972, 2.6786148056107972, 2.6786148056107972, 2.6786148056107972, 2.6786148056107972, 2.6786148056107972, 2.6786148056107972, 2.6786148056107972, 2.6786148056107972, 2.6786148056107972, 2.6786148056107972, 2.6786148056107972, 2.6786148056107972, 2.6786148056107972, 2.6786148056107972, 2.6786148056107972, 2.6786148056107972, 2.6786148056107972, 2.6786148056107972, 2.6786148056107972, 2.6786148056107972, 2.6786148056107972, 2.6786148056107972, 2.6786148056107972], "lambda_reginter": [0.0, 2.787934410569873, 5.575868821139746, 8.36380323170962, 11.151737642279492, 13.939672052849366, 16.72760646341924, 19.51554087398911, 22.303475284558985, 25.091409695128856, 0.0, 2.787934410569873, 5.575868821139746, 8.36380323170962, 11.151737642279492, 13.939672052849366, 16.72760646341924, 19.51554087398911, 22.303475284558985, 25.091409695128856, 0.0, 2.787934410569873, 5.575868821139746, 8.36380323170962, 11.151737642279492, 13.939672052849366, 16.72760646341924, 19.51554087398911, 22.303475284558985, 25.091409695128856, 0.0, 2.787934410569873, 5.575868821139746, 8.36380323170962, 11.151737642279492, 13.939672052849366, 16.72760646341924, 19.51554087398911, 22.303475284558985, 25.091409695128856, 0.0, 2.787934410569873, 5.575868821139746, 8.36380323170962, 11.151737642279492, 13.939672052849366, 16.72760646341924, 19.51554087398911, 22.303475284558985, 25.091409695128856, 0.0, 2.787934410569873, 5.575868821139746, 8.36380323170962, 11.151737642279492, 13.939672052849366, 16.72760646341924, 19.51554087398911, 22.303475284558985, 25.091409695128856, 0.0, 2.787934410569873, 5.575868821139746, 8.36380323170962, 11.151737642279492, 13.939672052849366, 16.72760646341924, 19.51554087398911, 22.303475284558985, 25.091409695128856, 0.0, 2.787934410569873, 5.575868821139746, 8.36380323170962, 11.151737642279492, 13.939672052849366, 16.72760646341924, 19.51554087398911, 22.303475284558985, 25.091409695128856, 0.0, 2.787934410569873, 5.575868821139746, 8.36380323170962, 11.151737642279492, 13.939672052849366, 16.72760646341924, 19.51554087398911, 22.303475284558985, 25.091409695128856, 0.0, 2.787934410569873, 5.575868821139746, 8.36380323170962, 11.151737642279492, 13.939672052849366, 16.72760646341924, 19.51554087398911, 22.303475284558985, 25.091409695128856],