{"n": [1000, 1000, 1000, 1000, 1000, 1000, 1000, 1000, 1000, 1000, 1000, 1000, 1000, 1000, 1000, 1000, 1000, 1000, 1000, 1000, 1000, 1000, 1000, 1000, 1000, 1000, 1000, 1000, 1000, 1000, 1000, 1000, 1000, 1000, 1000, 1000, 1000, 1000, 1000, 1000, 1000, 1000, 1000, 1000, 1000, 1000, 1000, 1000, 1000, 1000, 1000, 1000, 1000, 1000, 1000, 1000, 1000, 1000, 1000, 1000, 1000, 1000, 1000, 1000, 1000, 1000, 1000, 1000, 1000, 1000, 1000, 1000, 1000, 1000, 1000, 1000, 1000, 1000, 1000, 1000, 1000, 1000, 1000, 1000, 1000, 1000, 1000, 1000, 1000, 1000, 1000, 1000, 1000, 1000, 1000, 1000, 1000, 1000, 1000, 1000], "rep": [85, 85, 85, 85, 85, 85, 85, 85, 85, 85, 85, 85, 85, 85, 85, 85, 85, 85, 85, 85, 85, 85, 85, 85, 85, 85, 85, 85, 85, 85, 85, 85, 85, 85, 85, 85, 85, 85, 85, 85, 85, 85, 85, 85, 85, 85, 85, 85, 85, 85, 85, 85, 85, 85, 85, 85, 85, 85, 85, 85, 85, 85, 85, 85, 85, 85, 85, 85, 85, 85, 85, 85, 85, 85, 85, 85, 85, 85, 85, 85, 85, 85, 85, 85, 85, 85, 85, 85, 85, 85, 85, 85, 85, 85, 85, 85, 85, 85, 85, 85], "lambda_reginter_max": [9.359696406098621, 9.359696406098621, 9.359696406098621, 9.359696406098621, 9.359696406098621, 9.359696406098621, 9.359696406098621, 9.359696406098621, 9.359696406098621, 9.359696406098621, 9.359696406098621, 9.359696406098621, 9.359696406098621, 9.359696406098621, 9.359696406098621, 9.359696406098621, 9.359696406098621, 9.359696406098621, 9.359696406098621, 9.359696406098621, 9.359696406098621, 9.359696406098621, 9.359696406098621, 9.359696406098621, 9.359696406098621, 9.359696406098621, 9.359696406098621, 9.359696406098621, 9.359696406098621, 9.359696406098621, 9.359696406098621, 9.359696406098621, 9.359696406098621, 9.359696406098621, 9.359696406098621, 9.359696406098621, 9.359696406098621, 9.359696406098621, 9.359696406098621, 9.359696406098621, 9.359696406098621, 9.359696406098621, 9.359696406098621, 9.359696406098621, 9.359696406098621, 9.359696406098621, 9.359696406098621, 9.359696406098621, 9.359696406098621, 9.359696406098621, 9.359696406098621, 9.359696406098621, 9.359696406098621, 9.359696406098621, 9.359696406098621, 9.359696406098621, 9.359696406098621, 9.359696406098621, 9.359696406098621, 9.359696406098621, 9.359696406098621, 9.359696406098621, 9.359696406098621, 9.359696406098621, 9.359696406098621, 9.359696406098621, 9.359696406098621, 9.359696406098621, 9.359696406098621, 9.359696406098621, 9.359696406098621, 9.359696406098621, 9.359696406098621, 9.359696406098621, 9.359696406098621, 9.359696406098621, 9.359696406098621, 9.359696406098621, 9.359696406098621, 9.359696406098621, 9.359696406098621, 9.359696406098621, 9.359696406098621, 9.359696406098621, 9.359696406098621, 9.359696406098621, 9.359696406098621, 9.359696406098621, 9.359696406098621, 9.359696406098621, 9.359696406098621, 9.359696406098621, 9.359696406098621, 9.359696406098621, 9.359696406098621, 9.359696406098621, 9.359696406098621, 9.359696406098621, 9.359696406098621, 9.359696406098621], "lambda_inter_max": [1.9401482680063185, 1.9401482680063185, 1.9401482680063185, 1.9401482680063185, 1.9401482680063185, 1.9401482680063185, 1.9401482680063185, 1.9401482680063185, 1.9401482680063185, 1.9401482680063185, 1.9401482680063185, 1.9401482680063185, 1.9401482680063185, 1.9401482680063185, 1.9401482680063185, 1.9401482680063185, 1.9401482680063185, 1.9401482680063185, 1.9401482680063185, 1.9401482680063185, 1.9401482680063185, 1.9401482680063185, 1.9401482680063185, 1.9401482680063185, 1.9401482680063185, 1.9401482680063185, 1.9401482680063185, 1.9401482680063185, 1.9401482680063185, 1.9401482680063185, 1.9401482680063185, 1.9401482680063185, 1.9401482680063185, 1.9401482680063185, 1.9401482680063185, 1.9401482680063185, 1.9401482680063185, 1.9401482680063185, 1.9401482680063185, 1.9401482680063185, 1.9401482680063185, 1.9401482680063185, 1.9401482680063185, 1.9401482680063185, 1.9401482680063185, 1.9401482680063185, 1.9401482680063185, 1.9401482680063185, 1.9401482680063185, 1.9401482680063185, 1.9401482680063185, 1.9401482680063185, 1.9401482680063185, 1.9401482680063185, 1.9401482680063185, 1.9401482680063185, 1.9401482680063185, 1.9401482680063185, 1.9401482680063185, 1.9401482680063185, 1.9401482680063185, 1.9401482680063185, 1.9401482680063185, 1.9401482680063185, 1.9401482680063185, 1.9401482680063185, 1.9401482680063185, 1.9401482680063185, 1.9401482680063185, 1.9401482680063185, 1.9401482680063185, 1.9401482680063185, 1.9401482680063185, 1.9401482680063185, 1.9401482680063185, 1.9401482680063185, 1.9401482680063185, 1.9401482680063185, 1.9401482680063185, 1.9401482680063185, 1.9401482680063185, 1.9401482680063185, 1.9401482680063185, 1.9401482680063185, 1.9401482680063185, 1.9401482680063185, 1.9401482680063185, 1.9401482680063185, 1.9401482680063185, 1.9401482680063185, 1.9401482680063185, 1.9401482680063185, 1.9401482680063185, 1.9401482680063185, 1.9401482680063185, 1.9401482680063185, 1.9401482680063185, 1.9401482680063185, 1.9401482680063185, 1.9401482680063185], "lambda_reginter": [0.0, 1.0399662673442913, 2.0799325346885826, 3.119898802032874, 4.159865069377165, 5.199831336721457, 6.239797604065748, 7.279763871410039, 8.31973013875433, 9.359696406098621, 0.0, 1.0399662673442913, 2.0799325346885826, 3.119898802032874, 4.159865069377165, 5.199831336721457, 6.239797604065748, 7.279763871410039, 8.31973013875433, 9.359696406098621, 0.0, 1.0399662673442913, 2.0799325346885826, 3.119898802032874, 4.159865069377165, 5.199831336721457, 6.239797604065748, 7.279763871410039, 8.31973013875433, 9.359696406098621, 0.0, 1.0399662673442913, 2.0799325346885826, 3.119898802032874, 4.159865069377165, 5.199831336721457, 6.239797604065748, 7.279763871410039, 8.31973013875433, 9.359696406098621, 0.0, 1.0399662673442913, 2.0799325346885826, 3.119898802032874, 4.159865069377165, 5.199831336721457, 6.239797604065748, 7.279763871410039, 8.31973013875433, 9.359696406098621, 0.0, 1.0399662673442913, 2.0799325346885826, 3.119898802032874, 4.159865069377165, 5.199831336721457, 6.239797604065748, 7.279763871410039, 8.31973013875433, 9.359696406098621, 0.0, 1.0399662673442913, 2.0799325346885826, 3.119898802032874, 4.159865069377165, 5.199831336721457, 6.239797604065748, 7.279763871410039, 8.31973013875433, 9.359696406098621, 0.0, 1.0399662673442913, 2.0799325346885826, 3.119898802032874, 4.159865069377165, 5.199831336721457, 6.239797604065748, 7.279763871410039, 8.31973013875433, 9.359696406098621, 0.0, 1.0399662673442913, 2.0799325346885826, 3.119898802032874, 4.159865069377165, 5.199831336721457, 6.239797604065748, 7.279763871410039, 8.31973013875433, 9.359696406098621, 0.0, 1.0399662673442913, 2.0799325346885826, 3.119898802032874, 4.159865069377165, 5.199831336721457, 6.239797604065748, 7.279763871410039, 8.31973013875433, 9.359696406098621],