{"lambda_reginter_max": 42.101648617553735, "lambda_inter_max": 0.46599524612085935}