{"n": [200, 200, 200, 200, 200, 200, 200, 200, 200, 200, 200, 200, 200, 200, 200, 200, 200, 200, 200, 200, 200, 200, 200, 200, 200, 200, 200, 200, 200, 200, 200, 200, 200, 200, 200, 200, 200, 200, 200, 200, 200, 200, 200, 200, 200, 200, 200, 200, 200, 200, 200, 200, 200, 200, 200, 200, 200, 200, 200, 200, 200, 200, 200, 200, 200, 200, 200, 200, 200, 200, 200, 200, 200, 200, 200, 200, 200, 200, 200, 200, 200, 200, 200, 200, 200, 200, 200, 200, 200, 200, 200, 200, 200, 200, 200, 200, 200, 200, 200, 200], "rep": [30, 30, 30, 30, 30, 30, 30, 30, 30, 30, 30, 30, 30, 30, 30, 30, 30, 30, 30, 30, 30, 30, 30, 30, 30, 30, 30, 30, 30, 30, 30, 30, 30, 30, 30, 30, 30, 30, 30, 30, 30, 30, 30, 30, 30, 30, 30, 30, 30, 30, 30, 30, 30, 30, 30, 30, 30, 30, 30, 30, 30, 30, 30, 30, 30, 30, 30, 30, 30, 30, 30, 30, 30, 30, 30, 30, 30, 30, 30, 30, 30, 30, 30, 30, 30, 30, 30, 30, 30, 30, 30, 30, 30, 30, 30, 30, 30, 30, 30, 30], "lambda_reginter_max": [20.895618568306826, 20.895618568306826, 20.895618568306826, 20.895618568306826, 20.895618568306826, 20.895618568306826, 20.895618568306826, 20.895618568306826, 20.895618568306826, 20.895618568306826, 20.895618568306826, 20.895618568306826, 20.895618568306826, 20.895618568306826, 20.895618568306826, 20.895618568306826, 20.895618568306826, 20.895618568306826, 20.895618568306826, 20.895618568306826, 20.895618568306826, 20.895618568306826, 20.895618568306826, 20.895618568306826, 20.895618568306826, 20.895618568306826, 20.895618568306826, 20.895618568306826, 20.895618568306826, 20.895618568306826, 20.895618568306826, 20.895618568306826, 20.895618568306826, 20.895618568306826, 20.895618568306826, 20.895618568306826, 20.895618568306826, 20.895618568306826, 20.895618568306826, 20.895618568306826, 20.895618568306826, 20.895618568306826, 20.895618568306826, 20.895618568306826, 20.895618568306826, 20.895618568306826, 20.895618568306826, 20.895618568306826, 20.895618568306826, 20.895618568306826, 20.895618568306826, 20.895618568306826, 20.895618568306826, 20.895618568306826, 20.895618568306826, 20.895618568306826, 20.895618568306826, 20.895618568306826, 20.895618568306826, 20.895618568306826, 20.895618568306826, 20.895618568306826, 20.895618568306826, 20.895618568306826, 20.895618568306826, 20.895618568306826, 20.895618568306826, 20.895618568306826, 20.895618568306826, 20.895618568306826, 20.895618568306826, 20.895618568306826, 20.895618568306826, 20.895618568306826, 20.895618568306826, 20.895618568306826, 20.895618568306826, 20.895618568306826, 20.895618568306826, 20.895618568306826, 20.895618568306826, 20.895618568306826, 20.895618568306826, 20.895618568306826, 20.895618568306826, 20.895618568306826, 20.895618568306826, 20.895618568306826, 20.895618568306826, 20.895618568306826, 20.895618568306826, 20.895618568306826, 20.895618568306826, 20.895618568306826, 20.895618568306826, 20.895618568306826, 20.895618568306826, 20.895618568306826, 20.895618568306826, 20.895618568306826], "lambda_inter_max": [2.6586624183113825, 2.6586624183113825, 2.6586624183113825, 2.6586624183113825, 2.6586624183113825, 2.6586624183113825, 2.6586624183113825, 2.6586624183113825, 2.6586624183113825, 2.6586624183113825, 2.6586624183113825, 2.6586624183113825, 2.6586624183113825, 2.6586624183113825, 2.6586624183113825, 2.6586624183113825, 2.6586624183113825, 2.6586624183113825, 2.6586624183113825, 2.6586624183113825, 2.6586624183113825, 2.6586624183113825, 2.6586624183113825, 2.6586624183113825, 2.6586624183113825, 2.6586624183113825, 2.6586624183113825, 2.6586624183113825, 2.6586624183113825, 2.6586624183113825, 2.6586624183113825, 2.6586624183113825, 2.6586624183113825, 2.6586624183113825, 2.6586624183113825, 2.6586624183113825, 2.6586624183113825, 2.6586624183113825, 2.6586624183113825, 2.6586624183113825, 2.6586624183113825, 2.6586624183113825, 2.6586624183113825, 2.6586624183113825, 2.6586624183113825, 2.6586624183113825, 2.6586624183113825, 2.6586624183113825, 2.6586624183113825, 2.6586624183113825, 2.6586624183113825, 2.6586624183113825, 2.6586624183113825, 2.6586624183113825, 2.6586624183113825, 2.6586624183113825, 2.6586624183113825, 2.6586624183113825, 2.6586624183113825, 2.6586624183113825, 2.6586624183113825, 2.6586624183113825, 2.6586624183113825, 2.6586624183113825, 2.6586624183113825, 2.6586624183113825, 2.6586624183113825, 2.6586624183113825, 2.6586624183113825, 2.6586624183113825, 2.6586624183113825, 2.6586624183113825, 2.6586624183113825, 2.6586624183113825, 2.6586624183113825, 2.6586624183113825, 2.6586624183113825, 2.6586624183113825, 2.6586624183113825, 2.6586624183113825, 2.6586624183113825, 2.6586624183113825, 2.6586624183113825, 2.6586624183113825, 2.6586624183113825, 2.6586624183113825, 2.6586624183113825, 2.6586624183113825, 2.6586624183113825, 2.6586624183113825, 2.6586624183113825, 2.6586624183113825, 2.6586624183113825, 2.6586624183113825, 2.6586624183113825, 2.6586624183113825, 2.6586624183113825, 2.6586624183113825, 2.6586624183113825, 2.6586624183113825], "lambda_reginter": [0.0, 2.321735396478536, 4.643470792957072, 6.965206189435609, 9.286941585914144, 11.60867698239268, 13.930412378871218, 16.25214777534975, 18.57388317182829, 20.895618568306826, 0.0, 2.321735396478536, 4.643470792957072, 6.965206189435609, 9.286941585914144, 11.60867698239268, 13.930412378871218, 16.25214777534975, 18.57388317182829, 20.895618568306826, 0.0, 2.321735396478536, 4.643470792957072, 6.965206189435609, 9.286941585914144, 11.60867698239268, 13.930412378871218, 16.25214777534975, 18.57388317182829, 20.895618568306826, 0.0, 2.321735396478536, 4.643470792957072, 6.965206189435609, 9.286941585914144, 11.60867698239268, 13.930412378871218, 16.25214777534975, 18.57388317182829, 20.895618568306826, 0.0, 2.321735396478536, 4.643470792957072, 6.965206189435609, 9.286941585914144, 11.60867698239268, 13.930412378871218, 16.25214777534975, 18.57388317182829, 20.895618568306826, 0.0, 2.321735396478536, 4.643470792957072, 6.965206189435609, 9.286941585914144, 11.60867698239268, 13.930412378871218, 16.25214777534975, 18.57388317182829, 20.895618568306826, 0.0, 2.321735396478536, 4.643470792957072, 6.965206189435609, 9.286941585914144, 11.60867698239268, 13.930412378871218, 16.25214777534975, 18.57388317182829, 20.895618568306826, 0.0, 2.321735396478536, 4.643470792957072, 6.965206189435609, 9.286941585914144, 11.60867698239268, 13.930412378871218, 16.25214777534975, 18.57388317182829, 20.895618568306826, 0.0, 2.321735396478536, 4.643470792957072, 6.965206189435609, 9.286941585914144, 11.60867698239268, 13.930412378871218, 16.25214777534975, 18.57388317182829, 20.895618568306826, 0.0, 2.321735396478536, 4.643470792957072, 6.965206189435609, 9.286941585914144, 11.60867698239268, 13.930412378871218, 16.25214777534975, 18.57388317182829, 20.895618568306826],