{"lambda_reginter_max": 6.454520017317851, "lambda_inter_max": 1.9376971540549628}