{"n": [500, 500, 500, 500, 500, 500, 500, 500, 500, 500, 500, 500, 500, 500, 500, 500, 500, 500, 500, 500, 500, 500, 500, 500, 500, 500, 500, 500, 500, 500, 500, 500, 500, 500, 500, 500, 500, 500, 500, 500, 500, 500, 500, 500, 500, 500, 500, 500, 500, 500, 500, 500, 500, 500, 500, 500, 500, 500, 500, 500, 500, 500, 500, 500, 500, 500, 500, 500, 500, 500, 500, 500, 500, 500, 500, 500, 500, 500, 500, 500, 500, 500, 500, 500, 500, 500, 500, 500, 500, 500, 500, 500, 500, 500, 500, 500, 500, 500, 500, 500], "rep": [17, 17, 17, 17, 17, 17, 17, 17, 17, 17, 17, 17, 17, 17, 17, 17, 17, 17, 17, 17, 17, 17, 17, 17, 17, 17, 17, 17, 17, 17, 17, 17, 17, 17, 17, 17, 17, 17, 17, 17, 17, 17, 17, 17, 17, 17, 17, 17, 17, 17, 17, 17, 17, 17, 17, 17, 17, 17, 17, 17, 17, 17, 17, 17, 17, 17, 17, 17, 17, 17, 17, 17, 17, 17, 17, 17, 17, 17, 17, 17, 17, 17, 17, 17, 17, 17, 17, 17, 17, 17, 17, 17, 17, 17, 17, 17, 17, 17, 17, 17], "lambda_reginter_max": [7.184262364257008, 7.184262364257008, 7.184262364257008, 7.184262364257008, 7.184262364257008, 7.184262364257008, 7.184262364257008, 7.184262364257008, 7.184262364257008, 7.184262364257008, 7.184262364257008, 7.184262364257008, 7.184262364257008, 7.184262364257008, 7.184262364257008, 7.184262364257008, 7.184262364257008, 7.184262364257008, 7.184262364257008, 7.184262364257008, 7.184262364257008, 7.184262364257008, 7.184262364257008, 7.184262364257008, 7.184262364257008, 7.184262364257008, 7.184262364257008, 7.184262364257008, 7.184262364257008, 7.184262364257008, 7.184262364257008, 7.184262364257008, 7.184262364257008, 7.184262364257008, 7.184262364257008, 7.184262364257008, 7.184262364257008, 7.184262364257008, 7.184262364257008, 7.184262364257008, 7.184262364257008, 7.184262364257008, 7.184262364257008, 7.184262364257008, 7.184262364257008, 7.184262364257008, 7.184262364257008, 7.184262364257008, 7.184262364257008, 7.184262364257008, 7.184262364257008, 7.184262364257008, 7.184262364257008, 7.184262364257008, 7.184262364257008, 7.184262364257008, 7.184262364257008, 7.184262364257008, 7.184262364257008, 7.184262364257008, 7.184262364257008, 7.184262364257008, 7.184262364257008, 7.184262364257008, 7.184262364257008, 7.184262364257008, 7.184262364257008, 7.184262364257008, 7.184262364257008, 7.184262364257008, 7.184262364257008, 7.184262364257008, 7.184262364257008, 7.184262364257008, 7.184262364257008, 7.184262364257008, 7.184262364257008, 7.184262364257008, 7.184262364257008, 7.184262364257008, 7.184262364257008, 7.184262364257008, 7.184262364257008, 7.184262364257008, 7.184262364257008, 7.184262364257008, 7.184262364257008, 7.184262364257008, 7.184262364257008, 7.184262364257008, 7.184262364257008, 7.184262364257008, 7.184262364257008, 7.184262364257008, 7.184262364257008, 7.184262364257008, 7.184262364257008, 7.184262364257008, 7.184262364257008, 7.184262364257008], "lambda_inter_max": [1.6554475283886023, 1.6554475283886023, 1.6554475283886023, 1.6554475283886023, 1.6554475283886023, 1.6554475283886023, 1.6554475283886023, 1.6554475283886023, 1.6554475283886023, 1.6554475283886023, 1.6554475283886023, 1.6554475283886023, 1.6554475283886023, 1.6554475283886023, 1.6554475283886023, 1.6554475283886023, 1.6554475283886023, 1.6554475283886023, 1.6554475283886023, 1.6554475283886023, 1.6554475283886023, 1.6554475283886023, 1.6554475283886023, 1.6554475283886023, 1.6554475283886023, 1.6554475283886023, 1.6554475283886023, 1.6554475283886023, 1.6554475283886023, 1.6554475283886023, 1.6554475283886023, 1.6554475283886023, 1.6554475283886023, 1.6554475283886023, 1.6554475283886023, 1.6554475283886023, 1.6554475283886023, 1.6554475283886023, 1.6554475283886023, 1.6554475283886023, 1.6554475283886023, 1.6554475283886023, 1.6554475283886023, 1.6554475283886023, 1.6554475283886023, 1.6554475283886023, 1.6554475283886023, 1.6554475283886023, 1.6554475283886023, 1.6554475283886023, 1.6554475283886023, 1.6554475283886023, 1.6554475283886023, 1.6554475283886023, 1.6554475283886023, 1.6554475283886023, 1.6554475283886023, 1.6554475283886023, 1.6554475283886023, 1.6554475283886023, 1.6554475283886023, 1.6554475283886023, 1.6554475283886023, 1.6554475283886023, 1.6554475283886023, 1.6554475283886023, 1.6554475283886023, 1.6554475283886023, 1.6554475283886023, 1.6554475283886023, 1.6554475283886023, 1.6554475283886023, 1.6554475283886023, 1.6554475283886023, 1.6554475283886023, 1.6554475283886023, 1.6554475283886023, 1.6554475283886023, 1.6554475283886023, 1.6554475283886023, 1.6554475283886023, 1.6554475283886023, 1.6554475283886023, 1.6554475283886023, 1.6554475283886023, 1.6554475283886023, 1.6554475283886023, 1.6554475283886023, 1.6554475283886023, 1.6554475283886023, 1.6554475283886023, 1.6554475283886023, 1.6554475283886023, 1.6554475283886023, 1.6554475283886023, 1.6554475283886023, 1.6554475283886023, 1.6554475283886023, 1.6554475283886023, 1.6554475283886023], "lambda_reginter": [0.0, 0.7982513738063343, 1.5965027476126685, 2.3947541214190027, 3.193005495225337, 3.9912568690316714, 4.789508242838005, 5.58775961664434, 6.386010990450674, 7.184262364257008, 0.0, 0.7982513738063343, 1.5965027476126685, 2.3947541214190027, 3.193005495225337, 3.9912568690316714, 4.789508242838005, 5.58775961664434, 6.386010990450674, 7.184262364257008, 0.0, 0.7982513738063343, 1.5965027476126685, 2.3947541214190027, 3.193005495225337, 3.9912568690316714, 4.789508242838005, 5.58775961664434, 6.386010990450674, 7.184262364257008, 0.0, 0.7982513738063343, 1.5965027476126685, 2.3947541214190027, 3.193005495225337, 3.9912568690316714, 4.789508242838005, 5.58775961664434, 6.386010990450674, 7.184262364257008, 0.0, 0.7982513738063343, 1.5965027476126685, 2.3947541214190027, 3.193005495225337, 3.9912568690316714, 4.789508242838005, 5.58775961664434, 6.386010990450674, 7.184262364257008, 0.0, 0.7982513738063343, 1.5965027476126685, 2.3947541214190027, 3.193005495225337, 3.9912568690316714, 4.789508242838005, 5.58775961664434, 6.386010990450674, 7.184262364257008, 0.0, 0.7982513738063343, 1.5965027476126685, 2.3947541214190027, 3.193005495225337, 3.9912568690316714, 4.789508242838005, 5.58775961664434, 6.386010990450674, 7.184262364257008, 0.0, 0.7982513738063343, 1.5965027476126685, 2.3947541214190027, 3.193005495225337, 3.9912568690316714, 4.789508242838005, 5.58775961664434, 6.386010990450674, 7.184262364257008, 0.0, 0.7982513738063343, 1.5965027476126685, 2.3947541214190027, 3.193005495225337, 3.9912568690316714, 4.789508242838005, 5.58775961664434, 6.386010990450674, 7.184262364257008, 0.0, 0.7982513738063343, 1.5965027476126685, 2.3947541214190027, 3.193005495225337, 3.9912568690316714, 4.789508242838005, 5.58775961664434, 6.386010990450674, 7.184262364257008],