{"lambda_reginter_max": 4.0851534438309915, "lambda_inter_max": 0.023897190721941602}