{"lambda_reginter_max": 2.700996515879408, "lambda_inter_max": 0.8408595916138037}