{"n": [500, 500, 500, 500, 500, 500, 500, 500, 500, 500, 500, 500, 500, 500, 500, 500, 500, 500, 500, 500, 500, 500, 500, 500, 500, 500, 500, 500, 500, 500, 500, 500, 500, 500, 500, 500, 500, 500, 500, 500, 500, 500, 500, 500, 500, 500, 500, 500, 500, 500, 500, 500, 500, 500, 500, 500, 500, 500, 500, 500, 500, 500, 500, 500, 500, 500, 500, 500, 500, 500, 500, 500, 500, 500, 500, 500, 500, 500, 500, 500, 500, 500, 500, 500, 500, 500, 500, 500, 500, 500, 500, 500, 500, 500, 500, 500, 500, 500, 500, 500], "rep": [72, 72, 72, 72, 72, 72, 72, 72, 72, 72, 72, 72, 72, 72, 72, 72, 72, 72, 72, 72, 72, 72, 72, 72, 72, 72, 72, 72, 72, 72, 72, 72, 72, 72, 72, 72, 72, 72, 72, 72, 72, 72, 72, 72, 72, 72, 72, 72, 72, 72, 72, 72, 72, 72, 72, 72, 72, 72, 72, 72, 72, 72, 72, 72, 72, 72, 72, 72, 72, 72, 72, 72, 72, 72, 72, 72, 72, 72, 72, 72, 72, 72, 72, 72, 72, 72, 72, 72, 72, 72, 72, 72, 72, 72, 72, 72, 72, 72, 72, 72], "lambda_reginter_max": [14.604073845633113, 14.604073845633113, 14.604073845633113, 14.604073845633113, 14.604073845633113, 14.604073845633113, 14.604073845633113, 14.604073845633113, 14.604073845633113, 14.604073845633113, 14.604073845633113, 14.604073845633113, 14.604073845633113, 14.604073845633113, 14.604073845633113, 14.604073845633113, 14.604073845633113, 14.604073845633113, 14.604073845633113, 14.604073845633113, 14.604073845633113, 14.604073845633113, 14.604073845633113, 14.604073845633113, 14.604073845633113, 14.604073845633113, 14.604073845633113, 14.604073845633113, 14.604073845633113, 14.604073845633113, 14.604073845633113, 14.604073845633113, 14.604073845633113, 14.604073845633113, 14.604073845633113, 14.604073845633113, 14.604073845633113, 14.604073845633113, 14.604073845633113, 14.604073845633113, 14.604073845633113, 14.604073845633113, 14.604073845633113, 14.604073845633113, 14.604073845633113, 14.604073845633113, 14.604073845633113, 14.604073845633113, 14.604073845633113, 14.604073845633113, 14.604073845633113, 14.604073845633113, 14.604073845633113, 14.604073845633113, 14.604073845633113, 14.604073845633113, 14.604073845633113, 14.604073845633113, 14.604073845633113, 14.604073845633113, 14.604073845633113, 14.604073845633113, 14.604073845633113, 14.604073845633113, 14.604073845633113, 14.604073845633113, 14.604073845633113, 14.604073845633113, 14.604073845633113, 14.604073845633113, 14.604073845633113, 14.604073845633113, 14.604073845633113, 14.604073845633113, 14.604073845633113, 14.604073845633113, 14.604073845633113, 14.604073845633113, 14.604073845633113, 14.604073845633113, 14.604073845633113, 14.604073845633113, 14.604073845633113, 14.604073845633113, 14.604073845633113, 14.604073845633113, 14.604073845633113, 14.604073845633113, 14.604073845633113, 14.604073845633113, 14.604073845633113, 14.604073845633113, 14.604073845633113, 14.604073845633113, 14.604073845633113, 14.604073845633113, 14.604073845633113, 14.604073845633113, 14.604073845633113, 14.604073845633113], "lambda_inter_max": [2.3448815762892514, 2.3448815762892514, 2.3448815762892514, 2.3448815762892514, 2.3448815762892514, 2.3448815762892514, 2.3448815762892514, 2.3448815762892514, 2.3448815762892514, 2.3448815762892514, 2.3448815762892514, 2.3448815762892514, 2.3448815762892514, 2.3448815762892514, 2.3448815762892514, 2.3448815762892514, 2.3448815762892514, 2.3448815762892514, 2.3448815762892514, 2.3448815762892514, 2.3448815762892514, 2.3448815762892514, 2.3448815762892514, 2.3448815762892514, 2.3448815762892514, 2.3448815762892514, 2.3448815762892514, 2.3448815762892514, 2.3448815762892514, 2.3448815762892514, 2.3448815762892514, 2.3448815762892514, 2.3448815762892514, 2.3448815762892514, 2.3448815762892514, 2.3448815762892514, 2.3448815762892514, 2.3448815762892514, 2.3448815762892514, 2.3448815762892514, 2.3448815762892514, 2.3448815762892514, 2.3448815762892514, 2.3448815762892514, 2.3448815762892514, 2.3448815762892514, 2.3448815762892514, 2.3448815762892514, 2.3448815762892514, 2.3448815762892514, 2.3448815762892514, 2.3448815762892514, 2.3448815762892514, 2.3448815762892514, 2.3448815762892514, 2.3448815762892514, 2.3448815762892514, 2.3448815762892514, 2.3448815762892514, 2.3448815762892514, 2.3448815762892514, 2.3448815762892514, 2.3448815762892514, 2.3448815762892514, 2.3448815762892514, 2.3448815762892514, 2.3448815762892514, 2.3448815762892514, 2.3448815762892514, 2.3448815762892514, 2.3448815762892514, 2.3448815762892514, 2.3448815762892514, 2.3448815762892514, 2.3448815762892514, 2.3448815762892514, 2.3448815762892514, 2.3448815762892514, 2.3448815762892514, 2.3448815762892514, 2.3448815762892514, 2.3448815762892514, 2.3448815762892514, 2.3448815762892514, 2.3448815762892514, 2.3448815762892514, 2.3448815762892514, 2.3448815762892514, 2.3448815762892514, 2.3448815762892514, 2.3448815762892514, 2.3448815762892514, 2.3448815762892514, 2.3448815762892514, 2.3448815762892514, 2.3448815762892514, 2.3448815762892514, 2.3448815762892514, 2.3448815762892514, 2.3448815762892514], "lambda_reginter": [0.0, 1.6226748717370125, 3.245349743474025, 4.868024615211038, 6.49069948694805, 8.113374358685062, 9.736049230422076, 11.358724102159087, 12.9813989738961, 14.604073845633113, 0.0, 1.6226748717370125, 3.245349743474025, 4.868024615211038, 6.49069948694805, 8.113374358685062, 9.736049230422076, 11.358724102159087, 12.9813989738961, 14.604073845633113, 0.0, 1.6226748717370125, 3.245349743474025, 4.868024615211038, 6.49069948694805, 8.113374358685062, 9.736049230422076, 11.358724102159087, 12.9813989738961, 14.604073845633113, 0.0, 1.6226748717370125, 3.245349743474025, 4.868024615211038, 6.49069948694805, 8.113374358685062, 9.736049230422076, 11.358724102159087, 12.9813989738961, 14.604073845633113, 0.0, 1.6226748717370125, 3.245349743474025, 4.868024615211038, 6.49069948694805, 8.113374358685062, 9.736049230422076, 11.358724102159087, 12.9813989738961, 14.604073845633113, 0.0, 1.6226748717370125, 3.245349743474025, 4.868024615211038, 6.49069948694805, 8.113374358685062, 9.736049230422076, 11.358724102159087, 12.9813989738961, 14.604073845633113, 0.0, 1.6226748717370125, 3.245349743474025, 4.868024615211038, 6.49069948694805, 8.113374358685062, 9.736049230422076, 11.358724102159087, 12.9813989738961, 14.604073845633113, 0.0, 1.6226748717370125, 3.245349743474025, 4.868024615211038, 6.49069948694805, 8.113374358685062, 9.736049230422076, 11.358724102159087, 12.9813989738961, 14.604073845633113, 0.0, 1.6226748717370125, 3.245349743474025, 4.868024615211038, 6.49069948694805, 8.113374358685062, 9.736049230422076, 11.358724102159087, 12.9813989738961, 14.604073845633113, 0.0, 1.6226748717370125, 3.245349743474025, 4.868024615211038, 6.49069948694805, 8.113374358685062, 9.736049230422076, 11.358724102159087, 12.9813989738961, 14.604073845633113],