{"n": [200, 200, 200, 200, 200, 200, 200, 200, 200, 200, 200, 200, 200, 200, 200, 200, 200, 200, 200, 200, 200, 200, 200, 200, 200, 200, 200, 200, 200, 200, 200, 200, 200, 200, 200, 200, 200, 200, 200, 200, 200, 200, 200, 200, 200, 200, 200, 200, 200, 200, 200, 200, 200, 200, 200, 200, 200, 200, 200, 200, 200, 200, 200, 200, 200, 200, 200, 200, 200, 200, 200, 200, 200, 200, 200, 200, 200, 200, 200, 200, 200, 200, 200, 200, 200, 200, 200, 200, 200, 200, 200, 200, 200, 200, 200, 200, 200, 200, 200, 200], "rep": [44, 44, 44, 44, 44, 44, 44, 44, 44, 44, 44, 44, 44, 44, 44, 44, 44, 44, 44, 44, 44, 44, 44, 44, 44, 44, 44, 44, 44, 44, 44, 44, 44, 44, 44, 44, 44, 44, 44, 44, 44, 44, 44, 44, 44, 44, 44, 44, 44, 44, 44, 44, 44, 44, 44, 44, 44, 44, 44, 44, 44, 44, 44, 44, 44, 44, 44, 44, 44, 44, 44, 44, 44, 44, 44, 44, 44, 44, 44, 44, 44, 44, 44, 44, 44, 44, 44, 44, 44, 44, 44, 44, 44, 44, 44, 44, 44, 44, 44, 44], "lambda_reginter_max": [24.52177150889672, 24.52177150889672, 24.52177150889672, 24.52177150889672, 24.52177150889672, 24.52177150889672, 24.52177150889672, 24.52177150889672, 24.52177150889672, 24.52177150889672, 24.52177150889672, 24.52177150889672, 24.52177150889672, 24.52177150889672, 24.52177150889672, 24.52177150889672, 24.52177150889672, 24.52177150889672, 24.52177150889672, 24.52177150889672, 24.52177150889672, 24.52177150889672, 24.52177150889672, 24.52177150889672, 24.52177150889672, 24.52177150889672, 24.52177150889672, 24.52177150889672, 24.52177150889672, 24.52177150889672, 24.52177150889672, 24.52177150889672, 24.52177150889672, 24.52177150889672, 24.52177150889672, 24.52177150889672, 24.52177150889672, 24.52177150889672, 24.52177150889672, 24.52177150889672, 24.52177150889672, 24.52177150889672, 24.52177150889672, 24.52177150889672, 24.52177150889672, 24.52177150889672, 24.52177150889672, 24.52177150889672, 24.52177150889672, 24.52177150889672, 24.52177150889672, 24.52177150889672, 24.52177150889672, 24.52177150889672, 24.52177150889672, 24.52177150889672, 24.52177150889672, 24.52177150889672, 24.52177150889672, 24.52177150889672, 24.52177150889672, 24.52177150889672, 24.52177150889672, 24.52177150889672, 24.52177150889672, 24.52177150889672, 24.52177150889672, 24.52177150889672, 24.52177150889672, 24.52177150889672, 24.52177150889672, 24.52177150889672, 24.52177150889672, 24.52177150889672, 24.52177150889672, 24.52177150889672, 24.52177150889672, 24.52177150889672, 24.52177150889672, 24.52177150889672, 24.52177150889672, 24.52177150889672, 24.52177150889672, 24.52177150889672, 24.52177150889672, 24.52177150889672, 24.52177150889672, 24.52177150889672, 24.52177150889672, 24.52177150889672, 24.52177150889672, 24.52177150889672, 24.52177150889672, 24.52177150889672, 24.52177150889672, 24.52177150889672, 24.52177150889672, 24.52177150889672, 24.52177150889672, 24.52177150889672], "lambda_inter_max": [2.6238635961121006, 2.6238635961121006, 2.6238635961121006, 2.6238635961121006, 2.6238635961121006, 2.6238635961121006, 2.6238635961121006, 2.6238635961121006, 2.6238635961121006, 2.6238635961121006, 2.6238635961121006, 2.6238635961121006, 2.6238635961121006, 2.6238635961121006, 2.6238635961121006, 2.6238635961121006, 2.6238635961121006, 2.6238635961121006, 2.6238635961121006, 2.6238635961121006, 2.6238635961121006, 2.6238635961121006, 2.6238635961121006, 2.6238635961121006, 2.6238635961121006, 2.6238635961121006, 2.6238635961121006, 2.6238635961121006, 2.6238635961121006, 2.6238635961121006, 2.6238635961121006, 2.6238635961121006, 2.6238635961121006, 2.6238635961121006, 2.6238635961121006, 2.6238635961121006, 2.6238635961121006, 2.6238635961121006, 2.6238635961121006, 2.6238635961121006, 2.6238635961121006, 2.6238635961121006, 2.6238635961121006, 2.6238635961121006, 2.6238635961121006, 2.6238635961121006, 2.6238635961121006, 2.6238635961121006, 2.6238635961121006, 2.6238635961121006, 2.6238635961121006, 2.6238635961121006, 2.6238635961121006, 2.6238635961121006, 2.6238635961121006, 2.6238635961121006, 2.6238635961121006, 2.6238635961121006, 2.6238635961121006, 2.6238635961121006, 2.6238635961121006, 2.6238635961121006, 2.6238635961121006, 2.6238635961121006, 2.6238635961121006, 2.6238635961121006, 2.6238635961121006, 2.6238635961121006, 2.6238635961121006, 2.6238635961121006, 2.6238635961121006, 2.6238635961121006, 2.6238635961121006, 2.6238635961121006, 2.6238635961121006, 2.6238635961121006, 2.6238635961121006, 2.6238635961121006, 2.6238635961121006, 2.6238635961121006, 2.6238635961121006, 2.6238635961121006, 2.6238635961121006, 2.6238635961121006, 2.6238635961121006, 2.6238635961121006, 2.6238635961121006, 2.6238635961121006, 2.6238635961121006, 2.6238635961121006, 2.6238635961121006, 2.6238635961121006, 2.6238635961121006, 2.6238635961121006, 2.6238635961121006, 2.6238635961121006, 2.6238635961121006, 2.6238635961121006, 2.6238635961121006, 2.6238635961121006], "lambda_reginter": [0.0, 2.724641278766302, 5.449282557532604, 8.173923836298906, 10.898565115065209, 13.623206393831511, 16.347847672597812, 19.072488951364114, 21.797130230130417, 24.52177150889672, 0.0, 2.724641278766302, 5.449282557532604, 8.173923836298906, 10.898565115065209, 13.623206393831511, 16.347847672597812, 19.072488951364114, 21.797130230130417, 24.52177150889672, 0.0, 2.724641278766302, 5.449282557532604, 8.173923836298906, 10.898565115065209, 13.623206393831511, 16.347847672597812, 19.072488951364114, 21.797130230130417, 24.52177150889672, 0.0, 2.724641278766302, 5.449282557532604, 8.173923836298906, 10.898565115065209, 13.623206393831511, 16.347847672597812, 19.072488951364114, 21.797130230130417, 24.52177150889672, 0.0, 2.724641278766302, 5.449282557532604, 8.173923836298906, 10.898565115065209, 13.623206393831511, 16.347847672597812, 19.072488951364114, 21.797130230130417, 24.52177150889672, 0.0, 2.724641278766302, 5.449282557532604, 8.173923836298906, 10.898565115065209, 13.623206393831511, 16.347847672597812, 19.072488951364114, 21.797130230130417, 24.52177150889672, 0.0, 2.724641278766302, 5.449282557532604, 8.173923836298906, 10.898565115065209, 13.623206393831511, 16.347847672597812, 19.072488951364114, 21.797130230130417, 24.52177150889672, 0.0, 2.724641278766302, 5.449282557532604, 8.173923836298906, 10.898565115065209, 13.623206393831511, 16.347847672597812, 19.072488951364114, 21.797130230130417, 24.52177150889672, 0.0, 2.724641278766302, 5.449282557532604, 8.173923836298906, 10.898565115065209, 13.623206393831511, 16.347847672597812, 19.072488951364114, 21.797130230130417, 24.52177150889672, 0.0, 2.724641278766302, 5.449282557532604, 8.173923836298906, 10.898565115065209, 13.623206393831511, 16.347847672597812, 19.072488951364114, 21.797130230130417, 24.52177150889672],