{"lambda_reginter_max": 94.9198895439489, "lambda_inter_max": 6.133534400248892}