{"lambda_reginter_max": 29.562472284398524, "lambda_inter_max": 13.555291903641546}