{"n": [200, 200, 200, 200, 200, 200, 200, 200, 200, 200, 200, 200, 200, 200, 200, 200, 200, 200, 200, 200, 200, 200, 200, 200, 200, 200, 200, 200, 200, 200, 200, 200, 200, 200, 200, 200, 200, 200, 200, 200, 200, 200, 200, 200, 200, 200, 200, 200, 200, 200, 200, 200, 200, 200, 200, 200, 200, 200, 200, 200, 200, 200, 200, 200, 200, 200, 200, 200, 200, 200, 200, 200, 200, 200, 200, 200, 200, 200, 200, 200, 200, 200, 200, 200, 200, 200, 200, 200, 200, 200, 200, 200, 200, 200, 200, 200, 200, 200, 200, 200], "rep": [70, 70, 70, 70, 70, 70, 70, 70, 70, 70, 70, 70, 70, 70, 70, 70, 70, 70, 70, 70, 70, 70, 70, 70, 70, 70, 70, 70, 70, 70, 70, 70, 70, 70, 70, 70, 70, 70, 70, 70, 70, 70, 70, 70, 70, 70, 70, 70, 70, 70, 70, 70, 70, 70, 70, 70, 70, 70, 70, 70, 70, 70, 70, 70, 70, 70, 70, 70, 70, 70, 70, 70, 70, 70, 70, 70, 70, 70, 70, 70, 70, 70, 70, 70, 70, 70, 70, 70, 70, 70, 70, 70, 70, 70, 70, 70, 70, 70, 70, 70], "lambda_reginter_max": [24.15100054818341, 24.15100054818341, 24.15100054818341, 24.15100054818341, 24.15100054818341, 24.15100054818341, 24.15100054818341, 24.15100054818341, 24.15100054818341, 24.15100054818341, 24.15100054818341, 24.15100054818341, 24.15100054818341, 24.15100054818341, 24.15100054818341, 24.15100054818341, 24.15100054818341, 24.15100054818341, 24.15100054818341, 24.15100054818341, 24.15100054818341, 24.15100054818341, 24.15100054818341, 24.15100054818341, 24.15100054818341, 24.15100054818341, 24.15100054818341, 24.15100054818341, 24.15100054818341, 24.15100054818341, 24.15100054818341, 24.15100054818341, 24.15100054818341, 24.15100054818341, 24.15100054818341, 24.15100054818341, 24.15100054818341, 24.15100054818341, 24.15100054818341, 24.15100054818341, 24.15100054818341, 24.15100054818341, 24.15100054818341, 24.15100054818341, 24.15100054818341, 24.15100054818341, 24.15100054818341, 24.15100054818341, 24.15100054818341, 24.15100054818341, 24.15100054818341, 24.15100054818341, 24.15100054818341, 24.15100054818341, 24.15100054818341, 24.15100054818341, 24.15100054818341, 24.15100054818341, 24.15100054818341, 24.15100054818341, 24.15100054818341, 24.15100054818341, 24.15100054818341, 24.15100054818341, 24.15100054818341, 24.15100054818341, 24.15100054818341, 24.15100054818341, 24.15100054818341, 24.15100054818341, 24.15100054818341, 24.15100054818341, 24.15100054818341, 24.15100054818341, 24.15100054818341, 24.15100054818341, 24.15100054818341, 24.15100054818341, 24.15100054818341, 24.15100054818341, 24.15100054818341, 24.15100054818341, 24.15100054818341, 24.15100054818341, 24.15100054818341, 24.15100054818341, 24.15100054818341, 24.15100054818341, 24.15100054818341, 24.15100054818341, 24.15100054818341, 24.15100054818341, 24.15100054818341, 24.15100054818341, 24.15100054818341, 24.15100054818341, 24.15100054818341, 24.15100054818341, 24.15100054818341, 24.15100054818341], "lambda_inter_max": [2.677839413471006, 2.677839413471006, 2.677839413471006, 2.677839413471006, 2.677839413471006, 2.677839413471006, 2.677839413471006, 2.677839413471006, 2.677839413471006, 2.677839413471006, 2.677839413471006, 2.677839413471006, 2.677839413471006, 2.677839413471006, 2.677839413471006, 2.677839413471006, 2.677839413471006, 2.677839413471006, 2.677839413471006, 2.677839413471006, 2.677839413471006, 2.677839413471006, 2.677839413471006, 2.677839413471006, 2.677839413471006, 2.677839413471006, 2.677839413471006, 2.677839413471006, 2.677839413471006, 2.677839413471006, 2.677839413471006, 2.677839413471006, 2.677839413471006, 2.677839413471006, 2.677839413471006, 2.677839413471006, 2.677839413471006, 2.677839413471006, 2.677839413471006, 2.677839413471006, 2.677839413471006, 2.677839413471006, 2.677839413471006, 2.677839413471006, 2.677839413471006, 2.677839413471006, 2.677839413471006, 2.677839413471006, 2.677839413471006, 2.677839413471006, 2.677839413471006, 2.677839413471006, 2.677839413471006, 2.677839413471006, 2.677839413471006, 2.677839413471006, 2.677839413471006, 2.677839413471006, 2.677839413471006, 2.677839413471006, 2.677839413471006, 2.677839413471006, 2.677839413471006, 2.677839413471006, 2.677839413471006, 2.677839413471006, 2.677839413471006, 2.677839413471006, 2.677839413471006, 2.677839413471006, 2.677839413471006, 2.677839413471006, 2.677839413471006, 2.677839413471006, 2.677839413471006, 2.677839413471006, 2.677839413471006, 2.677839413471006, 2.677839413471006, 2.677839413471006, 2.677839413471006, 2.677839413471006, 2.677839413471006, 2.677839413471006, 2.677839413471006, 2.677839413471006, 2.677839413471006, 2.677839413471006, 2.677839413471006, 2.677839413471006, 2.677839413471006, 2.677839413471006, 2.677839413471006, 2.677839413471006, 2.677839413471006, 2.677839413471006, 2.677839413471006, 2.677839413471006, 2.677839413471006, 2.677839413471006], "lambda_reginter": [0.0, 2.6834445053537124, 5.366889010707425, 8.050333516061137, 10.73377802141485, 13.417222526768562, 16.100667032122274, 18.784111537475987, 21.4675560428297, 24.15100054818341, 0.0, 2.6834445053537124, 5.366889010707425, 8.050333516061137, 10.73377802141485, 13.417222526768562, 16.100667032122274, 18.784111537475987, 21.4675560428297, 24.15100054818341, 0.0, 2.6834445053537124, 5.366889010707425, 8.050333516061137, 10.73377802141485, 13.417222526768562, 16.100667032122274, 18.784111537475987, 21.4675560428297, 24.15100054818341, 0.0, 2.6834445053537124, 5.366889010707425, 8.050333516061137, 10.73377802141485, 13.417222526768562, 16.100667032122274, 18.784111537475987, 21.4675560428297, 24.15100054818341, 0.0, 2.6834445053537124, 5.366889010707425, 8.050333516061137, 10.73377802141485, 13.417222526768562, 16.100667032122274, 18.784111537475987, 21.4675560428297, 24.15100054818341, 0.0, 2.6834445053537124, 5.366889010707425, 8.050333516061137, 10.73377802141485, 13.417222526768562, 16.100667032122274, 18.784111537475987, 21.4675560428297, 24.15100054818341, 0.0, 2.6834445053537124, 5.366889010707425, 8.050333516061137, 10.73377802141485, 13.417222526768562, 16.100667032122274, 18.784111537475987, 21.4675560428297, 24.15100054818341, 0.0, 2.6834445053537124, 5.366889010707425, 8.050333516061137, 10.73377802141485, 13.417222526768562, 16.100667032122274, 18.784111537475987, 21.4675560428297, 24.15100054818341, 0.0, 2.6834445053537124, 5.366889010707425, 8.050333516061137, 10.73377802141485, 13.417222526768562, 16.100667032122274, 18.784111537475987, 21.4675560428297, 24.15100054818341, 0.0, 2.6834445053537124, 5.366889010707425, 8.050333516061137, 10.73377802141485, 13.417222526768562, 16.100667032122274, 18.784111537475987, 21.4675560428297, 24.15100054818341],