{"lambda_reginter_max": 42.471496894168524, "lambda_inter_max": 0.4718901806128801}