{"lambda_reginter_max": 2.5620930170258736, "lambda_inter_max": 1.2663590498264354}