{"n": [500, 500, 500, 500, 500, 500, 500, 500, 500, 500, 500, 500, 500, 500, 500, 500, 500, 500, 500, 500, 500, 500, 500, 500, 500, 500, 500, 500, 500, 500, 500, 500, 500, 500, 500, 500, 500, 500, 500, 500, 500, 500, 500, 500, 500, 500, 500, 500, 500, 500, 500, 500, 500, 500, 500, 500, 500, 500, 500, 500, 500, 500, 500, 500, 500, 500, 500, 500, 500, 500, 500, 500, 500, 500, 500, 500, 500, 500, 500, 500, 500, 500, 500, 500, 500, 500, 500, 500, 500, 500, 500, 500, 500, 500, 500, 500, 500, 500, 500, 500], "rep": [49, 49, 49, 49, 49, 49, 49, 49, 49, 49, 49, 49, 49, 49, 49, 49, 49, 49, 49, 49, 49, 49, 49, 49, 49, 49, 49, 49, 49, 49, 49, 49, 49, 49, 49, 49, 49, 49, 49, 49, 49, 49, 49, 49, 49, 49, 49, 49, 49, 49, 49, 49, 49, 49, 49, 49, 49, 49, 49, 49, 49, 49, 49, 49, 49, 49, 49, 49, 49, 49, 49, 49, 49, 49, 49, 49, 49, 49, 49, 49, 49, 49, 49, 49, 49, 49, 49, 49, 49, 49, 49, 49, 49, 49, 49, 49, 49, 49, 49, 49], "lambda_reginter_max": [14.15083804492445, 14.15083804492445, 14.15083804492445, 14.15083804492445, 14.15083804492445, 14.15083804492445, 14.15083804492445, 14.15083804492445, 14.15083804492445, 14.15083804492445, 14.15083804492445, 14.15083804492445, 14.15083804492445, 14.15083804492445, 14.15083804492445, 14.15083804492445, 14.15083804492445, 14.15083804492445, 14.15083804492445, 14.15083804492445, 14.15083804492445, 14.15083804492445, 14.15083804492445, 14.15083804492445, 14.15083804492445, 14.15083804492445, 14.15083804492445, 14.15083804492445, 14.15083804492445, 14.15083804492445, 14.15083804492445, 14.15083804492445, 14.15083804492445, 14.15083804492445, 14.15083804492445, 14.15083804492445, 14.15083804492445, 14.15083804492445, 14.15083804492445, 14.15083804492445, 14.15083804492445, 14.15083804492445, 14.15083804492445, 14.15083804492445, 14.15083804492445, 14.15083804492445, 14.15083804492445, 14.15083804492445, 14.15083804492445, 14.15083804492445, 14.15083804492445, 14.15083804492445, 14.15083804492445, 14.15083804492445, 14.15083804492445, 14.15083804492445, 14.15083804492445, 14.15083804492445, 14.15083804492445, 14.15083804492445, 14.15083804492445, 14.15083804492445, 14.15083804492445, 14.15083804492445, 14.15083804492445, 14.15083804492445, 14.15083804492445, 14.15083804492445, 14.15083804492445, 14.15083804492445, 14.15083804492445, 14.15083804492445, 14.15083804492445, 14.15083804492445, 14.15083804492445, 14.15083804492445, 14.15083804492445, 14.15083804492445, 14.15083804492445, 14.15083804492445, 14.15083804492445, 14.15083804492445, 14.15083804492445, 14.15083804492445, 14.15083804492445, 14.15083804492445, 14.15083804492445, 14.15083804492445, 14.15083804492445, 14.15083804492445, 14.15083804492445, 14.15083804492445, 14.15083804492445, 14.15083804492445, 14.15083804492445, 14.15083804492445, 14.15083804492445, 14.15083804492445, 14.15083804492445, 14.15083804492445], "lambda_inter_max": [2.3877133091425655, 2.3877133091425655, 2.3877133091425655, 2.3877133091425655, 2.3877133091425655, 2.3877133091425655, 2.3877133091425655, 2.3877133091425655, 2.3877133091425655, 2.3877133091425655, 2.3877133091425655, 2.3877133091425655, 2.3877133091425655, 2.3877133091425655, 2.3877133091425655, 2.3877133091425655, 2.3877133091425655, 2.3877133091425655, 2.3877133091425655, 2.3877133091425655, 2.3877133091425655, 2.3877133091425655, 2.3877133091425655, 2.3877133091425655, 2.3877133091425655, 2.3877133091425655, 2.3877133091425655, 2.3877133091425655, 2.3877133091425655, 2.3877133091425655, 2.3877133091425655, 2.3877133091425655, 2.3877133091425655, 2.3877133091425655, 2.3877133091425655, 2.3877133091425655, 2.3877133091425655, 2.3877133091425655, 2.3877133091425655, 2.3877133091425655, 2.3877133091425655, 2.3877133091425655, 2.3877133091425655, 2.3877133091425655, 2.3877133091425655, 2.3877133091425655, 2.3877133091425655, 2.3877133091425655, 2.3877133091425655, 2.3877133091425655, 2.3877133091425655, 2.3877133091425655, 2.3877133091425655, 2.3877133091425655, 2.3877133091425655, 2.3877133091425655, 2.3877133091425655, 2.3877133091425655, 2.3877133091425655, 2.3877133091425655, 2.3877133091425655, 2.3877133091425655, 2.3877133091425655, 2.3877133091425655, 2.3877133091425655, 2.3877133091425655, 2.3877133091425655, 2.3877133091425655, 2.3877133091425655, 2.3877133091425655, 2.3877133091425655, 2.3877133091425655, 2.3877133091425655, 2.3877133091425655, 2.3877133091425655, 2.3877133091425655, 2.3877133091425655, 2.3877133091425655, 2.3877133091425655, 2.3877133091425655, 2.3877133091425655, 2.3877133091425655, 2.3877133091425655, 2.3877133091425655, 2.3877133091425655, 2.3877133091425655, 2.3877133091425655, 2.3877133091425655, 2.3877133091425655, 2.3877133091425655, 2.3877133091425655, 2.3877133091425655, 2.3877133091425655, 2.3877133091425655, 2.3877133091425655, 2.3877133091425655, 2.3877133091425655, 2.3877133091425655, 2.3877133091425655, 2.3877133091425655], "lambda_reginter": [0.0, 1.5723153383249389, 3.1446306766498777, 4.716946014974816, 6.289261353299755, 7.861576691624695, 9.433892029949632, 11.006207368274572, 12.57852270659951, 14.15083804492445, 0.0, 1.5723153383249389, 3.1446306766498777, 4.716946014974816, 6.289261353299755, 7.861576691624695, 9.433892029949632, 11.006207368274572, 12.57852270659951, 14.15083804492445, 0.0, 1.5723153383249389, 3.1446306766498777, 4.716946014974816, 6.289261353299755, 7.861576691624695, 9.433892029949632, 11.006207368274572, 12.57852270659951, 14.15083804492445, 0.0, 1.5723153383249389, 3.1446306766498777, 4.716946014974816, 6.289261353299755, 7.861576691624695, 9.433892029949632, 11.006207368274572, 12.57852270659951, 14.15083804492445, 0.0, 1.5723153383249389, 3.1446306766498777, 4.716946014974816, 6.289261353299755, 7.861576691624695, 9.433892029949632, 11.006207368274572, 12.57852270659951, 14.15083804492445, 0.0, 1.5723153383249389, 3.1446306766498777, 4.716946014974816, 6.289261353299755, 7.861576691624695, 9.433892029949632, 11.006207368274572, 12.57852270659951, 14.15083804492445, 0.0, 1.5723153383249389, 3.1446306766498777, 4.716946014974816, 6.289261353299755, 7.861576691624695, 9.433892029949632, 11.006207368274572, 12.57852270659951, 14.15083804492445, 0.0, 1.5723153383249389, 3.1446306766498777, 4.716946014974816, 6.289261353299755, 7.861576691624695, 9.433892029949632, 11.006207368274572, 12.57852270659951, 14.15083804492445, 0.0, 1.5723153383249389, 3.1446306766498777, 4.716946014974816, 6.289261353299755, 7.861576691624695, 9.433892029949632, 11.006207368274572, 12.57852270659951, 14.15083804492445, 0.0, 1.5723153383249389, 3.1446306766498777, 4.716946014974816, 6.289261353299755, 7.861576691624695, 9.433892029949632, 11.006207368274572, 12.57852270659951, 14.15083804492445],