{"lambda_reginter_max": 2.314616828761272, "lambda_inter_max": 0.7578399141720276}