{"n": [200, 200, 200, 200, 200, 200, 200, 200, 200, 200, 200, 200, 200, 200, 200, 200, 200, 200, 200, 200, 200, 200, 200, 200, 200, 200, 200, 200, 200, 200, 200, 200, 200, 200, 200, 200, 200, 200, 200, 200, 200, 200, 200, 200, 200, 200, 200, 200, 200, 200, 200, 200, 200, 200, 200, 200, 200, 200, 200, 200, 200, 200, 200, 200, 200, 200, 200, 200, 200, 200, 200, 200, 200, 200, 200, 200, 200, 200, 200, 200, 200, 200, 200, 200, 200, 200, 200, 200, 200, 200, 200, 200, 200, 200, 200, 200, 200, 200, 200, 200], "rep": [17, 17, 17, 17, 17, 17, 17, 17, 17, 17, 17, 17, 17, 17, 17, 17, 17, 17, 17, 17, 17, 17, 17, 17, 17, 17, 17, 17, 17, 17, 17, 17, 17, 17, 17, 17, 17, 17, 17, 17, 17, 17, 17, 17, 17, 17, 17, 17, 17, 17, 17, 17, 17, 17, 17, 17, 17, 17, 17, 17, 17, 17, 17, 17, 17, 17, 17, 17, 17, 17, 17, 17, 17, 17, 17, 17, 17, 17, 17, 17, 17, 17, 17, 17, 17, 17, 17, 17, 17, 17, 17, 17, 17, 17, 17, 17, 17, 17, 17, 17], "lambda_reginter_max": [11.299563131444415, 11.299563131444415, 11.299563131444415, 11.299563131444415, 11.299563131444415, 11.299563131444415, 11.299563131444415, 11.299563131444415, 11.299563131444415, 11.299563131444415, 11.299563131444415, 11.299563131444415, 11.299563131444415, 11.299563131444415, 11.299563131444415, 11.299563131444415, 11.299563131444415, 11.299563131444415, 11.299563131444415, 11.299563131444415, 11.299563131444415, 11.299563131444415, 11.299563131444415, 11.299563131444415, 11.299563131444415, 11.299563131444415, 11.299563131444415, 11.299563131444415, 11.299563131444415, 11.299563131444415, 11.299563131444415, 11.299563131444415, 11.299563131444415, 11.299563131444415, 11.299563131444415, 11.299563131444415, 11.299563131444415, 11.299563131444415, 11.299563131444415, 11.299563131444415, 11.299563131444415, 11.299563131444415, 11.299563131444415, 11.299563131444415, 11.299563131444415, 11.299563131444415, 11.299563131444415, 11.299563131444415, 11.299563131444415, 11.299563131444415, 11.299563131444415, 11.299563131444415, 11.299563131444415, 11.299563131444415, 11.299563131444415, 11.299563131444415, 11.299563131444415, 11.299563131444415, 11.299563131444415, 11.299563131444415, 11.299563131444415, 11.299563131444415, 11.299563131444415, 11.299563131444415, 11.299563131444415, 11.299563131444415, 11.299563131444415, 11.299563131444415, 11.299563131444415, 11.299563131444415, 11.299563131444415, 11.299563131444415, 11.299563131444415, 11.299563131444415, 11.299563131444415, 11.299563131444415, 11.299563131444415, 11.299563131444415, 11.299563131444415, 11.299563131444415, 11.299563131444415, 11.299563131444415, 11.299563131444415, 11.299563131444415, 11.299563131444415, 11.299563131444415, 11.299563131444415, 11.299563131444415, 11.299563131444415, 11.299563131444415, 11.299563131444415, 11.299563131444415, 11.299563131444415, 11.299563131444415, 11.299563131444415, 11.299563131444415, 11.299563131444415, 11.299563131444415, 11.299563131444415, 11.299563131444415], "lambda_inter_max": [1.9588402352801437, 1.9588402352801437, 1.9588402352801437, 1.9588402352801437, 1.9588402352801437, 1.9588402352801437, 1.9588402352801437, 1.9588402352801437, 1.9588402352801437, 1.9588402352801437, 1.9588402352801437, 1.9588402352801437, 1.9588402352801437, 1.9588402352801437, 1.9588402352801437, 1.9588402352801437, 1.9588402352801437, 1.9588402352801437, 1.9588402352801437, 1.9588402352801437, 1.9588402352801437, 1.9588402352801437, 1.9588402352801437, 1.9588402352801437, 1.9588402352801437, 1.9588402352801437, 1.9588402352801437, 1.9588402352801437, 1.9588402352801437, 1.9588402352801437, 1.9588402352801437, 1.9588402352801437, 1.9588402352801437, 1.9588402352801437, 1.9588402352801437, 1.9588402352801437, 1.9588402352801437, 1.9588402352801437, 1.9588402352801437, 1.9588402352801437, 1.9588402352801437, 1.9588402352801437, 1.9588402352801437, 1.9588402352801437, 1.9588402352801437, 1.9588402352801437, 1.9588402352801437, 1.9588402352801437, 1.9588402352801437, 1.9588402352801437, 1.9588402352801437, 1.9588402352801437, 1.9588402352801437, 1.9588402352801437, 1.9588402352801437, 1.9588402352801437, 1.9588402352801437, 1.9588402352801437, 1.9588402352801437, 1.9588402352801437, 1.9588402352801437, 1.9588402352801437, 1.9588402352801437, 1.9588402352801437, 1.9588402352801437, 1.9588402352801437, 1.9588402352801437, 1.9588402352801437, 1.9588402352801437, 1.9588402352801437, 1.9588402352801437, 1.9588402352801437, 1.9588402352801437, 1.9588402352801437, 1.9588402352801437, 1.9588402352801437, 1.9588402352801437, 1.9588402352801437, 1.9588402352801437, 1.9588402352801437, 1.9588402352801437, 1.9588402352801437, 1.9588402352801437, 1.9588402352801437, 1.9588402352801437, 1.9588402352801437, 1.9588402352801437, 1.9588402352801437, 1.9588402352801437, 1.9588402352801437, 1.9588402352801437, 1.9588402352801437, 1.9588402352801437, 1.9588402352801437, 1.9588402352801437, 1.9588402352801437, 1.9588402352801437, 1.9588402352801437, 1.9588402352801437, 1.9588402352801437], "lambda_reginter": [0.0, 1.255507014604935, 2.51101402920987, 3.766521043814805, 5.02202805841974, 6.277535073024675, 7.53304208762961, 8.788549102234544, 10.04405611683948, 11.299563131444415, 0.0, 1.255507014604935, 2.51101402920987, 3.766521043814805, 5.02202805841974, 6.277535073024675, 7.53304208762961, 8.788549102234544, 10.04405611683948, 11.299563131444415, 0.0, 1.255507014604935, 2.51101402920987, 3.766521043814805, 5.02202805841974, 6.277535073024675, 7.53304208762961, 8.788549102234544, 10.04405611683948, 11.299563131444415, 0.0, 1.255507014604935, 2.51101402920987, 3.766521043814805, 5.02202805841974, 6.277535073024675, 7.53304208762961, 8.788549102234544, 10.04405611683948, 11.299563131444415, 0.0, 1.255507014604935, 2.51101402920987, 3.766521043814805, 5.02202805841974, 6.277535073024675, 7.53304208762961, 8.788549102234544, 10.04405611683948, 11.299563131444415, 0.0, 1.255507014604935, 2.51101402920987, 3.766521043814805, 5.02202805841974, 6.277535073024675, 7.53304208762961, 8.788549102234544, 10.04405611683948, 11.299563131444415, 0.0, 1.255507014604935, 2.51101402920987, 3.766521043814805, 5.02202805841974, 6.277535073024675, 7.53304208762961, 8.788549102234544, 10.04405611683948, 11.299563131444415, 0.0, 1.255507014604935, 2.51101402920987, 3.766521043814805, 5.02202805841974, 6.277535073024675, 7.53304208762961, 8.788549102234544, 10.04405611683948, 11.299563131444415, 0.0, 1.255507014604935, 2.51101402920987, 3.766521043814805, 5.02202805841974, 6.277535073024675, 7.53304208762961, 8.788549102234544, 10.04405611683948, 11.299563131444415, 0.0, 1.255507014604935, 2.51101402920987, 3.766521043814805, 5.02202805841974, 6.277535073024675, 7.53304208762961, 8.788549102234544, 10.04405611683948, 11.299563131444415],