{"n": [1000, 1000, 1000, 1000, 1000, 1000, 1000, 1000, 1000, 1000, 1000, 1000, 1000, 1000, 1000, 1000, 1000, 1000, 1000, 1000, 1000, 1000, 1000, 1000, 1000, 1000, 1000, 1000, 1000, 1000, 1000, 1000, 1000, 1000, 1000, 1000, 1000, 1000, 1000, 1000, 1000, 1000, 1000, 1000, 1000, 1000, 1000, 1000, 1000, 1000, 1000, 1000, 1000, 1000, 1000, 1000, 1000, 1000, 1000, 1000, 1000, 1000, 1000, 1000, 1000, 1000, 1000, 1000, 1000, 1000, 1000, 1000, 1000, 1000, 1000, 1000, 1000, 1000, 1000, 1000, 1000, 1000, 1000, 1000, 1000, 1000, 1000, 1000, 1000, 1000, 1000, 1000, 1000, 1000, 1000, 1000, 1000, 1000, 1000, 1000], "rep": [41, 41, 41, 41, 41, 41, 41, 41, 41, 41, 41, 41, 41, 41, 41, 41, 41, 41, 41, 41, 41, 41, 41, 41, 41, 41, 41, 41, 41, 41, 41, 41, 41, 41, 41, 41, 41, 41, 41, 41, 41, 41, 41, 41, 41, 41, 41, 41, 41, 41, 41, 41, 41, 41, 41, 41, 41, 41, 41, 41, 41, 41, 41, 41, 41, 41, 41, 41, 41, 41, 41, 41, 41, 41, 41, 41, 41, 41, 41, 41, 41, 41, 41, 41, 41, 41, 41, 41, 41, 41, 41, 41, 41, 41, 41, 41, 41, 41, 41, 41], "lambda_reginter_max": [9.126051510756211, 9.126051510756211, 9.126051510756211, 9.126051510756211, 9.126051510756211, 9.126051510756211, 9.126051510756211, 9.126051510756211, 9.126051510756211, 9.126051510756211, 9.126051510756211, 9.126051510756211, 9.126051510756211, 9.126051510756211, 9.126051510756211, 9.126051510756211, 9.126051510756211, 9.126051510756211, 9.126051510756211, 9.126051510756211, 9.126051510756211, 9.126051510756211, 9.126051510756211, 9.126051510756211, 9.126051510756211, 9.126051510756211, 9.126051510756211, 9.126051510756211, 9.126051510756211, 9.126051510756211, 9.126051510756211, 9.126051510756211, 9.126051510756211, 9.126051510756211, 9.126051510756211, 9.126051510756211, 9.126051510756211, 9.126051510756211, 9.126051510756211, 9.126051510756211, 9.126051510756211, 9.126051510756211, 9.126051510756211, 9.126051510756211, 9.126051510756211, 9.126051510756211, 9.126051510756211, 9.126051510756211, 9.126051510756211, 9.126051510756211, 9.126051510756211, 9.126051510756211, 9.126051510756211, 9.126051510756211, 9.126051510756211, 9.126051510756211, 9.126051510756211, 9.126051510756211, 9.126051510756211, 9.126051510756211, 9.126051510756211, 9.126051510756211, 9.126051510756211, 9.126051510756211, 9.126051510756211, 9.126051510756211, 9.126051510756211, 9.126051510756211, 9.126051510756211, 9.126051510756211, 9.126051510756211, 9.126051510756211, 9.126051510756211, 9.126051510756211, 9.126051510756211, 9.126051510756211, 9.126051510756211, 9.126051510756211, 9.126051510756211, 9.126051510756211, 9.126051510756211, 9.126051510756211, 9.126051510756211, 9.126051510756211, 9.126051510756211, 9.126051510756211, 9.126051510756211, 9.126051510756211, 9.126051510756211, 9.126051510756211, 9.126051510756211, 9.126051510756211, 9.126051510756211, 9.126051510756211, 9.126051510756211, 9.126051510756211, 9.126051510756211, 9.126051510756211, 9.126051510756211, 9.126051510756211], "lambda_inter_max": [1.7967058153723372, 1.7967058153723372, 1.7967058153723372, 1.7967058153723372, 1.7967058153723372, 1.7967058153723372, 1.7967058153723372, 1.7967058153723372, 1.7967058153723372, 1.7967058153723372, 1.7967058153723372, 1.7967058153723372, 1.7967058153723372, 1.7967058153723372, 1.7967058153723372, 1.7967058153723372, 1.7967058153723372, 1.7967058153723372, 1.7967058153723372, 1.7967058153723372, 1.7967058153723372, 1.7967058153723372, 1.7967058153723372, 1.7967058153723372, 1.7967058153723372, 1.7967058153723372, 1.7967058153723372, 1.7967058153723372, 1.7967058153723372, 1.7967058153723372, 1.7967058153723372, 1.7967058153723372, 1.7967058153723372, 1.7967058153723372, 1.7967058153723372, 1.7967058153723372, 1.7967058153723372, 1.7967058153723372, 1.7967058153723372, 1.7967058153723372, 1.7967058153723372, 1.7967058153723372, 1.7967058153723372, 1.7967058153723372, 1.7967058153723372, 1.7967058153723372, 1.7967058153723372, 1.7967058153723372, 1.7967058153723372, 1.7967058153723372, 1.7967058153723372, 1.7967058153723372, 1.7967058153723372, 1.7967058153723372, 1.7967058153723372, 1.7967058153723372, 1.7967058153723372, 1.7967058153723372, 1.7967058153723372, 1.7967058153723372, 1.7967058153723372, 1.7967058153723372, 1.7967058153723372, 1.7967058153723372, 1.7967058153723372, 1.7967058153723372, 1.7967058153723372, 1.7967058153723372, 1.7967058153723372, 1.7967058153723372, 1.7967058153723372, 1.7967058153723372, 1.7967058153723372, 1.7967058153723372, 1.7967058153723372, 1.7967058153723372, 1.7967058153723372, 1.7967058153723372, 1.7967058153723372, 1.7967058153723372, 1.7967058153723372, 1.7967058153723372, 1.7967058153723372, 1.7967058153723372, 1.7967058153723372, 1.7967058153723372, 1.7967058153723372, 1.7967058153723372, 1.7967058153723372, 1.7967058153723372, 1.7967058153723372, 1.7967058153723372, 1.7967058153723372, 1.7967058153723372, 1.7967058153723372, 1.7967058153723372, 1.7967058153723372, 1.7967058153723372, 1.7967058153723372, 1.7967058153723372], "lambda_reginter": [0.0, 1.0140057234173567, 2.0280114468347135, 3.04201717025207, 4.056022893669427, 5.070028617086784, 6.08403434050414, 7.098040063921497, 8.112045787338854, 9.126051510756211, 0.0, 1.0140057234173567, 2.0280114468347135, 3.04201717025207, 4.056022893669427, 5.070028617086784, 6.08403434050414, 7.098040063921497, 8.112045787338854, 9.126051510756211, 0.0, 1.0140057234173567, 2.0280114468347135, 3.04201717025207, 4.056022893669427, 5.070028617086784, 6.08403434050414, 7.098040063921497, 8.112045787338854, 9.126051510756211, 0.0, 1.0140057234173567, 2.0280114468347135, 3.04201717025207, 4.056022893669427, 5.070028617086784, 6.08403434050414, 7.098040063921497, 8.112045787338854, 9.126051510756211, 0.0, 1.0140057234173567, 2.0280114468347135, 3.04201717025207, 4.056022893669427, 5.070028617086784, 6.08403434050414, 7.098040063921497, 8.112045787338854, 9.126051510756211, 0.0, 1.0140057234173567, 2.0280114468347135, 3.04201717025207, 4.056022893669427, 5.070028617086784, 6.08403434050414, 7.098040063921497, 8.112045787338854, 9.126051510756211, 0.0, 1.0140057234173567, 2.0280114468347135, 3.04201717025207, 4.056022893669427, 5.070028617086784, 6.08403434050414, 7.098040063921497, 8.112045787338854, 9.126051510756211, 0.0, 1.0140057234173567, 2.0280114468347135, 3.04201717025207, 4.056022893669427, 5.070028617086784, 6.08403434050414, 7.098040063921497, 8.112045787338854, 9.126051510756211, 0.0, 1.0140057234173567, 2.0280114468347135, 3.04201717025207, 4.056022893669427, 5.070028617086784, 6.08403434050414, 7.098040063921497, 8.112045787338854, 9.126051510756211, 0.0, 1.0140057234173567, 2.0280114468347135, 3.04201717025207, 4.056022893669427, 5.070028617086784, 6.08403434050414, 7.098040063921497, 8.112045787338854, 9.126051510756211],