{"lambda_reginter_max": 4.014228396505172, "lambda_inter_max": 0.023206932885018978}