{"n": [1000, 1000, 1000, 1000, 1000, 1000, 1000, 1000, 1000, 1000, 1000, 1000, 1000, 1000, 1000, 1000, 1000, 1000, 1000, 1000, 1000, 1000, 1000, 1000, 1000, 1000, 1000, 1000, 1000, 1000, 1000, 1000, 1000, 1000, 1000, 1000, 1000, 1000, 1000, 1000, 1000, 1000, 1000, 1000, 1000, 1000, 1000, 1000, 1000, 1000, 1000, 1000, 1000, 1000, 1000, 1000, 1000, 1000, 1000, 1000, 1000, 1000, 1000, 1000, 1000, 1000, 1000, 1000, 1000, 1000, 1000, 1000, 1000, 1000, 1000, 1000, 1000, 1000, 1000, 1000, 1000, 1000, 1000, 1000, 1000, 1000, 1000, 1000, 1000, 1000, 1000, 1000, 1000, 1000, 1000, 1000, 1000, 1000, 1000, 1000], "rep": [57, 57, 57, 57, 57, 57, 57, 57, 57, 57, 57, 57, 57, 57, 57, 57, 57, 57, 57, 57, 57, 57, 57, 57, 57, 57, 57, 57, 57, 57, 57, 57, 57, 57, 57, 57, 57, 57, 57, 57, 57, 57, 57, 57, 57, 57, 57, 57, 57, 57, 57, 57, 57, 57, 57, 57, 57, 57, 57, 57, 57, 57, 57, 57, 57, 57, 57, 57, 57, 57, 57, 57, 57, 57, 57, 57, 57, 57, 57, 57, 57, 57, 57, 57, 57, 57, 57, 57, 57, 57, 57, 57, 57, 57, 57, 57, 57, 57, 57, 57], "lambda_reginter_max": [24.99575098408999, 24.99575098408999, 24.99575098408999, 24.99575098408999, 24.99575098408999, 24.99575098408999, 24.99575098408999, 24.99575098408999, 24.99575098408999, 24.99575098408999, 24.99575098408999, 24.99575098408999, 24.99575098408999, 24.99575098408999, 24.99575098408999, 24.99575098408999, 24.99575098408999, 24.99575098408999, 24.99575098408999, 24.99575098408999, 24.99575098408999, 24.99575098408999, 24.99575098408999, 24.99575098408999, 24.99575098408999, 24.99575098408999, 24.99575098408999, 24.99575098408999, 24.99575098408999, 24.99575098408999, 24.99575098408999, 24.99575098408999, 24.99575098408999, 24.99575098408999, 24.99575098408999, 24.99575098408999, 24.99575098408999, 24.99575098408999, 24.99575098408999, 24.99575098408999, 24.99575098408999, 24.99575098408999, 24.99575098408999, 24.99575098408999, 24.99575098408999, 24.99575098408999, 24.99575098408999, 24.99575098408999, 24.99575098408999, 24.99575098408999, 24.99575098408999, 24.99575098408999, 24.99575098408999, 24.99575098408999, 24.99575098408999, 24.99575098408999, 24.99575098408999, 24.99575098408999, 24.99575098408999, 24.99575098408999, 24.99575098408999, 24.99575098408999, 24.99575098408999, 24.99575098408999, 24.99575098408999, 24.99575098408999, 24.99575098408999, 24.99575098408999, 24.99575098408999, 24.99575098408999, 24.99575098408999, 24.99575098408999, 24.99575098408999, 24.99575098408999, 24.99575098408999, 24.99575098408999, 24.99575098408999, 24.99575098408999, 24.99575098408999, 24.99575098408999, 24.99575098408999, 24.99575098408999, 24.99575098408999, 24.99575098408999, 24.99575098408999, 24.99575098408999, 24.99575098408999, 24.99575098408999, 24.99575098408999, 24.99575098408999, 24.99575098408999, 24.99575098408999, 24.99575098408999, 24.99575098408999, 24.99575098408999, 24.99575098408999, 24.99575098408999, 24.99575098408999, 24.99575098408999, 24.99575098408999], "lambda_inter_max": [2.5413145522130844, 2.5413145522130844, 2.5413145522130844, 2.5413145522130844, 2.5413145522130844, 2.5413145522130844, 2.5413145522130844, 2.5413145522130844, 2.5413145522130844, 2.5413145522130844, 2.5413145522130844, 2.5413145522130844, 2.5413145522130844, 2.5413145522130844, 2.5413145522130844, 2.5413145522130844, 2.5413145522130844, 2.5413145522130844, 2.5413145522130844, 2.5413145522130844, 2.5413145522130844, 2.5413145522130844, 2.5413145522130844, 2.5413145522130844, 2.5413145522130844, 2.5413145522130844, 2.5413145522130844, 2.5413145522130844, 2.5413145522130844, 2.5413145522130844, 2.5413145522130844, 2.5413145522130844, 2.5413145522130844, 2.5413145522130844, 2.5413145522130844, 2.5413145522130844, 2.5413145522130844, 2.5413145522130844, 2.5413145522130844, 2.5413145522130844, 2.5413145522130844, 2.5413145522130844, 2.5413145522130844, 2.5413145522130844, 2.5413145522130844, 2.5413145522130844, 2.5413145522130844, 2.5413145522130844, 2.5413145522130844, 2.5413145522130844, 2.5413145522130844, 2.5413145522130844, 2.5413145522130844, 2.5413145522130844, 2.5413145522130844, 2.5413145522130844, 2.5413145522130844, 2.5413145522130844, 2.5413145522130844, 2.5413145522130844, 2.5413145522130844, 2.5413145522130844, 2.5413145522130844, 2.5413145522130844, 2.5413145522130844, 2.5413145522130844, 2.5413145522130844, 2.5413145522130844, 2.5413145522130844, 2.5413145522130844, 2.5413145522130844, 2.5413145522130844, 2.5413145522130844, 2.5413145522130844, 2.5413145522130844, 2.5413145522130844, 2.5413145522130844, 2.5413145522130844, 2.5413145522130844, 2.5413145522130844, 2.5413145522130844, 2.5413145522130844, 2.5413145522130844, 2.5413145522130844, 2.5413145522130844, 2.5413145522130844, 2.5413145522130844, 2.5413145522130844, 2.5413145522130844, 2.5413145522130844, 2.5413145522130844, 2.5413145522130844, 2.5413145522130844, 2.5413145522130844, 2.5413145522130844, 2.5413145522130844, 2.5413145522130844, 2.5413145522130844, 2.5413145522130844, 2.5413145522130844], "lambda_reginter": [0.0, 2.777305664898888, 5.554611329797776, 8.331916994696664, 11.109222659595552, 13.88652832449444, 16.66383398939333, 19.441139654292215, 22.218445319191105, 24.99575098408999, 0.0, 2.777305664898888, 5.554611329797776, 8.331916994696664, 11.109222659595552, 13.88652832449444, 16.66383398939333, 19.441139654292215, 22.218445319191105, 24.99575098408999, 0.0, 2.777305664898888, 5.554611329797776, 8.331916994696664, 11.109222659595552, 13.88652832449444, 16.66383398939333, 19.441139654292215, 22.218445319191105, 24.99575098408999, 0.0, 2.777305664898888, 5.554611329797776, 8.331916994696664, 11.109222659595552, 13.88652832449444, 16.66383398939333, 19.441139654292215, 22.218445319191105, 24.99575098408999, 0.0, 2.777305664898888, 5.554611329797776, 8.331916994696664, 11.109222659595552, 13.88652832449444, 16.66383398939333, 19.441139654292215, 22.218445319191105, 24.99575098408999, 0.0, 2.777305664898888, 5.554611329797776, 8.331916994696664, 11.109222659595552, 13.88652832449444, 16.66383398939333, 19.441139654292215, 22.218445319191105, 24.99575098408999, 0.0, 2.777305664898888, 5.554611329797776, 8.331916994696664, 11.109222659595552, 13.88652832449444, 16.66383398939333, 19.441139654292215, 22.218445319191105, 24.99575098408999, 0.0, 2.777305664898888, 5.554611329797776, 8.331916994696664, 11.109222659595552, 13.88652832449444, 16.66383398939333, 19.441139654292215, 22.218445319191105, 24.99575098408999, 0.0, 2.777305664898888, 5.554611329797776, 8.331916994696664, 11.109222659595552, 13.88652832449444, 16.66383398939333, 19.441139654292215, 22.218445319191105, 24.99575098408999, 0.0, 2.777305664898888, 5.554611329797776, 8.331916994696664, 11.109222659595552, 13.88652832449444, 16.66383398939333, 19.441139654292215, 22.218445319191105, 24.99575098408999],