{"lambda_reginter_max": 3.3960693146195977, "lambda_inter_max": 0.05930981095532162}