{"n": [200, 200, 200, 200, 200, 200, 200, 200, 200, 200, 200, 200, 200, 200, 200, 200, 200, 200, 200, 200, 200, 200, 200, 200, 200, 200, 200, 200, 200, 200, 200, 200, 200, 200, 200, 200, 200, 200, 200, 200, 200, 200, 200, 200, 200, 200, 200, 200, 200, 200, 200, 200, 200, 200, 200, 200, 200, 200, 200, 200, 200, 200, 200, 200, 200, 200, 200, 200, 200, 200, 200, 200, 200, 200, 200, 200, 200, 200, 200, 200, 200, 200, 200, 200, 200, 200, 200, 200, 200, 200, 200, 200, 200, 200, 200, 200, 200, 200, 200, 200], "rep": [117, 117, 117, 117, 117, 117, 117, 117, 117, 117, 117, 117, 117, 117, 117, 117, 117, 117, 117, 117, 117, 117, 117, 117, 117, 117, 117, 117, 117, 117, 117, 117, 117, 117, 117, 117, 117, 117, 117, 117, 117, 117, 117, 117, 117, 117, 117, 117, 117, 117, 117, 117, 117, 117, 117, 117, 117, 117, 117, 117, 117, 117, 117, 117, 117, 117, 117, 117, 117, 117, 117, 117, 117, 117, 117, 117, 117, 117, 117, 117, 117, 117, 117, 117, 117, 117, 117, 117, 117, 117, 117, 117, 117, 117, 117, 117, 117, 117, 117, 117], "lambda_reginter_max": [30.348380945632783, 30.348380945632783, 30.348380945632783, 30.348380945632783, 30.348380945632783, 30.348380945632783, 30.348380945632783, 30.348380945632783, 30.348380945632783, 30.348380945632783, 30.348380945632783, 30.348380945632783, 30.348380945632783, 30.348380945632783, 30.348380945632783, 30.348380945632783, 30.348380945632783, 30.348380945632783, 30.348380945632783, 30.348380945632783, 30.348380945632783, 30.348380945632783, 30.348380945632783, 30.348380945632783, 30.348380945632783, 30.348380945632783, 30.348380945632783, 30.348380945632783, 30.348380945632783, 30.348380945632783, 30.348380945632783, 30.348380945632783, 30.348380945632783, 30.348380945632783, 30.348380945632783, 30.348380945632783, 30.348380945632783, 30.348380945632783, 30.348380945632783, 30.348380945632783, 30.348380945632783, 30.348380945632783, 30.348380945632783, 30.348380945632783, 30.348380945632783, 30.348380945632783, 30.348380945632783, 30.348380945632783, 30.348380945632783, 30.348380945632783, 30.348380945632783, 30.348380945632783, 30.348380945632783, 30.348380945632783, 30.348380945632783, 30.348380945632783, 30.348380945632783, 30.348380945632783, 30.348380945632783, 30.348380945632783, 30.348380945632783, 30.348380945632783, 30.348380945632783, 30.348380945632783, 30.348380945632783, 30.348380945632783, 30.348380945632783, 30.348380945632783, 30.348380945632783, 30.348380945632783, 30.348380945632783, 30.348380945632783, 30.348380945632783, 30.348380945632783, 30.348380945632783, 30.348380945632783, 30.348380945632783, 30.348380945632783, 30.348380945632783, 30.348380945632783, 30.348380945632783, 30.348380945632783, 30.348380945632783, 30.348380945632783, 30.348380945632783, 30.348380945632783, 30.348380945632783, 30.348380945632783, 30.348380945632783, 30.348380945632783, 30.348380945632783, 30.348380945632783, 30.348380945632783, 30.348380945632783, 30.348380945632783, 30.348380945632783, 30.348380945632783, 30.348380945632783, 30.348380945632783, 30.348380945632783], "lambda_inter_max": [3.2730828355201913, 3.2730828355201913, 3.2730828355201913, 3.2730828355201913, 3.2730828355201913, 3.2730828355201913, 3.2730828355201913, 3.2730828355201913, 3.2730828355201913, 3.2730828355201913, 3.2730828355201913, 3.2730828355201913, 3.2730828355201913, 3.2730828355201913, 3.2730828355201913, 3.2730828355201913, 3.2730828355201913, 3.2730828355201913, 3.2730828355201913, 3.2730828355201913, 3.2730828355201913, 3.2730828355201913, 3.2730828355201913, 3.2730828355201913, 3.2730828355201913, 3.2730828355201913, 3.2730828355201913, 3.2730828355201913, 3.2730828355201913, 3.2730828355201913, 3.2730828355201913, 3.2730828355201913, 3.2730828355201913, 3.2730828355201913, 3.2730828355201913, 3.2730828355201913, 3.2730828355201913, 3.2730828355201913, 3.2730828355201913, 3.2730828355201913, 3.2730828355201913, 3.2730828355201913, 3.2730828355201913, 3.2730828355201913, 3.2730828355201913, 3.2730828355201913, 3.2730828355201913, 3.2730828355201913, 3.2730828355201913, 3.2730828355201913, 3.2730828355201913, 3.2730828355201913, 3.2730828355201913, 3.2730828355201913, 3.2730828355201913, 3.2730828355201913, 3.2730828355201913, 3.2730828355201913, 3.2730828355201913, 3.2730828355201913, 3.2730828355201913, 3.2730828355201913, 3.2730828355201913, 3.2730828355201913, 3.2730828355201913, 3.2730828355201913, 3.2730828355201913, 3.2730828355201913, 3.2730828355201913, 3.2730828355201913, 3.2730828355201913, 3.2730828355201913, 3.2730828355201913, 3.2730828355201913, 3.2730828355201913, 3.2730828355201913, 3.2730828355201913, 3.2730828355201913, 3.2730828355201913, 3.2730828355201913, 3.2730828355201913, 3.2730828355201913, 3.2730828355201913, 3.2730828355201913, 3.2730828355201913, 3.2730828355201913, 3.2730828355201913, 3.2730828355201913, 3.2730828355201913, 3.2730828355201913, 3.2730828355201913, 3.2730828355201913, 3.2730828355201913, 3.2730828355201913, 3.2730828355201913, 3.2730828355201913, 3.2730828355201913, 3.2730828355201913, 3.2730828355201913, 3.2730828355201913], "lambda_reginter": [0.0, 3.3720423272925313, 6.744084654585063, 10.116126981877594, 13.488169309170125, 16.860211636462658, 20.232253963755188, 23.604296291047717, 26.97633861834025, 30.348380945632783, 0.0, 3.3720423272925313, 6.744084654585063, 10.116126981877594, 13.488169309170125, 16.860211636462658, 20.232253963755188, 23.604296291047717, 26.97633861834025, 30.348380945632783, 0.0, 3.3720423272925313, 6.744084654585063, 10.116126981877594, 13.488169309170125, 16.860211636462658, 20.232253963755188, 23.604296291047717, 26.97633861834025, 30.348380945632783, 0.0, 3.3720423272925313, 6.744084654585063, 10.116126981877594, 13.488169309170125, 16.860211636462658, 20.232253963755188, 23.604296291047717, 26.97633861834025, 30.348380945632783, 0.0, 3.3720423272925313, 6.744084654585063, 10.116126981877594, 13.488169309170125, 16.860211636462658, 20.232253963755188, 23.604296291047717, 26.97633861834025, 30.348380945632783, 0.0, 3.3720423272925313, 6.744084654585063, 10.116126981877594, 13.488169309170125, 16.860211636462658, 20.232253963755188, 23.604296291047717, 26.97633861834025, 30.348380945632783, 0.0, 3.3720423272925313, 6.744084654585063, 10.116126981877594, 13.488169309170125, 16.860211636462658, 20.232253963755188, 23.604296291047717, 26.97633861834025, 30.348380945632783, 0.0, 3.3720423272925313, 6.744084654585063, 10.116126981877594, 13.488169309170125, 16.860211636462658, 20.232253963755188, 23.604296291047717, 26.97633861834025, 30.348380945632783, 0.0, 3.3720423272925313, 6.744084654585063, 10.116126981877594, 13.488169309170125, 16.860211636462658, 20.232253963755188, 23.604296291047717, 26.97633861834025, 30.348380945632783, 0.0, 3.3720423272925313, 6.744084654585063, 10.116126981877594, 13.488169309170125, 16.860211636462658, 20.232253963755188, 23.604296291047717, 26.97633861834025, 30.348380945632783],