{"n": [1000, 1000, 1000, 1000, 1000, 1000, 1000, 1000, 1000, 1000, 1000, 1000, 1000, 1000, 1000, 1000, 1000, 1000, 1000, 1000, 1000, 1000, 1000, 1000, 1000, 1000, 1000, 1000, 1000, 1000, 1000, 1000, 1000, 1000, 1000, 1000, 1000, 1000, 1000, 1000, 1000, 1000, 1000, 1000, 1000, 1000, 1000, 1000, 1000, 1000, 1000, 1000, 1000, 1000, 1000, 1000, 1000, 1000, 1000, 1000, 1000, 1000, 1000, 1000, 1000, 1000, 1000, 1000, 1000, 1000, 1000, 1000, 1000, 1000, 1000, 1000, 1000, 1000, 1000, 1000, 1000, 1000, 1000, 1000, 1000, 1000, 1000, 1000, 1000, 1000, 1000, 1000, 1000, 1000, 1000, 1000, 1000, 1000, 1000, 1000], "rep": [40, 40, 40, 40, 40, 40, 40, 40, 40, 40, 40, 40, 40, 40, 40, 40, 40, 40, 40, 40, 40, 40, 40, 40, 40, 40, 40, 40, 40, 40, 40, 40, 40, 40, 40, 40, 40, 40, 40, 40, 40, 40, 40, 40, 40, 40, 40, 40, 40, 40, 40, 40, 40, 40, 40, 40, 40, 40, 40, 40, 40, 40, 40, 40, 40, 40, 40, 40, 40, 40, 40, 40, 40, 40, 40, 40, 40, 40, 40, 40, 40, 40, 40, 40, 40, 40, 40, 40, 40, 40, 40, 40, 40, 40, 40, 40, 40, 40, 40, 40], "lambda_reginter_max": [12.944725447896769, 12.944725447896769, 12.944725447896769, 12.944725447896769, 12.944725447896769, 12.944725447896769, 12.944725447896769, 12.944725447896769, 12.944725447896769, 12.944725447896769, 12.944725447896769, 12.944725447896769, 12.944725447896769, 12.944725447896769, 12.944725447896769, 12.944725447896769, 12.944725447896769, 12.944725447896769, 12.944725447896769, 12.944725447896769, 12.944725447896769, 12.944725447896769, 12.944725447896769, 12.944725447896769, 12.944725447896769, 12.944725447896769, 12.944725447896769, 12.944725447896769, 12.944725447896769, 12.944725447896769, 12.944725447896769, 12.944725447896769, 12.944725447896769, 12.944725447896769, 12.944725447896769, 12.944725447896769, 12.944725447896769, 12.944725447896769, 12.944725447896769, 12.944725447896769, 12.944725447896769, 12.944725447896769, 12.944725447896769, 12.944725447896769, 12.944725447896769, 12.944725447896769, 12.944725447896769, 12.944725447896769, 12.944725447896769, 12.944725447896769, 12.944725447896769, 12.944725447896769, 12.944725447896769, 12.944725447896769, 12.944725447896769, 12.944725447896769, 12.944725447896769, 12.944725447896769, 12.944725447896769, 12.944725447896769, 12.944725447896769, 12.944725447896769, 12.944725447896769, 12.944725447896769, 12.944725447896769, 12.944725447896769, 12.944725447896769, 12.944725447896769, 12.944725447896769, 12.944725447896769, 12.944725447896769, 12.944725447896769, 12.944725447896769, 12.944725447896769, 12.944725447896769, 12.944725447896769, 12.944725447896769, 12.944725447896769, 12.944725447896769, 12.944725447896769, 12.944725447896769, 12.944725447896769, 12.944725447896769, 12.944725447896769, 12.944725447896769, 12.944725447896769, 12.944725447896769, 12.944725447896769, 12.944725447896769, 12.944725447896769, 12.944725447896769, 12.944725447896769, 12.944725447896769, 12.944725447896769, 12.944725447896769, 12.944725447896769, 12.944725447896769, 12.944725447896769, 12.944725447896769, 12.944725447896769], "lambda_inter_max": [2.0724009031857356, 2.0724009031857356, 2.0724009031857356, 2.0724009031857356, 2.0724009031857356, 2.0724009031857356, 2.0724009031857356, 2.0724009031857356, 2.0724009031857356, 2.0724009031857356, 2.0724009031857356, 2.0724009031857356, 2.0724009031857356, 2.0724009031857356, 2.0724009031857356, 2.0724009031857356, 2.0724009031857356, 2.0724009031857356, 2.0724009031857356, 2.0724009031857356, 2.0724009031857356, 2.0724009031857356, 2.0724009031857356, 2.0724009031857356, 2.0724009031857356, 2.0724009031857356, 2.0724009031857356, 2.0724009031857356, 2.0724009031857356, 2.0724009031857356, 2.0724009031857356, 2.0724009031857356, 2.0724009031857356, 2.0724009031857356, 2.0724009031857356, 2.0724009031857356, 2.0724009031857356, 2.0724009031857356, 2.0724009031857356, 2.0724009031857356, 2.0724009031857356, 2.0724009031857356, 2.0724009031857356, 2.0724009031857356, 2.0724009031857356, 2.0724009031857356, 2.0724009031857356, 2.0724009031857356, 2.0724009031857356, 2.0724009031857356, 2.0724009031857356, 2.0724009031857356, 2.0724009031857356, 2.0724009031857356, 2.0724009031857356, 2.0724009031857356, 2.0724009031857356, 2.0724009031857356, 2.0724009031857356, 2.0724009031857356, 2.0724009031857356, 2.0724009031857356, 2.0724009031857356, 2.0724009031857356, 2.0724009031857356, 2.0724009031857356, 2.0724009031857356, 2.0724009031857356, 2.0724009031857356, 2.0724009031857356, 2.0724009031857356, 2.0724009031857356, 2.0724009031857356, 2.0724009031857356, 2.0724009031857356, 2.0724009031857356, 2.0724009031857356, 2.0724009031857356, 2.0724009031857356, 2.0724009031857356, 2.0724009031857356, 2.0724009031857356, 2.0724009031857356, 2.0724009031857356, 2.0724009031857356, 2.0724009031857356, 2.0724009031857356, 2.0724009031857356, 2.0724009031857356, 2.0724009031857356, 2.0724009031857356, 2.0724009031857356, 2.0724009031857356, 2.0724009031857356, 2.0724009031857356, 2.0724009031857356, 2.0724009031857356, 2.0724009031857356, 2.0724009031857356, 2.0724009031857356], "lambda_reginter": [0.0, 1.4383028275440854, 2.876605655088171, 4.314908482632257, 5.753211310176342, 7.191514137720427, 8.629816965264514, 10.068119792808599, 11.506422620352684, 12.944725447896769, 0.0, 1.4383028275440854, 2.876605655088171, 4.314908482632257, 5.753211310176342, 7.191514137720427, 8.629816965264514, 10.068119792808599, 11.506422620352684, 12.944725447896769, 0.0, 1.4383028275440854, 2.876605655088171, 4.314908482632257, 5.753211310176342, 7.191514137720427, 8.629816965264514, 10.068119792808599, 11.506422620352684, 12.944725447896769, 0.0, 1.4383028275440854, 2.876605655088171, 4.314908482632257, 5.753211310176342, 7.191514137720427, 8.629816965264514, 10.068119792808599, 11.506422620352684, 12.944725447896769, 0.0, 1.4383028275440854, 2.876605655088171, 4.314908482632257, 5.753211310176342, 7.191514137720427, 8.629816965264514, 10.068119792808599, 11.506422620352684, 12.944725447896769, 0.0, 1.4383028275440854, 2.876605655088171, 4.314908482632257, 5.753211310176342, 7.191514137720427, 8.629816965264514, 10.068119792808599, 11.506422620352684, 12.944725447896769, 0.0, 1.4383028275440854, 2.876605655088171, 4.314908482632257, 5.753211310176342, 7.191514137720427, 8.629816965264514, 10.068119792808599, 11.506422620352684, 12.944725447896769, 0.0, 1.4383028275440854, 2.876605655088171, 4.314908482632257, 5.753211310176342, 7.191514137720427, 8.629816965264514, 10.068119792808599, 11.506422620352684, 12.944725447896769, 0.0, 1.4383028275440854, 2.876605655088171, 4.314908482632257, 5.753211310176342, 7.191514137720427, 8.629816965264514, 10.068119792808599, 11.506422620352684, 12.944725447896769, 0.0, 1.4383028275440854, 2.876605655088171, 4.314908482632257, 5.753211310176342, 7.191514137720427, 8.629816965264514, 10.068119792808599, 11.506422620352684, 12.944725447896769],