{"n": [500, 500, 500, 500, 500, 500, 500, 500, 500, 500, 500, 500, 500, 500, 500, 500, 500, 500, 500, 500, 500, 500, 500, 500, 500, 500, 500, 500, 500, 500, 500, 500, 500, 500, 500, 500, 500, 500, 500, 500, 500, 500, 500, 500, 500, 500, 500, 500, 500, 500, 500, 500, 500, 500, 500, 500, 500, 500, 500, 500, 500, 500, 500, 500, 500, 500, 500, 500, 500, 500, 500, 500, 500, 500, 500, 500, 500, 500, 500, 500, 500, 500, 500, 500, 500, 500, 500, 500, 500, 500, 500, 500, 500, 500, 500, 500, 500, 500, 500, 500], "rep": [47, 47, 47, 47, 47, 47, 47, 47, 47, 47, 47, 47, 47, 47, 47, 47, 47, 47, 47, 47, 47, 47, 47, 47, 47, 47, 47, 47, 47, 47, 47, 47, 47, 47, 47, 47, 47, 47, 47, 47, 47, 47, 47, 47, 47, 47, 47, 47, 47, 47, 47, 47, 47, 47, 47, 47, 47, 47, 47, 47, 47, 47, 47, 47, 47, 47, 47, 47, 47, 47, 47, 47, 47, 47, 47, 47, 47, 47, 47, 47, 47, 47, 47, 47, 47, 47, 47, 47, 47, 47, 47, 47, 47, 47, 47, 47, 47, 47, 47, 47], "lambda_reginter_max": [19.31524371410487, 19.31524371410487, 19.31524371410487, 19.31524371410487, 19.31524371410487, 19.31524371410487, 19.31524371410487, 19.31524371410487, 19.31524371410487, 19.31524371410487, 19.31524371410487, 19.31524371410487, 19.31524371410487, 19.31524371410487, 19.31524371410487, 19.31524371410487, 19.31524371410487, 19.31524371410487, 19.31524371410487, 19.31524371410487, 19.31524371410487, 19.31524371410487, 19.31524371410487, 19.31524371410487, 19.31524371410487, 19.31524371410487, 19.31524371410487, 19.31524371410487, 19.31524371410487, 19.31524371410487, 19.31524371410487, 19.31524371410487, 19.31524371410487, 19.31524371410487, 19.31524371410487, 19.31524371410487, 19.31524371410487, 19.31524371410487, 19.31524371410487, 19.31524371410487, 19.31524371410487, 19.31524371410487, 19.31524371410487, 19.31524371410487, 19.31524371410487, 19.31524371410487, 19.31524371410487, 19.31524371410487, 19.31524371410487, 19.31524371410487, 19.31524371410487, 19.31524371410487, 19.31524371410487, 19.31524371410487, 19.31524371410487, 19.31524371410487, 19.31524371410487, 19.31524371410487, 19.31524371410487, 19.31524371410487, 19.31524371410487, 19.31524371410487, 19.31524371410487, 19.31524371410487, 19.31524371410487, 19.31524371410487, 19.31524371410487, 19.31524371410487, 19.31524371410487, 19.31524371410487, 19.31524371410487, 19.31524371410487, 19.31524371410487, 19.31524371410487, 19.31524371410487, 19.31524371410487, 19.31524371410487, 19.31524371410487, 19.31524371410487, 19.31524371410487, 19.31524371410487, 19.31524371410487, 19.31524371410487, 19.31524371410487, 19.31524371410487, 19.31524371410487, 19.31524371410487, 19.31524371410487, 19.31524371410487, 19.31524371410487, 19.31524371410487, 19.31524371410487, 19.31524371410487, 19.31524371410487, 19.31524371410487, 19.31524371410487, 19.31524371410487, 19.31524371410487, 19.31524371410487, 19.31524371410487], "lambda_inter_max": [2.397459206144826, 2.397459206144826, 2.397459206144826, 2.397459206144826, 2.397459206144826, 2.397459206144826, 2.397459206144826, 2.397459206144826, 2.397459206144826, 2.397459206144826, 2.397459206144826, 2.397459206144826, 2.397459206144826, 2.397459206144826, 2.397459206144826, 2.397459206144826, 2.397459206144826, 2.397459206144826, 2.397459206144826, 2.397459206144826, 2.397459206144826, 2.397459206144826, 2.397459206144826, 2.397459206144826, 2.397459206144826, 2.397459206144826, 2.397459206144826, 2.397459206144826, 2.397459206144826, 2.397459206144826, 2.397459206144826, 2.397459206144826, 2.397459206144826, 2.397459206144826, 2.397459206144826, 2.397459206144826, 2.397459206144826, 2.397459206144826, 2.397459206144826, 2.397459206144826, 2.397459206144826, 2.397459206144826, 2.397459206144826, 2.397459206144826, 2.397459206144826, 2.397459206144826, 2.397459206144826, 2.397459206144826, 2.397459206144826, 2.397459206144826, 2.397459206144826, 2.397459206144826, 2.397459206144826, 2.397459206144826, 2.397459206144826, 2.397459206144826, 2.397459206144826, 2.397459206144826, 2.397459206144826, 2.397459206144826, 2.397459206144826, 2.397459206144826, 2.397459206144826, 2.397459206144826, 2.397459206144826, 2.397459206144826, 2.397459206144826, 2.397459206144826, 2.397459206144826, 2.397459206144826, 2.397459206144826, 2.397459206144826, 2.397459206144826, 2.397459206144826, 2.397459206144826, 2.397459206144826, 2.397459206144826, 2.397459206144826, 2.397459206144826, 2.397459206144826, 2.397459206144826, 2.397459206144826, 2.397459206144826, 2.397459206144826, 2.397459206144826, 2.397459206144826, 2.397459206144826, 2.397459206144826, 2.397459206144826, 2.397459206144826, 2.397459206144826, 2.397459206144826, 2.397459206144826, 2.397459206144826, 2.397459206144826, 2.397459206144826, 2.397459206144826, 2.397459206144826, 2.397459206144826, 2.397459206144826], "lambda_reginter": [0.0, 2.1461381904560968, 4.2922763809121935, 6.43841457136829, 8.584552761824387, 10.730690952280483, 12.87682914273658, 15.022967333192678, 17.169105523648774, 19.31524371410487, 0.0, 2.1461381904560968, 4.2922763809121935, 6.43841457136829, 8.584552761824387, 10.730690952280483, 12.87682914273658, 15.022967333192678, 17.169105523648774, 19.31524371410487, 0.0, 2.1461381904560968, 4.2922763809121935, 6.43841457136829, 8.584552761824387, 10.730690952280483, 12.87682914273658, 15.022967333192678, 17.169105523648774, 19.31524371410487, 0.0, 2.1461381904560968, 4.2922763809121935, 6.43841457136829, 8.584552761824387, 10.730690952280483, 12.87682914273658, 15.022967333192678, 17.169105523648774, 19.31524371410487, 0.0, 2.1461381904560968, 4.2922763809121935, 6.43841457136829, 8.584552761824387, 10.730690952280483, 12.87682914273658, 15.022967333192678, 17.169105523648774, 19.31524371410487, 0.0, 2.1461381904560968, 4.2922763809121935, 6.43841457136829, 8.584552761824387, 10.730690952280483, 12.87682914273658, 15.022967333192678, 17.169105523648774, 19.31524371410487, 0.0, 2.1461381904560968, 4.2922763809121935, 6.43841457136829, 8.584552761824387, 10.730690952280483, 12.87682914273658, 15.022967333192678, 17.169105523648774, 19.31524371410487, 0.0, 2.1461381904560968, 4.2922763809121935, 6.43841457136829, 8.584552761824387, 10.730690952280483, 12.87682914273658, 15.022967333192678, 17.169105523648774, 19.31524371410487, 0.0, 2.1461381904560968, 4.2922763809121935, 6.43841457136829, 8.584552761824387, 10.730690952280483, 12.87682914273658, 15.022967333192678, 17.169105523648774, 19.31524371410487, 0.0, 2.1461381904560968, 4.2922763809121935, 6.43841457136829, 8.584552761824387, 10.730690952280483, 12.87682914273658, 15.022967333192678, 17.169105523648774, 19.31524371410487],