{"n": [1000, 1000, 1000, 1000, 1000, 1000, 1000, 1000, 1000, 1000, 1000, 1000, 1000, 1000, 1000, 1000, 1000, 1000, 1000, 1000, 1000, 1000, 1000, 1000, 1000, 1000, 1000, 1000, 1000, 1000, 1000, 1000, 1000, 1000, 1000, 1000, 1000, 1000, 1000, 1000, 1000, 1000, 1000, 1000, 1000, 1000, 1000, 1000, 1000, 1000, 1000, 1000, 1000, 1000, 1000, 1000, 1000, 1000, 1000, 1000, 1000, 1000, 1000, 1000, 1000, 1000, 1000, 1000, 1000, 1000, 1000, 1000, 1000, 1000, 1000, 1000, 1000, 1000, 1000, 1000, 1000, 1000, 1000, 1000, 1000, 1000, 1000, 1000, 1000, 1000, 1000, 1000, 1000, 1000, 1000, 1000, 1000, 1000, 1000, 1000], "rep": [106, 106, 106, 106, 106, 106, 106, 106, 106, 106, 106, 106, 106, 106, 106, 106, 106, 106, 106, 106, 106, 106, 106, 106, 106, 106, 106, 106, 106, 106, 106, 106, 106, 106, 106, 106, 106, 106, 106, 106, 106, 106, 106, 106, 106, 106, 106, 106, 106, 106, 106, 106, 106, 106, 106, 106, 106, 106, 106, 106, 106, 106, 106, 106, 106, 106, 106, 106, 106, 106, 106, 106, 106, 106, 106, 106, 106, 106, 106, 106, 106, 106, 106, 106, 106, 106, 106, 106, 106, 106, 106, 106, 106, 106, 106, 106, 106, 106, 106, 106], "lambda_reginter_max": [23.588210817715787, 23.588210817715787, 23.588210817715787, 23.588210817715787, 23.588210817715787, 23.588210817715787, 23.588210817715787, 23.588210817715787, 23.588210817715787, 23.588210817715787, 23.588210817715787, 23.588210817715787, 23.588210817715787, 23.588210817715787, 23.588210817715787, 23.588210817715787, 23.588210817715787, 23.588210817715787, 23.588210817715787, 23.588210817715787, 23.588210817715787, 23.588210817715787, 23.588210817715787, 23.588210817715787, 23.588210817715787, 23.588210817715787, 23.588210817715787, 23.588210817715787, 23.588210817715787, 23.588210817715787, 23.588210817715787, 23.588210817715787, 23.588210817715787, 23.588210817715787, 23.588210817715787, 23.588210817715787, 23.588210817715787, 23.588210817715787, 23.588210817715787, 23.588210817715787, 23.588210817715787, 23.588210817715787, 23.588210817715787, 23.588210817715787, 23.588210817715787, 23.588210817715787, 23.588210817715787, 23.588210817715787, 23.588210817715787, 23.588210817715787, 23.588210817715787, 23.588210817715787, 23.588210817715787, 23.588210817715787, 23.588210817715787, 23.588210817715787, 23.588210817715787, 23.588210817715787, 23.588210817715787, 23.588210817715787, 23.588210817715787, 23.588210817715787, 23.588210817715787, 23.588210817715787, 23.588210817715787, 23.588210817715787, 23.588210817715787, 23.588210817715787, 23.588210817715787, 23.588210817715787, 23.588210817715787, 23.588210817715787, 23.588210817715787, 23.588210817715787, 23.588210817715787, 23.588210817715787, 23.588210817715787, 23.588210817715787, 23.588210817715787, 23.588210817715787, 23.588210817715787, 23.588210817715787, 23.588210817715787, 23.588210817715787, 23.588210817715787, 23.588210817715787, 23.588210817715787, 23.588210817715787, 23.588210817715787, 23.588210817715787, 23.588210817715787, 23.588210817715787, 23.588210817715787, 23.588210817715787, 23.588210817715787, 23.588210817715787, 23.588210817715787, 23.588210817715787, 23.588210817715787, 23.588210817715787], "lambda_inter_max": [2.4515855076829745, 2.4515855076829745, 2.4515855076829745, 2.4515855076829745, 2.4515855076829745, 2.4515855076829745, 2.4515855076829745, 2.4515855076829745, 2.4515855076829745, 2.4515855076829745, 2.4515855076829745, 2.4515855076829745, 2.4515855076829745, 2.4515855076829745, 2.4515855076829745, 2.4515855076829745, 2.4515855076829745, 2.4515855076829745, 2.4515855076829745, 2.4515855076829745, 2.4515855076829745, 2.4515855076829745, 2.4515855076829745, 2.4515855076829745, 2.4515855076829745, 2.4515855076829745, 2.4515855076829745, 2.4515855076829745, 2.4515855076829745, 2.4515855076829745, 2.4515855076829745, 2.4515855076829745, 2.4515855076829745, 2.4515855076829745, 2.4515855076829745, 2.4515855076829745, 2.4515855076829745, 2.4515855076829745, 2.4515855076829745, 2.4515855076829745, 2.4515855076829745, 2.4515855076829745, 2.4515855076829745, 2.4515855076829745, 2.4515855076829745, 2.4515855076829745, 2.4515855076829745, 2.4515855076829745, 2.4515855076829745, 2.4515855076829745, 2.4515855076829745, 2.4515855076829745, 2.4515855076829745, 2.4515855076829745, 2.4515855076829745, 2.4515855076829745, 2.4515855076829745, 2.4515855076829745, 2.4515855076829745, 2.4515855076829745, 2.4515855076829745, 2.4515855076829745, 2.4515855076829745, 2.4515855076829745, 2.4515855076829745, 2.4515855076829745, 2.4515855076829745, 2.4515855076829745, 2.4515855076829745, 2.4515855076829745, 2.4515855076829745, 2.4515855076829745, 2.4515855076829745, 2.4515855076829745, 2.4515855076829745, 2.4515855076829745, 2.4515855076829745, 2.4515855076829745, 2.4515855076829745, 2.4515855076829745, 2.4515855076829745, 2.4515855076829745, 2.4515855076829745, 2.4515855076829745, 2.4515855076829745, 2.4515855076829745, 2.4515855076829745, 2.4515855076829745, 2.4515855076829745, 2.4515855076829745, 2.4515855076829745, 2.4515855076829745, 2.4515855076829745, 2.4515855076829745, 2.4515855076829745, 2.4515855076829745, 2.4515855076829745, 2.4515855076829745, 2.4515855076829745, 2.4515855076829745], "lambda_reginter": [0.0, 2.6209123130795318, 5.2418246261590635, 7.862736939238595, 10.483649252318127, 13.10456156539766, 15.72547387847719, 18.34638619155672, 20.967298504636254, 23.588210817715787, 0.0, 2.6209123130795318, 5.2418246261590635, 7.862736939238595, 10.483649252318127, 13.10456156539766, 15.72547387847719, 18.34638619155672, 20.967298504636254, 23.588210817715787, 0.0, 2.6209123130795318, 5.2418246261590635, 7.862736939238595, 10.483649252318127, 13.10456156539766, 15.72547387847719, 18.34638619155672, 20.967298504636254, 23.588210817715787, 0.0, 2.6209123130795318, 5.2418246261590635, 7.862736939238595, 10.483649252318127, 13.10456156539766, 15.72547387847719, 18.34638619155672, 20.967298504636254, 23.588210817715787, 0.0, 2.6209123130795318, 5.2418246261590635, 7.862736939238595, 10.483649252318127, 13.10456156539766, 15.72547387847719, 18.34638619155672, 20.967298504636254, 23.588210817715787, 0.0, 2.6209123130795318, 5.2418246261590635, 7.862736939238595, 10.483649252318127, 13.10456156539766, 15.72547387847719, 18.34638619155672, 20.967298504636254, 23.588210817715787, 0.0, 2.6209123130795318, 5.2418246261590635, 7.862736939238595, 10.483649252318127, 13.10456156539766, 15.72547387847719, 18.34638619155672, 20.967298504636254, 23.588210817715787, 0.0, 2.6209123130795318, 5.2418246261590635, 7.862736939238595, 10.483649252318127, 13.10456156539766, 15.72547387847719, 18.34638619155672, 20.967298504636254, 23.588210817715787, 0.0, 2.6209123130795318, 5.2418246261590635, 7.862736939238595, 10.483649252318127, 13.10456156539766, 15.72547387847719, 18.34638619155672, 20.967298504636254, 23.588210817715787, 0.0, 2.6209123130795318, 5.2418246261590635, 7.862736939238595, 10.483649252318127, 13.10456156539766, 15.72547387847719, 18.34638619155672, 20.967298504636254, 23.588210817715787],