{"lambda_reginter_max": 29.594116102072412, "lambda_inter_max": 13.729728956222198}