{"lambda_reginter_max": 8.08821258490447, "lambda_inter_max": 2.371324188455328}