{"lambda_reginter_max": 8.201430302643503, "lambda_inter_max": 2.3735722530514365}