{"lambda_reginter_max": 4.115547311070732, "lambda_inter_max": 0.023010148861370844}