{"lambda_reginter_max": 6.178695694697619, "lambda_inter_max": 1.8257885084588172}