{"n": [500, 500, 500, 500, 500, 500, 500, 500, 500, 500, 500, 500, 500, 500, 500, 500, 500, 500, 500, 500, 500, 500, 500, 500, 500, 500, 500, 500, 500, 500, 500, 500, 500, 500, 500, 500, 500, 500, 500, 500, 500, 500, 500, 500, 500, 500, 500, 500, 500, 500, 500, 500, 500, 500, 500, 500, 500, 500, 500, 500, 500, 500, 500, 500, 500, 500, 500, 500, 500, 500, 500, 500, 500, 500, 500, 500, 500, 500, 500, 500, 500, 500, 500, 500, 500, 500, 500, 500, 500, 500, 500, 500, 500, 500, 500, 500, 500, 500, 500, 500], "rep": [61, 61, 61, 61, 61, 61, 61, 61, 61, 61, 61, 61, 61, 61, 61, 61, 61, 61, 61, 61, 61, 61, 61, 61, 61, 61, 61, 61, 61, 61, 61, 61, 61, 61, 61, 61, 61, 61, 61, 61, 61, 61, 61, 61, 61, 61, 61, 61, 61, 61, 61, 61, 61, 61, 61, 61, 61, 61, 61, 61, 61, 61, 61, 61, 61, 61, 61, 61, 61, 61, 61, 61, 61, 61, 61, 61, 61, 61, 61, 61, 61, 61, 61, 61, 61, 61, 61, 61, 61, 61, 61, 61, 61, 61, 61, 61, 61, 61, 61, 61], "lambda_reginter_max": [16.184840425865755, 16.184840425865755, 16.184840425865755, 16.184840425865755, 16.184840425865755, 16.184840425865755, 16.184840425865755, 16.184840425865755, 16.184840425865755, 16.184840425865755, 16.184840425865755, 16.184840425865755, 16.184840425865755, 16.184840425865755, 16.184840425865755, 16.184840425865755, 16.184840425865755, 16.184840425865755, 16.184840425865755, 16.184840425865755, 16.184840425865755, 16.184840425865755, 16.184840425865755, 16.184840425865755, 16.184840425865755, 16.184840425865755, 16.184840425865755, 16.184840425865755, 16.184840425865755, 16.184840425865755, 16.184840425865755, 16.184840425865755, 16.184840425865755, 16.184840425865755, 16.184840425865755, 16.184840425865755, 16.184840425865755, 16.184840425865755, 16.184840425865755, 16.184840425865755, 16.184840425865755, 16.184840425865755, 16.184840425865755, 16.184840425865755, 16.184840425865755, 16.184840425865755, 16.184840425865755, 16.184840425865755, 16.184840425865755, 16.184840425865755, 16.184840425865755, 16.184840425865755, 16.184840425865755, 16.184840425865755, 16.184840425865755, 16.184840425865755, 16.184840425865755, 16.184840425865755, 16.184840425865755, 16.184840425865755, 16.184840425865755, 16.184840425865755, 16.184840425865755, 16.184840425865755, 16.184840425865755, 16.184840425865755, 16.184840425865755, 16.184840425865755, 16.184840425865755, 16.184840425865755, 16.184840425865755, 16.184840425865755, 16.184840425865755, 16.184840425865755, 16.184840425865755, 16.184840425865755, 16.184840425865755, 16.184840425865755, 16.184840425865755, 16.184840425865755, 16.184840425865755, 16.184840425865755, 16.184840425865755, 16.184840425865755, 16.184840425865755, 16.184840425865755, 16.184840425865755, 16.184840425865755, 16.184840425865755, 16.184840425865755, 16.184840425865755, 16.184840425865755, 16.184840425865755, 16.184840425865755, 16.184840425865755, 16.184840425865755, 16.184840425865755, 16.184840425865755, 16.184840425865755, 16.184840425865755], "lambda_inter_max": [2.4545915836139587, 2.4545915836139587, 2.4545915836139587, 2.4545915836139587, 2.4545915836139587, 2.4545915836139587, 2.4545915836139587, 2.4545915836139587, 2.4545915836139587, 2.4545915836139587, 2.4545915836139587, 2.4545915836139587, 2.4545915836139587, 2.4545915836139587, 2.4545915836139587, 2.4545915836139587, 2.4545915836139587, 2.4545915836139587, 2.4545915836139587, 2.4545915836139587, 2.4545915836139587, 2.4545915836139587, 2.4545915836139587, 2.4545915836139587, 2.4545915836139587, 2.4545915836139587, 2.4545915836139587, 2.4545915836139587, 2.4545915836139587, 2.4545915836139587, 2.4545915836139587, 2.4545915836139587, 2.4545915836139587, 2.4545915836139587, 2.4545915836139587, 2.4545915836139587, 2.4545915836139587, 2.4545915836139587, 2.4545915836139587, 2.4545915836139587, 2.4545915836139587, 2.4545915836139587, 2.4545915836139587, 2.4545915836139587, 2.4545915836139587, 2.4545915836139587, 2.4545915836139587, 2.4545915836139587, 2.4545915836139587, 2.4545915836139587, 2.4545915836139587, 2.4545915836139587, 2.4545915836139587, 2.4545915836139587, 2.4545915836139587, 2.4545915836139587, 2.4545915836139587, 2.4545915836139587, 2.4545915836139587, 2.4545915836139587, 2.4545915836139587, 2.4545915836139587, 2.4545915836139587, 2.4545915836139587, 2.4545915836139587, 2.4545915836139587, 2.4545915836139587, 2.4545915836139587, 2.4545915836139587, 2.4545915836139587, 2.4545915836139587, 2.4545915836139587, 2.4545915836139587, 2.4545915836139587, 2.4545915836139587, 2.4545915836139587, 2.4545915836139587, 2.4545915836139587, 2.4545915836139587, 2.4545915836139587, 2.4545915836139587, 2.4545915836139587, 2.4545915836139587, 2.4545915836139587, 2.4545915836139587, 2.4545915836139587, 2.4545915836139587, 2.4545915836139587, 2.4545915836139587, 2.4545915836139587, 2.4545915836139587, 2.4545915836139587, 2.4545915836139587, 2.4545915836139587, 2.4545915836139587, 2.4545915836139587, 2.4545915836139587, 2.4545915836139587, 2.4545915836139587, 2.4545915836139587], "lambda_reginter": [0.0, 1.7983156028739726, 3.5966312057479453, 5.394946808621918, 7.1932624114958905, 8.991578014369864, 10.789893617243836, 12.588209220117808, 14.386524822991781, 16.184840425865755, 0.0, 1.7983156028739726, 3.5966312057479453, 5.394946808621918, 7.1932624114958905, 8.991578014369864, 10.789893617243836, 12.588209220117808, 14.386524822991781, 16.184840425865755, 0.0, 1.7983156028739726, 3.5966312057479453, 5.394946808621918, 7.1932624114958905, 8.991578014369864, 10.789893617243836, 12.588209220117808, 14.386524822991781, 16.184840425865755, 0.0, 1.7983156028739726, 3.5966312057479453, 5.394946808621918, 7.1932624114958905, 8.991578014369864, 10.789893617243836, 12.588209220117808, 14.386524822991781, 16.184840425865755, 0.0, 1.7983156028739726, 3.5966312057479453, 5.394946808621918, 7.1932624114958905, 8.991578014369864, 10.789893617243836, 12.588209220117808, 14.386524822991781, 16.184840425865755, 0.0, 1.7983156028739726, 3.5966312057479453, 5.394946808621918, 7.1932624114958905, 8.991578014369864, 10.789893617243836, 12.588209220117808, 14.386524822991781, 16.184840425865755, 0.0, 1.7983156028739726, 3.5966312057479453, 5.394946808621918, 7.1932624114958905, 8.991578014369864, 10.789893617243836, 12.588209220117808, 14.386524822991781, 16.184840425865755, 0.0, 1.7983156028739726, 3.5966312057479453, 5.394946808621918, 7.1932624114958905, 8.991578014369864, 10.789893617243836, 12.588209220117808, 14.386524822991781, 16.184840425865755, 0.0, 1.7983156028739726, 3.5966312057479453, 5.394946808621918, 7.1932624114958905, 8.991578014369864, 10.789893617243836, 12.588209220117808, 14.386524822991781, 16.184840425865755, 0.0, 1.7983156028739726, 3.5966312057479453, 5.394946808621918, 7.1932624114958905, 8.991578014369864, 10.789893617243836, 12.588209220117808, 14.386524822991781, 16.184840425865755],