{"n": [200, 200, 200, 200, 200, 200, 200, 200, 200, 200, 200, 200, 200, 200, 200, 200, 200, 200, 200, 200, 200, 200, 200, 200, 200, 200, 200, 200, 200, 200, 200, 200, 200, 200, 200, 200, 200, 200, 200, 200, 200, 200, 200, 200, 200, 200, 200, 200, 200, 200, 200, 200, 200, 200, 200, 200, 200, 200, 200, 200, 200, 200, 200, 200, 200, 200, 200, 200, 200, 200, 200, 200, 200, 200, 200, 200, 200, 200, 200, 200, 200, 200, 200, 200, 200, 200, 200, 200, 200, 200, 200, 200, 200, 200, 200, 200, 200, 200, 200, 200], "rep": [35, 35, 35, 35, 35, 35, 35, 35, 35, 35, 35, 35, 35, 35, 35, 35, 35, 35, 35, 35, 35, 35, 35, 35, 35, 35, 35, 35, 35, 35, 35, 35, 35, 35, 35, 35, 35, 35, 35, 35, 35, 35, 35, 35, 35, 35, 35, 35, 35, 35, 35, 35, 35, 35, 35, 35, 35, 35, 35, 35, 35, 35, 35, 35, 35, 35, 35, 35, 35, 35, 35, 35, 35, 35, 35, 35, 35, 35, 35, 35, 35, 35, 35, 35, 35, 35, 35, 35, 35, 35, 35, 35, 35, 35, 35, 35, 35, 35, 35, 35], "lambda_reginter_max": [0.582521177929551, 0.582521177929551, 0.582521177929551, 0.582521177929551, 0.582521177929551, 0.582521177929551, 0.582521177929551, 0.582521177929551, 0.582521177929551, 0.582521177929551, 0.582521177929551, 0.582521177929551, 0.582521177929551, 0.582521177929551, 0.582521177929551, 0.582521177929551, 0.582521177929551, 0.582521177929551, 0.582521177929551, 0.582521177929551, 0.582521177929551, 0.582521177929551, 0.582521177929551, 0.582521177929551, 0.582521177929551, 0.582521177929551, 0.582521177929551, 0.582521177929551, 0.582521177929551, 0.582521177929551, 0.582521177929551, 0.582521177929551, 0.582521177929551, 0.582521177929551, 0.582521177929551, 0.582521177929551, 0.582521177929551, 0.582521177929551, 0.582521177929551, 0.582521177929551, 0.582521177929551, 0.582521177929551, 0.582521177929551, 0.582521177929551, 0.582521177929551, 0.582521177929551, 0.582521177929551, 0.582521177929551, 0.582521177929551, 0.582521177929551, 0.582521177929551, 0.582521177929551, 0.582521177929551, 0.582521177929551, 0.582521177929551, 0.582521177929551, 0.582521177929551, 0.582521177929551, 0.582521177929551, 0.582521177929551, 0.582521177929551, 0.582521177929551, 0.582521177929551, 0.582521177929551, 0.582521177929551, 0.582521177929551, 0.582521177929551, 0.582521177929551, 0.582521177929551, 0.582521177929551, 0.582521177929551, 0.582521177929551, 0.582521177929551, 0.582521177929551, 0.582521177929551, 0.582521177929551, 0.582521177929551, 0.582521177929551, 0.582521177929551, 0.582521177929551, 0.582521177929551, 0.582521177929551, 0.582521177929551, 0.582521177929551, 0.582521177929551, 0.582521177929551, 0.582521177929551, 0.582521177929551, 0.582521177929551, 0.582521177929551, 0.582521177929551, 0.582521177929551, 0.582521177929551, 0.582521177929551, 0.582521177929551, 0.582521177929551, 0.582521177929551, 0.582521177929551, 0.582521177929551, 0.582521177929551], "lambda_inter_max": [0.5333950589317222, 0.5333950589317222, 0.5333950589317222, 0.5333950589317222, 0.5333950589317222, 0.5333950589317222, 0.5333950589317222, 0.5333950589317222, 0.5333950589317222, 0.5333950589317222, 0.5333950589317222, 0.5333950589317222, 0.5333950589317222, 0.5333950589317222, 0.5333950589317222, 0.5333950589317222, 0.5333950589317222, 0.5333950589317222, 0.5333950589317222, 0.5333950589317222, 0.5333950589317222, 0.5333950589317222, 0.5333950589317222, 0.5333950589317222, 0.5333950589317222, 0.5333950589317222, 0.5333950589317222, 0.5333950589317222, 0.5333950589317222, 0.5333950589317222, 0.5333950589317222, 0.5333950589317222, 0.5333950589317222, 0.5333950589317222, 0.5333950589317222, 0.5333950589317222, 0.5333950589317222, 0.5333950589317222, 0.5333950589317222, 0.5333950589317222, 0.5333950589317222, 0.5333950589317222, 0.5333950589317222, 0.5333950589317222, 0.5333950589317222, 0.5333950589317222, 0.5333950589317222, 0.5333950589317222, 0.5333950589317222, 0.5333950589317222, 0.5333950589317222, 0.5333950589317222, 0.5333950589317222, 0.5333950589317222, 0.5333950589317222, 0.5333950589317222, 0.5333950589317222, 0.5333950589317222, 0.5333950589317222, 0.5333950589317222, 0.5333950589317222, 0.5333950589317222, 0.5333950589317222, 0.5333950589317222, 0.5333950589317222, 0.5333950589317222, 0.5333950589317222, 0.5333950589317222, 0.5333950589317222, 0.5333950589317222, 0.5333950589317222, 0.5333950589317222, 0.5333950589317222, 0.5333950589317222, 0.5333950589317222, 0.5333950589317222, 0.5333950589317222, 0.5333950589317222, 0.5333950589317222, 0.5333950589317222, 0.5333950589317222, 0.5333950589317222, 0.5333950589317222, 0.5333950589317222, 0.5333950589317222, 0.5333950589317222, 0.5333950589317222, 0.5333950589317222, 0.5333950589317222, 0.5333950589317222, 0.5333950589317222, 0.5333950589317222, 0.5333950589317222, 0.5333950589317222, 0.5333950589317222, 0.5333950589317222, 0.5333950589317222, 0.5333950589317222, 0.5333950589317222, 0.5333950589317222], "lambda_reginter": [0.0, 0.06472457532550567, 0.12944915065101134, 0.194173725976517, 0.2588983013020227, 0.32362287662752837, 0.388347451953034, 0.4530720272785397, 0.5177966026040454, 0.582521177929551, 0.0, 0.06472457532550567, 0.12944915065101134, 0.194173725976517, 0.2588983013020227, 0.32362287662752837, 0.388347451953034, 0.4530720272785397, 0.5177966026040454, 0.582521177929551, 0.0, 0.06472457532550567, 0.12944915065101134, 0.194173725976517, 0.2588983013020227, 0.32362287662752837, 0.388347451953034, 0.4530720272785397, 0.5177966026040454, 0.582521177929551, 0.0, 0.06472457532550567, 0.12944915065101134, 0.194173725976517, 0.2588983013020227, 0.32362287662752837, 0.388347451953034, 0.4530720272785397, 0.5177966026040454, 0.582521177929551, 0.0, 0.06472457532550567, 0.12944915065101134, 0.194173725976517, 0.2588983013020227, 0.32362287662752837, 0.388347451953034, 0.4530720272785397, 0.5177966026040454, 0.582521177929551, 0.0, 0.06472457532550567, 0.12944915065101134, 0.194173725976517, 0.2588983013020227, 0.32362287662752837, 0.388347451953034, 0.4530720272785397, 0.5177966026040454, 0.582521177929551, 0.0, 0.06472457532550567, 0.12944915065101134, 0.194173725976517, 0.2588983013020227, 0.32362287662752837, 0.388347451953034, 0.4530720272785397, 0.5177966026040454, 0.582521177929551, 0.0, 0.06472457532550567, 0.12944915065101134, 0.194173725976517, 0.2588983013020227, 0.32362287662752837, 0.388347451953034, 0.4530720272785397, 0.5177966026040454, 0.582521177929551, 0.0, 0.06472457532550567, 0.12944915065101134, 0.194173725976517, 0.2588983013020227, 0.32362287662752837, 0.388347451953034, 0.4530720272785397, 0.5177966026040454, 0.582521177929551, 0.0, 0.06472457532550567, 0.12944915065101134, 0.194173725976517, 0.2588983013020227, 0.32362287662752837, 0.388347451953034, 0.4530720272785397, 0.5177966026040454, 0.582521177929551],