{"lambda_reginter_max": 8.7231432851103, "lambda_inter_max": 2.382423361140258}