{"lambda_reginter_max": 5.02708798829897, "lambda_inter_max": 1.7565774726207595}