{"n": [1000, 1000, 1000, 1000, 1000, 1000, 1000, 1000, 1000, 1000, 1000, 1000, 1000, 1000, 1000, 1000, 1000, 1000, 1000, 1000, 1000, 1000, 1000, 1000, 1000, 1000, 1000, 1000, 1000, 1000, 1000, 1000, 1000, 1000, 1000, 1000, 1000, 1000, 1000, 1000, 1000, 1000, 1000, 1000, 1000, 1000, 1000, 1000, 1000, 1000, 1000, 1000, 1000, 1000, 1000, 1000, 1000, 1000, 1000, 1000, 1000, 1000, 1000, 1000, 1000, 1000, 1000, 1000, 1000, 1000, 1000, 1000, 1000, 1000, 1000, 1000, 1000, 1000, 1000, 1000, 1000, 1000, 1000, 1000, 1000, 1000, 1000, 1000, 1000, 1000, 1000, 1000, 1000, 1000, 1000, 1000, 1000, 1000, 1000, 1000], "rep": [96, 96, 96, 96, 96, 96, 96, 96, 96, 96, 96, 96, 96, 96, 96, 96, 96, 96, 96, 96, 96, 96, 96, 96, 96, 96, 96, 96, 96, 96, 96, 96, 96, 96, 96, 96, 96, 96, 96, 96, 96, 96, 96, 96, 96, 96, 96, 96, 96, 96, 96, 96, 96, 96, 96, 96, 96, 96, 96, 96, 96, 96, 96, 96, 96, 96, 96, 96, 96, 96, 96, 96, 96, 96, 96, 96, 96, 96, 96, 96, 96, 96, 96, 96, 96, 96, 96, 96, 96, 96, 96, 96, 96, 96, 96, 96, 96, 96, 96, 96], "lambda_reginter_max": [15.255480997676345, 15.255480997676345, 15.255480997676345, 15.255480997676345, 15.255480997676345, 15.255480997676345, 15.255480997676345, 15.255480997676345, 15.255480997676345, 15.255480997676345, 15.255480997676345, 15.255480997676345, 15.255480997676345, 15.255480997676345, 15.255480997676345, 15.255480997676345, 15.255480997676345, 15.255480997676345, 15.255480997676345, 15.255480997676345, 15.255480997676345, 15.255480997676345, 15.255480997676345, 15.255480997676345, 15.255480997676345, 15.255480997676345, 15.255480997676345, 15.255480997676345, 15.255480997676345, 15.255480997676345, 15.255480997676345, 15.255480997676345, 15.255480997676345, 15.255480997676345, 15.255480997676345, 15.255480997676345, 15.255480997676345, 15.255480997676345, 15.255480997676345, 15.255480997676345, 15.255480997676345, 15.255480997676345, 15.255480997676345, 15.255480997676345, 15.255480997676345, 15.255480997676345, 15.255480997676345, 15.255480997676345, 15.255480997676345, 15.255480997676345, 15.255480997676345, 15.255480997676345, 15.255480997676345, 15.255480997676345, 15.255480997676345, 15.255480997676345, 15.255480997676345, 15.255480997676345, 15.255480997676345, 15.255480997676345, 15.255480997676345, 15.255480997676345, 15.255480997676345, 15.255480997676345, 15.255480997676345, 15.255480997676345, 15.255480997676345, 15.255480997676345, 15.255480997676345, 15.255480997676345, 15.255480997676345, 15.255480997676345, 15.255480997676345, 15.255480997676345, 15.255480997676345, 15.255480997676345, 15.255480997676345, 15.255480997676345, 15.255480997676345, 15.255480997676345, 15.255480997676345, 15.255480997676345, 15.255480997676345, 15.255480997676345, 15.255480997676345, 15.255480997676345, 15.255480997676345, 15.255480997676345, 15.255480997676345, 15.255480997676345, 15.255480997676345, 15.255480997676345, 15.255480997676345, 15.255480997676345, 15.255480997676345, 15.255480997676345, 15.255480997676345, 15.255480997676345, 15.255480997676345, 15.255480997676345], "lambda_inter_max": [2.1555050588505518, 2.1555050588505518, 2.1555050588505518, 2.1555050588505518, 2.1555050588505518, 2.1555050588505518, 2.1555050588505518, 2.1555050588505518, 2.1555050588505518, 2.1555050588505518, 2.1555050588505518, 2.1555050588505518, 2.1555050588505518, 2.1555050588505518, 2.1555050588505518, 2.1555050588505518, 2.1555050588505518, 2.1555050588505518, 2.1555050588505518, 2.1555050588505518, 2.1555050588505518, 2.1555050588505518, 2.1555050588505518, 2.1555050588505518, 2.1555050588505518, 2.1555050588505518, 2.1555050588505518, 2.1555050588505518, 2.1555050588505518, 2.1555050588505518, 2.1555050588505518, 2.1555050588505518, 2.1555050588505518, 2.1555050588505518, 2.1555050588505518, 2.1555050588505518, 2.1555050588505518, 2.1555050588505518, 2.1555050588505518, 2.1555050588505518, 2.1555050588505518, 2.1555050588505518, 2.1555050588505518, 2.1555050588505518, 2.1555050588505518, 2.1555050588505518, 2.1555050588505518, 2.1555050588505518, 2.1555050588505518, 2.1555050588505518, 2.1555050588505518, 2.1555050588505518, 2.1555050588505518, 2.1555050588505518, 2.1555050588505518, 2.1555050588505518, 2.1555050588505518, 2.1555050588505518, 2.1555050588505518, 2.1555050588505518, 2.1555050588505518, 2.1555050588505518, 2.1555050588505518, 2.1555050588505518, 2.1555050588505518, 2.1555050588505518, 2.1555050588505518, 2.1555050588505518, 2.1555050588505518, 2.1555050588505518, 2.1555050588505518, 2.1555050588505518, 2.1555050588505518, 2.1555050588505518, 2.1555050588505518, 2.1555050588505518, 2.1555050588505518, 2.1555050588505518, 2.1555050588505518, 2.1555050588505518, 2.1555050588505518, 2.1555050588505518, 2.1555050588505518, 2.1555050588505518, 2.1555050588505518, 2.1555050588505518, 2.1555050588505518, 2.1555050588505518, 2.1555050588505518, 2.1555050588505518, 2.1555050588505518, 2.1555050588505518, 2.1555050588505518, 2.1555050588505518, 2.1555050588505518, 2.1555050588505518, 2.1555050588505518, 2.1555050588505518, 2.1555050588505518, 2.1555050588505518], "lambda_reginter": [0.0, 1.6950534441862606, 3.390106888372521, 5.0851603325587815, 6.780213776745042, 8.475267220931302, 10.170320665117563, 11.865374109303824, 13.560427553490085, 15.255480997676345, 0.0, 1.6950534441862606, 3.390106888372521, 5.0851603325587815, 6.780213776745042, 8.475267220931302, 10.170320665117563, 11.865374109303824, 13.560427553490085, 15.255480997676345, 0.0, 1.6950534441862606, 3.390106888372521, 5.0851603325587815, 6.780213776745042, 8.475267220931302, 10.170320665117563, 11.865374109303824, 13.560427553490085, 15.255480997676345, 0.0, 1.6950534441862606, 3.390106888372521, 5.0851603325587815, 6.780213776745042, 8.475267220931302, 10.170320665117563, 11.865374109303824, 13.560427553490085, 15.255480997676345, 0.0, 1.6950534441862606, 3.390106888372521, 5.0851603325587815, 6.780213776745042, 8.475267220931302, 10.170320665117563, 11.865374109303824, 13.560427553490085, 15.255480997676345, 0.0, 1.6950534441862606, 3.390106888372521, 5.0851603325587815, 6.780213776745042, 8.475267220931302, 10.170320665117563, 11.865374109303824, 13.560427553490085, 15.255480997676345, 0.0, 1.6950534441862606, 3.390106888372521, 5.0851603325587815, 6.780213776745042, 8.475267220931302, 10.170320665117563, 11.865374109303824, 13.560427553490085, 15.255480997676345, 0.0, 1.6950534441862606, 3.390106888372521, 5.0851603325587815, 6.780213776745042, 8.475267220931302, 10.170320665117563, 11.865374109303824, 13.560427553490085, 15.255480997676345, 0.0, 1.6950534441862606, 3.390106888372521, 5.0851603325587815, 6.780213776745042, 8.475267220931302, 10.170320665117563, 11.865374109303824, 13.560427553490085, 15.255480997676345, 0.0, 1.6950534441862606, 3.390106888372521, 5.0851603325587815, 6.780213776745042, 8.475267220931302, 10.170320665117563, 11.865374109303824, 13.560427553490085, 15.255480997676345],