{"n": [1000, 1000, 1000, 1000, 1000, 1000, 1000, 1000, 1000, 1000, 1000, 1000, 1000, 1000, 1000, 1000, 1000, 1000, 1000, 1000, 1000, 1000, 1000, 1000, 1000, 1000, 1000, 1000, 1000, 1000, 1000, 1000, 1000, 1000, 1000, 1000, 1000, 1000, 1000, 1000, 1000, 1000, 1000, 1000, 1000, 1000, 1000, 1000, 1000, 1000, 1000, 1000, 1000, 1000, 1000, 1000, 1000, 1000, 1000, 1000, 1000, 1000, 1000, 1000, 1000, 1000, 1000, 1000, 1000, 1000, 1000, 1000, 1000, 1000, 1000, 1000, 1000, 1000, 1000, 1000, 1000, 1000, 1000, 1000, 1000, 1000, 1000, 1000, 1000, 1000, 1000, 1000, 1000, 1000, 1000, 1000, 1000, 1000, 1000, 1000], "rep": [62, 62, 62, 62, 62, 62, 62, 62, 62, 62, 62, 62, 62, 62, 62, 62, 62, 62, 62, 62, 62, 62, 62, 62, 62, 62, 62, 62, 62, 62, 62, 62, 62, 62, 62, 62, 62, 62, 62, 62, 62, 62, 62, 62, 62, 62, 62, 62, 62, 62, 62, 62, 62, 62, 62, 62, 62, 62, 62, 62, 62, 62, 62, 62, 62, 62, 62, 62, 62, 62, 62, 62, 62, 62, 62, 62, 62, 62, 62, 62, 62, 62, 62, 62, 62, 62, 62, 62, 62, 62, 62, 62, 62, 62, 62, 62, 62, 62, 62, 62], "lambda_reginter_max": [13.559972957975507, 13.559972957975507, 13.559972957975507, 13.559972957975507, 13.559972957975507, 13.559972957975507, 13.559972957975507, 13.559972957975507, 13.559972957975507, 13.559972957975507, 13.559972957975507, 13.559972957975507, 13.559972957975507, 13.559972957975507, 13.559972957975507, 13.559972957975507, 13.559972957975507, 13.559972957975507, 13.559972957975507, 13.559972957975507, 13.559972957975507, 13.559972957975507, 13.559972957975507, 13.559972957975507, 13.559972957975507, 13.559972957975507, 13.559972957975507, 13.559972957975507, 13.559972957975507, 13.559972957975507, 13.559972957975507, 13.559972957975507, 13.559972957975507, 13.559972957975507, 13.559972957975507, 13.559972957975507, 13.559972957975507, 13.559972957975507, 13.559972957975507, 13.559972957975507, 13.559972957975507, 13.559972957975507, 13.559972957975507, 13.559972957975507, 13.559972957975507, 13.559972957975507, 13.559972957975507, 13.559972957975507, 13.559972957975507, 13.559972957975507, 13.559972957975507, 13.559972957975507, 13.559972957975507, 13.559972957975507, 13.559972957975507, 13.559972957975507, 13.559972957975507, 13.559972957975507, 13.559972957975507, 13.559972957975507, 13.559972957975507, 13.559972957975507, 13.559972957975507, 13.559972957975507, 13.559972957975507, 13.559972957975507, 13.559972957975507, 13.559972957975507, 13.559972957975507, 13.559972957975507, 13.559972957975507, 13.559972957975507, 13.559972957975507, 13.559972957975507, 13.559972957975507, 13.559972957975507, 13.559972957975507, 13.559972957975507, 13.559972957975507, 13.559972957975507, 13.559972957975507, 13.559972957975507, 13.559972957975507, 13.559972957975507, 13.559972957975507, 13.559972957975507, 13.559972957975507, 13.559972957975507, 13.559972957975507, 13.559972957975507, 13.559972957975507, 13.559972957975507, 13.559972957975507, 13.559972957975507, 13.559972957975507, 13.559972957975507, 13.559972957975507, 13.559972957975507, 13.559972957975507, 13.559972957975507], "lambda_inter_max": [1.9877196984219, 1.9877196984219, 1.9877196984219, 1.9877196984219, 1.9877196984219, 1.9877196984219, 1.9877196984219, 1.9877196984219, 1.9877196984219, 1.9877196984219, 1.9877196984219, 1.9877196984219, 1.9877196984219, 1.9877196984219, 1.9877196984219, 1.9877196984219, 1.9877196984219, 1.9877196984219, 1.9877196984219, 1.9877196984219, 1.9877196984219, 1.9877196984219, 1.9877196984219, 1.9877196984219, 1.9877196984219, 1.9877196984219, 1.9877196984219, 1.9877196984219, 1.9877196984219, 1.9877196984219, 1.9877196984219, 1.9877196984219, 1.9877196984219, 1.9877196984219, 1.9877196984219, 1.9877196984219, 1.9877196984219, 1.9877196984219, 1.9877196984219, 1.9877196984219, 1.9877196984219, 1.9877196984219, 1.9877196984219, 1.9877196984219, 1.9877196984219, 1.9877196984219, 1.9877196984219, 1.9877196984219, 1.9877196984219, 1.9877196984219, 1.9877196984219, 1.9877196984219, 1.9877196984219, 1.9877196984219, 1.9877196984219, 1.9877196984219, 1.9877196984219, 1.9877196984219, 1.9877196984219, 1.9877196984219, 1.9877196984219, 1.9877196984219, 1.9877196984219, 1.9877196984219, 1.9877196984219, 1.9877196984219, 1.9877196984219, 1.9877196984219, 1.9877196984219, 1.9877196984219, 1.9877196984219, 1.9877196984219, 1.9877196984219, 1.9877196984219, 1.9877196984219, 1.9877196984219, 1.9877196984219, 1.9877196984219, 1.9877196984219, 1.9877196984219, 1.9877196984219, 1.9877196984219, 1.9877196984219, 1.9877196984219, 1.9877196984219, 1.9877196984219, 1.9877196984219, 1.9877196984219, 1.9877196984219, 1.9877196984219, 1.9877196984219, 1.9877196984219, 1.9877196984219, 1.9877196984219, 1.9877196984219, 1.9877196984219, 1.9877196984219, 1.9877196984219, 1.9877196984219, 1.9877196984219], "lambda_reginter": [0.0, 1.5066636619972786, 3.0133273239945573, 4.519990985991836, 6.0266546479891145, 7.533318309986393, 9.039981971983671, 10.546645633980951, 12.053309295978229, 13.559972957975507, 0.0, 1.5066636619972786, 3.0133273239945573, 4.519990985991836, 6.0266546479891145, 7.533318309986393, 9.039981971983671, 10.546645633980951, 12.053309295978229, 13.559972957975507, 0.0, 1.5066636619972786, 3.0133273239945573, 4.519990985991836, 6.0266546479891145, 7.533318309986393, 9.039981971983671, 10.546645633980951, 12.053309295978229, 13.559972957975507, 0.0, 1.5066636619972786, 3.0133273239945573, 4.519990985991836, 6.0266546479891145, 7.533318309986393, 9.039981971983671, 10.546645633980951, 12.053309295978229, 13.559972957975507, 0.0, 1.5066636619972786, 3.0133273239945573, 4.519990985991836, 6.0266546479891145, 7.533318309986393, 9.039981971983671, 10.546645633980951, 12.053309295978229, 13.559972957975507, 0.0, 1.5066636619972786, 3.0133273239945573, 4.519990985991836, 6.0266546479891145, 7.533318309986393, 9.039981971983671, 10.546645633980951, 12.053309295978229, 13.559972957975507, 0.0, 1.5066636619972786, 3.0133273239945573, 4.519990985991836, 6.0266546479891145, 7.533318309986393, 9.039981971983671, 10.546645633980951, 12.053309295978229, 13.559972957975507, 0.0, 1.5066636619972786, 3.0133273239945573, 4.519990985991836, 6.0266546479891145, 7.533318309986393, 9.039981971983671, 10.546645633980951, 12.053309295978229, 13.559972957975507, 0.0, 1.5066636619972786, 3.0133273239945573, 4.519990985991836, 6.0266546479891145, 7.533318309986393, 9.039981971983671, 10.546645633980951, 12.053309295978229, 13.559972957975507, 0.0, 1.5066636619972786, 3.0133273239945573, 4.519990985991836, 6.0266546479891145, 7.533318309986393, 9.039981971983671, 10.546645633980951, 12.053309295978229, 13.559972957975507],