{"n": [200, 200, 200, 200, 200, 200, 200, 200, 200, 200, 200, 200, 200, 200, 200, 200, 200, 200, 200, 200, 200, 200, 200, 200, 200, 200, 200, 200, 200, 200, 200, 200, 200, 200, 200, 200, 200, 200, 200, 200, 200, 200, 200, 200, 200, 200, 200, 200, 200, 200, 200, 200, 200, 200, 200, 200, 200, 200, 200, 200, 200, 200, 200, 200, 200, 200, 200, 200, 200, 200, 200, 200, 200, 200, 200, 200, 200, 200, 200, 200, 200, 200, 200, 200, 200, 200, 200, 200, 200, 200, 200, 200, 200, 200, 200, 200, 200, 200, 200, 200], "rep": [78, 78, 78, 78, 78, 78, 78, 78, 78, 78, 78, 78, 78, 78, 78, 78, 78, 78, 78, 78, 78, 78, 78, 78, 78, 78, 78, 78, 78, 78, 78, 78, 78, 78, 78, 78, 78, 78, 78, 78, 78, 78, 78, 78, 78, 78, 78, 78, 78, 78, 78, 78, 78, 78, 78, 78, 78, 78, 78, 78, 78, 78, 78, 78, 78, 78, 78, 78, 78, 78, 78, 78, 78, 78, 78, 78, 78, 78, 78, 78, 78, 78, 78, 78, 78, 78, 78, 78, 78, 78, 78, 78, 78, 78, 78, 78, 78, 78, 78, 78], "lambda_reginter_max": [23.641999240005497, 23.641999240005497, 23.641999240005497, 23.641999240005497, 23.641999240005497, 23.641999240005497, 23.641999240005497, 23.641999240005497, 23.641999240005497, 23.641999240005497, 23.641999240005497, 23.641999240005497, 23.641999240005497, 23.641999240005497, 23.641999240005497, 23.641999240005497, 23.641999240005497, 23.641999240005497, 23.641999240005497, 23.641999240005497, 23.641999240005497, 23.641999240005497, 23.641999240005497, 23.641999240005497, 23.641999240005497, 23.641999240005497, 23.641999240005497, 23.641999240005497, 23.641999240005497, 23.641999240005497, 23.641999240005497, 23.641999240005497, 23.641999240005497, 23.641999240005497, 23.641999240005497, 23.641999240005497, 23.641999240005497, 23.641999240005497, 23.641999240005497, 23.641999240005497, 23.641999240005497, 23.641999240005497, 23.641999240005497, 23.641999240005497, 23.641999240005497, 23.641999240005497, 23.641999240005497, 23.641999240005497, 23.641999240005497, 23.641999240005497, 23.641999240005497, 23.641999240005497, 23.641999240005497, 23.641999240005497, 23.641999240005497, 23.641999240005497, 23.641999240005497, 23.641999240005497, 23.641999240005497, 23.641999240005497, 23.641999240005497, 23.641999240005497, 23.641999240005497, 23.641999240005497, 23.641999240005497, 23.641999240005497, 23.641999240005497, 23.641999240005497, 23.641999240005497, 23.641999240005497, 23.641999240005497, 23.641999240005497, 23.641999240005497, 23.641999240005497, 23.641999240005497, 23.641999240005497, 23.641999240005497, 23.641999240005497, 23.641999240005497, 23.641999240005497, 23.641999240005497, 23.641999240005497, 23.641999240005497, 23.641999240005497, 23.641999240005497, 23.641999240005497, 23.641999240005497, 23.641999240005497, 23.641999240005497, 23.641999240005497, 23.641999240005497, 23.641999240005497, 23.641999240005497, 23.641999240005497, 23.641999240005497, 23.641999240005497, 23.641999240005497, 23.641999240005497, 23.641999240005497, 23.641999240005497], "lambda_inter_max": [3.283429628581582, 3.283429628581582, 3.283429628581582, 3.283429628581582, 3.283429628581582, 3.283429628581582, 3.283429628581582, 3.283429628581582, 3.283429628581582, 3.283429628581582, 3.283429628581582, 3.283429628581582, 3.283429628581582, 3.283429628581582, 3.283429628581582, 3.283429628581582, 3.283429628581582, 3.283429628581582, 3.283429628581582, 3.283429628581582, 3.283429628581582, 3.283429628581582, 3.283429628581582, 3.283429628581582, 3.283429628581582, 3.283429628581582, 3.283429628581582, 3.283429628581582, 3.283429628581582, 3.283429628581582, 3.283429628581582, 3.283429628581582, 3.283429628581582, 3.283429628581582, 3.283429628581582, 3.283429628581582, 3.283429628581582, 3.283429628581582, 3.283429628581582, 3.283429628581582, 3.283429628581582, 3.283429628581582, 3.283429628581582, 3.283429628581582, 3.283429628581582, 3.283429628581582, 3.283429628581582, 3.283429628581582, 3.283429628581582, 3.283429628581582, 3.283429628581582, 3.283429628581582, 3.283429628581582, 3.283429628581582, 3.283429628581582, 3.283429628581582, 3.283429628581582, 3.283429628581582, 3.283429628581582, 3.283429628581582, 3.283429628581582, 3.283429628581582, 3.283429628581582, 3.283429628581582, 3.283429628581582, 3.283429628581582, 3.283429628581582, 3.283429628581582, 3.283429628581582, 3.283429628581582, 3.283429628581582, 3.283429628581582, 3.283429628581582, 3.283429628581582, 3.283429628581582, 3.283429628581582, 3.283429628581582, 3.283429628581582, 3.283429628581582, 3.283429628581582, 3.283429628581582, 3.283429628581582, 3.283429628581582, 3.283429628581582, 3.283429628581582, 3.283429628581582, 3.283429628581582, 3.283429628581582, 3.283429628581582, 3.283429628581582, 3.283429628581582, 3.283429628581582, 3.283429628581582, 3.283429628581582, 3.283429628581582, 3.283429628581582, 3.283429628581582, 3.283429628581582, 3.283429628581582, 3.283429628581582], "lambda_reginter": [0.0, 2.626888804445055, 5.25377760889011, 7.880666413335165, 10.50755521778022, 13.134444022225276, 15.76133282667033, 18.388221631115385, 21.01511043556044, 23.641999240005497, 0.0, 2.626888804445055, 5.25377760889011, 7.880666413335165, 10.50755521778022, 13.134444022225276, 15.76133282667033, 18.388221631115385, 21.01511043556044, 23.641999240005497, 0.0, 2.626888804445055, 5.25377760889011, 7.880666413335165, 10.50755521778022, 13.134444022225276, 15.76133282667033, 18.388221631115385, 21.01511043556044, 23.641999240005497, 0.0, 2.626888804445055, 5.25377760889011, 7.880666413335165, 10.50755521778022, 13.134444022225276, 15.76133282667033, 18.388221631115385, 21.01511043556044, 23.641999240005497, 0.0, 2.626888804445055, 5.25377760889011, 7.880666413335165, 10.50755521778022, 13.134444022225276, 15.76133282667033, 18.388221631115385, 21.01511043556044, 23.641999240005497, 0.0, 2.626888804445055, 5.25377760889011, 7.880666413335165, 10.50755521778022, 13.134444022225276, 15.76133282667033, 18.388221631115385, 21.01511043556044, 23.641999240005497, 0.0, 2.626888804445055, 5.25377760889011, 7.880666413335165, 10.50755521778022, 13.134444022225276, 15.76133282667033, 18.388221631115385, 21.01511043556044, 23.641999240005497, 0.0, 2.626888804445055, 5.25377760889011, 7.880666413335165, 10.50755521778022, 13.134444022225276, 15.76133282667033, 18.388221631115385, 21.01511043556044, 23.641999240005497, 0.0, 2.626888804445055, 5.25377760889011, 7.880666413335165, 10.50755521778022, 13.134444022225276, 15.76133282667033, 18.388221631115385, 21.01511043556044, 23.641999240005497, 0.0, 2.626888804445055, 5.25377760889011, 7.880666413335165, 10.50755521778022, 13.134444022225276, 15.76133282667033, 18.388221631115385, 21.01511043556044, 23.641999240005497],