{"lambda_reginter_max": 41.77864387878269, "lambda_inter_max": 0.4771970193240446}