{"lambda_reginter_max": 364.53768891183444, "lambda_inter_max": 10.646997771845324}