{"n": [500, 500, 500, 500, 500, 500, 500, 500, 500, 500, 500, 500, 500, 500, 500, 500, 500, 500, 500, 500, 500, 500, 500, 500, 500, 500, 500, 500, 500, 500, 500, 500, 500, 500, 500, 500, 500, 500, 500, 500, 500, 500, 500, 500, 500, 500, 500, 500, 500, 500, 500, 500, 500, 500, 500, 500, 500, 500, 500, 500, 500, 500, 500, 500, 500, 500, 500, 500, 500, 500, 500, 500, 500, 500, 500, 500, 500, 500, 500, 500, 500, 500, 500, 500, 500, 500, 500, 500, 500, 500, 500, 500, 500, 500, 500, 500, 500, 500, 500, 500], "rep": [96, 96, 96, 96, 96, 96, 96, 96, 96, 96, 96, 96, 96, 96, 96, 96, 96, 96, 96, 96, 96, 96, 96, 96, 96, 96, 96, 96, 96, 96, 96, 96, 96, 96, 96, 96, 96, 96, 96, 96, 96, 96, 96, 96, 96, 96, 96, 96, 96, 96, 96, 96, 96, 96, 96, 96, 96, 96, 96, 96, 96, 96, 96, 96, 96, 96, 96, 96, 96, 96, 96, 96, 96, 96, 96, 96, 96, 96, 96, 96, 96, 96, 96, 96, 96, 96, 96, 96, 96, 96, 96, 96, 96, 96, 96, 96, 96, 96, 96, 96], "lambda_reginter_max": [17.708017076436604, 17.708017076436604, 17.708017076436604, 17.708017076436604, 17.708017076436604, 17.708017076436604, 17.708017076436604, 17.708017076436604, 17.708017076436604, 17.708017076436604, 17.708017076436604, 17.708017076436604, 17.708017076436604, 17.708017076436604, 17.708017076436604, 17.708017076436604, 17.708017076436604, 17.708017076436604, 17.708017076436604, 17.708017076436604, 17.708017076436604, 17.708017076436604, 17.708017076436604, 17.708017076436604, 17.708017076436604, 17.708017076436604, 17.708017076436604, 17.708017076436604, 17.708017076436604, 17.708017076436604, 17.708017076436604, 17.708017076436604, 17.708017076436604, 17.708017076436604, 17.708017076436604, 17.708017076436604, 17.708017076436604, 17.708017076436604, 17.708017076436604, 17.708017076436604, 17.708017076436604, 17.708017076436604, 17.708017076436604, 17.708017076436604, 17.708017076436604, 17.708017076436604, 17.708017076436604, 17.708017076436604, 17.708017076436604, 17.708017076436604, 17.708017076436604, 17.708017076436604, 17.708017076436604, 17.708017076436604, 17.708017076436604, 17.708017076436604, 17.708017076436604, 17.708017076436604, 17.708017076436604, 17.708017076436604, 17.708017076436604, 17.708017076436604, 17.708017076436604, 17.708017076436604, 17.708017076436604, 17.708017076436604, 17.708017076436604, 17.708017076436604, 17.708017076436604, 17.708017076436604, 17.708017076436604, 17.708017076436604, 17.708017076436604, 17.708017076436604, 17.708017076436604, 17.708017076436604, 17.708017076436604, 17.708017076436604, 17.708017076436604, 17.708017076436604, 17.708017076436604, 17.708017076436604, 17.708017076436604, 17.708017076436604, 17.708017076436604, 17.708017076436604, 17.708017076436604, 17.708017076436604, 17.708017076436604, 17.708017076436604, 17.708017076436604, 17.708017076436604, 17.708017076436604, 17.708017076436604, 17.708017076436604, 17.708017076436604, 17.708017076436604, 17.708017076436604, 17.708017076436604, 17.708017076436604], "lambda_inter_max": [2.2258960546646405, 2.2258960546646405, 2.2258960546646405, 2.2258960546646405, 2.2258960546646405, 2.2258960546646405, 2.2258960546646405, 2.2258960546646405, 2.2258960546646405, 2.2258960546646405, 2.2258960546646405, 2.2258960546646405, 2.2258960546646405, 2.2258960546646405, 2.2258960546646405, 2.2258960546646405, 2.2258960546646405, 2.2258960546646405, 2.2258960546646405, 2.2258960546646405, 2.2258960546646405, 2.2258960546646405, 2.2258960546646405, 2.2258960546646405, 2.2258960546646405, 2.2258960546646405, 2.2258960546646405, 2.2258960546646405, 2.2258960546646405, 2.2258960546646405, 2.2258960546646405, 2.2258960546646405, 2.2258960546646405, 2.2258960546646405, 2.2258960546646405, 2.2258960546646405, 2.2258960546646405, 2.2258960546646405, 2.2258960546646405, 2.2258960546646405, 2.2258960546646405, 2.2258960546646405, 2.2258960546646405, 2.2258960546646405, 2.2258960546646405, 2.2258960546646405, 2.2258960546646405, 2.2258960546646405, 2.2258960546646405, 2.2258960546646405, 2.2258960546646405, 2.2258960546646405, 2.2258960546646405, 2.2258960546646405, 2.2258960546646405, 2.2258960546646405, 2.2258960546646405, 2.2258960546646405, 2.2258960546646405, 2.2258960546646405, 2.2258960546646405, 2.2258960546646405, 2.2258960546646405, 2.2258960546646405, 2.2258960546646405, 2.2258960546646405, 2.2258960546646405, 2.2258960546646405, 2.2258960546646405, 2.2258960546646405, 2.2258960546646405, 2.2258960546646405, 2.2258960546646405, 2.2258960546646405, 2.2258960546646405, 2.2258960546646405, 2.2258960546646405, 2.2258960546646405, 2.2258960546646405, 2.2258960546646405, 2.2258960546646405, 2.2258960546646405, 2.2258960546646405, 2.2258960546646405, 2.2258960546646405, 2.2258960546646405, 2.2258960546646405, 2.2258960546646405, 2.2258960546646405, 2.2258960546646405, 2.2258960546646405, 2.2258960546646405, 2.2258960546646405, 2.2258960546646405, 2.2258960546646405, 2.2258960546646405, 2.2258960546646405, 2.2258960546646405, 2.2258960546646405, 2.2258960546646405], "lambda_reginter": [0.0, 1.9675574529374005, 3.935114905874801, 5.902672358812201, 7.870229811749602, 9.837787264687002, 11.805344717624402, 13.772902170561803, 15.740459623499204, 17.708017076436604, 0.0, 1.9675574529374005, 3.935114905874801, 5.902672358812201, 7.870229811749602, 9.837787264687002, 11.805344717624402, 13.772902170561803, 15.740459623499204, 17.708017076436604, 0.0, 1.9675574529374005, 3.935114905874801, 5.902672358812201, 7.870229811749602, 9.837787264687002, 11.805344717624402, 13.772902170561803, 15.740459623499204, 17.708017076436604, 0.0, 1.9675574529374005, 3.935114905874801, 5.902672358812201, 7.870229811749602, 9.837787264687002, 11.805344717624402, 13.772902170561803, 15.740459623499204, 17.708017076436604, 0.0, 1.9675574529374005, 3.935114905874801, 5.902672358812201, 7.870229811749602, 9.837787264687002, 11.805344717624402, 13.772902170561803, 15.740459623499204, 17.708017076436604, 0.0, 1.9675574529374005, 3.935114905874801, 5.902672358812201, 7.870229811749602, 9.837787264687002, 11.805344717624402, 13.772902170561803, 15.740459623499204, 17.708017076436604, 0.0, 1.9675574529374005, 3.935114905874801, 5.902672358812201, 7.870229811749602, 9.837787264687002, 11.805344717624402, 13.772902170561803, 15.740459623499204, 17.708017076436604, 0.0, 1.9675574529374005, 3.935114905874801, 5.902672358812201, 7.870229811749602, 9.837787264687002, 11.805344717624402, 13.772902170561803, 15.740459623499204, 17.708017076436604, 0.0, 1.9675574529374005, 3.935114905874801, 5.902672358812201, 7.870229811749602, 9.837787264687002, 11.805344717624402, 13.772902170561803, 15.740459623499204, 17.708017076436604, 0.0, 1.9675574529374005, 3.935114905874801, 5.902672358812201, 7.870229811749602, 9.837787264687002, 11.805344717624402, 13.772902170561803, 15.740459623499204, 17.708017076436604],