{"n": [500, 500, 500, 500, 500, 500, 500, 500, 500, 500, 500, 500, 500, 500, 500, 500, 500, 500, 500, 500, 500, 500, 500, 500, 500, 500, 500, 500, 500, 500, 500, 500, 500, 500, 500, 500, 500, 500, 500, 500, 500, 500, 500, 500, 500, 500, 500, 500, 500, 500, 500, 500, 500, 500, 500, 500, 500, 500, 500, 500, 500, 500, 500, 500, 500, 500, 500, 500, 500, 500, 500, 500, 500, 500, 500, 500, 500, 500, 500, 500, 500, 500, 500, 500, 500, 500, 500, 500, 500, 500, 500, 500, 500, 500, 500, 500, 500, 500, 500, 500], "rep": [119, 119, 119, 119, 119, 119, 119, 119, 119, 119, 119, 119, 119, 119, 119, 119, 119, 119, 119, 119, 119, 119, 119, 119, 119, 119, 119, 119, 119, 119, 119, 119, 119, 119, 119, 119, 119, 119, 119, 119, 119, 119, 119, 119, 119, 119, 119, 119, 119, 119, 119, 119, 119, 119, 119, 119, 119, 119, 119, 119, 119, 119, 119, 119, 119, 119, 119, 119, 119, 119, 119, 119, 119, 119, 119, 119, 119, 119, 119, 119, 119, 119, 119, 119, 119, 119, 119, 119, 119, 119, 119, 119, 119, 119, 119, 119, 119, 119, 119, 119], "lambda_reginter_max": [16.12812662536069, 16.12812662536069, 16.12812662536069, 16.12812662536069, 16.12812662536069, 16.12812662536069, 16.12812662536069, 16.12812662536069, 16.12812662536069, 16.12812662536069, 16.12812662536069, 16.12812662536069, 16.12812662536069, 16.12812662536069, 16.12812662536069, 16.12812662536069, 16.12812662536069, 16.12812662536069, 16.12812662536069, 16.12812662536069, 16.12812662536069, 16.12812662536069, 16.12812662536069, 16.12812662536069, 16.12812662536069, 16.12812662536069, 16.12812662536069, 16.12812662536069, 16.12812662536069, 16.12812662536069, 16.12812662536069, 16.12812662536069, 16.12812662536069, 16.12812662536069, 16.12812662536069, 16.12812662536069, 16.12812662536069, 16.12812662536069, 16.12812662536069, 16.12812662536069, 16.12812662536069, 16.12812662536069, 16.12812662536069, 16.12812662536069, 16.12812662536069, 16.12812662536069, 16.12812662536069, 16.12812662536069, 16.12812662536069, 16.12812662536069, 16.12812662536069, 16.12812662536069, 16.12812662536069, 16.12812662536069, 16.12812662536069, 16.12812662536069, 16.12812662536069, 16.12812662536069, 16.12812662536069, 16.12812662536069, 16.12812662536069, 16.12812662536069, 16.12812662536069, 16.12812662536069, 16.12812662536069, 16.12812662536069, 16.12812662536069, 16.12812662536069, 16.12812662536069, 16.12812662536069, 16.12812662536069, 16.12812662536069, 16.12812662536069, 16.12812662536069, 16.12812662536069, 16.12812662536069, 16.12812662536069, 16.12812662536069, 16.12812662536069, 16.12812662536069, 16.12812662536069, 16.12812662536069, 16.12812662536069, 16.12812662536069, 16.12812662536069, 16.12812662536069, 16.12812662536069, 16.12812662536069, 16.12812662536069, 16.12812662536069, 16.12812662536069, 16.12812662536069, 16.12812662536069, 16.12812662536069, 16.12812662536069, 16.12812662536069, 16.12812662536069, 16.12812662536069, 16.12812662536069, 16.12812662536069], "lambda_inter_max": [2.226848951801658, 2.226848951801658, 2.226848951801658, 2.226848951801658, 2.226848951801658, 2.226848951801658, 2.226848951801658, 2.226848951801658, 2.226848951801658, 2.226848951801658, 2.226848951801658, 2.226848951801658, 2.226848951801658, 2.226848951801658, 2.226848951801658, 2.226848951801658, 2.226848951801658, 2.226848951801658, 2.226848951801658, 2.226848951801658, 2.226848951801658, 2.226848951801658, 2.226848951801658, 2.226848951801658, 2.226848951801658, 2.226848951801658, 2.226848951801658, 2.226848951801658, 2.226848951801658, 2.226848951801658, 2.226848951801658, 2.226848951801658, 2.226848951801658, 2.226848951801658, 2.226848951801658, 2.226848951801658, 2.226848951801658, 2.226848951801658, 2.226848951801658, 2.226848951801658, 2.226848951801658, 2.226848951801658, 2.226848951801658, 2.226848951801658, 2.226848951801658, 2.226848951801658, 2.226848951801658, 2.226848951801658, 2.226848951801658, 2.226848951801658, 2.226848951801658, 2.226848951801658, 2.226848951801658, 2.226848951801658, 2.226848951801658, 2.226848951801658, 2.226848951801658, 2.226848951801658, 2.226848951801658, 2.226848951801658, 2.226848951801658, 2.226848951801658, 2.226848951801658, 2.226848951801658, 2.226848951801658, 2.226848951801658, 2.226848951801658, 2.226848951801658, 2.226848951801658, 2.226848951801658, 2.226848951801658, 2.226848951801658, 2.226848951801658, 2.226848951801658, 2.226848951801658, 2.226848951801658, 2.226848951801658, 2.226848951801658, 2.226848951801658, 2.226848951801658, 2.226848951801658, 2.226848951801658, 2.226848951801658, 2.226848951801658, 2.226848951801658, 2.226848951801658, 2.226848951801658, 2.226848951801658, 2.226848951801658, 2.226848951801658, 2.226848951801658, 2.226848951801658, 2.226848951801658, 2.226848951801658, 2.226848951801658, 2.226848951801658, 2.226848951801658, 2.226848951801658, 2.226848951801658, 2.226848951801658], "lambda_reginter": [0.0, 1.792014069484521, 3.584028138969042, 5.376042208453563, 7.168056277938084, 8.960070347422604, 10.752084416907126, 12.544098486391647, 14.336112555876168, 16.12812662536069, 0.0, 1.792014069484521, 3.584028138969042, 5.376042208453563, 7.168056277938084, 8.960070347422604, 10.752084416907126, 12.544098486391647, 14.336112555876168, 16.12812662536069, 0.0, 1.792014069484521, 3.584028138969042, 5.376042208453563, 7.168056277938084, 8.960070347422604, 10.752084416907126, 12.544098486391647, 14.336112555876168, 16.12812662536069, 0.0, 1.792014069484521, 3.584028138969042, 5.376042208453563, 7.168056277938084, 8.960070347422604, 10.752084416907126, 12.544098486391647, 14.336112555876168, 16.12812662536069, 0.0, 1.792014069484521, 3.584028138969042, 5.376042208453563, 7.168056277938084, 8.960070347422604, 10.752084416907126, 12.544098486391647, 14.336112555876168, 16.12812662536069, 0.0, 1.792014069484521, 3.584028138969042, 5.376042208453563, 7.168056277938084, 8.960070347422604, 10.752084416907126, 12.544098486391647, 14.336112555876168, 16.12812662536069, 0.0, 1.792014069484521, 3.584028138969042, 5.376042208453563, 7.168056277938084, 8.960070347422604, 10.752084416907126, 12.544098486391647, 14.336112555876168, 16.12812662536069, 0.0, 1.792014069484521, 3.584028138969042, 5.376042208453563, 7.168056277938084, 8.960070347422604, 10.752084416907126, 12.544098486391647, 14.336112555876168, 16.12812662536069, 0.0, 1.792014069484521, 3.584028138969042, 5.376042208453563, 7.168056277938084, 8.960070347422604, 10.752084416907126, 12.544098486391647, 14.336112555876168, 16.12812662536069, 0.0, 1.792014069484521, 3.584028138969042, 5.376042208453563, 7.168056277938084, 8.960070347422604, 10.752084416907126, 12.544098486391647, 14.336112555876168, 16.12812662536069],