{"n": [500, 500, 500, 500, 500, 500, 500, 500, 500, 500, 500, 500, 500, 500, 500, 500, 500, 500, 500, 500, 500, 500, 500, 500, 500, 500, 500, 500, 500, 500, 500, 500, 500, 500, 500, 500, 500, 500, 500, 500, 500, 500, 500, 500, 500, 500, 500, 500, 500, 500, 500, 500, 500, 500, 500, 500, 500, 500, 500, 500, 500, 500, 500, 500, 500, 500, 500, 500, 500, 500, 500, 500, 500, 500, 500, 500, 500, 500, 500, 500, 500, 500, 500, 500, 500, 500, 500, 500, 500, 500, 500, 500, 500, 500, 500, 500, 500, 500, 500, 500], "rep": [37, 37, 37, 37, 37, 37, 37, 37, 37, 37, 37, 37, 37, 37, 37, 37, 37, 37, 37, 37, 37, 37, 37, 37, 37, 37, 37, 37, 37, 37, 37, 37, 37, 37, 37, 37, 37, 37, 37, 37, 37, 37, 37, 37, 37, 37, 37, 37, 37, 37, 37, 37, 37, 37, 37, 37, 37, 37, 37, 37, 37, 37, 37, 37, 37, 37, 37, 37, 37, 37, 37, 37, 37, 37, 37, 37, 37, 37, 37, 37, 37, 37, 37, 37, 37, 37, 37, 37, 37, 37, 37, 37, 37, 37, 37, 37, 37, 37, 37, 37], "lambda_reginter_max": [25.113315054637184, 25.113315054637184, 25.113315054637184, 25.113315054637184, 25.113315054637184, 25.113315054637184, 25.113315054637184, 25.113315054637184, 25.113315054637184, 25.113315054637184, 25.113315054637184, 25.113315054637184, 25.113315054637184, 25.113315054637184, 25.113315054637184, 25.113315054637184, 25.113315054637184, 25.113315054637184, 25.113315054637184, 25.113315054637184, 25.113315054637184, 25.113315054637184, 25.113315054637184, 25.113315054637184, 25.113315054637184, 25.113315054637184, 25.113315054637184, 25.113315054637184, 25.113315054637184, 25.113315054637184, 25.113315054637184, 25.113315054637184, 25.113315054637184, 25.113315054637184, 25.113315054637184, 25.113315054637184, 25.113315054637184, 25.113315054637184, 25.113315054637184, 25.113315054637184, 25.113315054637184, 25.113315054637184, 25.113315054637184, 25.113315054637184, 25.113315054637184, 25.113315054637184, 25.113315054637184, 25.113315054637184, 25.113315054637184, 25.113315054637184, 25.113315054637184, 25.113315054637184, 25.113315054637184, 25.113315054637184, 25.113315054637184, 25.113315054637184, 25.113315054637184, 25.113315054637184, 25.113315054637184, 25.113315054637184, 25.113315054637184, 25.113315054637184, 25.113315054637184, 25.113315054637184, 25.113315054637184, 25.113315054637184, 25.113315054637184, 25.113315054637184, 25.113315054637184, 25.113315054637184, 25.113315054637184, 25.113315054637184, 25.113315054637184, 25.113315054637184, 25.113315054637184, 25.113315054637184, 25.113315054637184, 25.113315054637184, 25.113315054637184, 25.113315054637184, 25.113315054637184, 25.113315054637184, 25.113315054637184, 25.113315054637184, 25.113315054637184, 25.113315054637184, 25.113315054637184, 25.113315054637184, 25.113315054637184, 25.113315054637184, 25.113315054637184, 25.113315054637184, 25.113315054637184, 25.113315054637184, 25.113315054637184, 25.113315054637184, 25.113315054637184, 25.113315054637184, 25.113315054637184, 25.113315054637184], "lambda_inter_max": [2.9102307071249314, 2.9102307071249314, 2.9102307071249314, 2.9102307071249314, 2.9102307071249314, 2.9102307071249314, 2.9102307071249314, 2.9102307071249314, 2.9102307071249314, 2.9102307071249314, 2.9102307071249314, 2.9102307071249314, 2.9102307071249314, 2.9102307071249314, 2.9102307071249314, 2.9102307071249314, 2.9102307071249314, 2.9102307071249314, 2.9102307071249314, 2.9102307071249314, 2.9102307071249314, 2.9102307071249314, 2.9102307071249314, 2.9102307071249314, 2.9102307071249314, 2.9102307071249314, 2.9102307071249314, 2.9102307071249314, 2.9102307071249314, 2.9102307071249314, 2.9102307071249314, 2.9102307071249314, 2.9102307071249314, 2.9102307071249314, 2.9102307071249314, 2.9102307071249314, 2.9102307071249314, 2.9102307071249314, 2.9102307071249314, 2.9102307071249314, 2.9102307071249314, 2.9102307071249314, 2.9102307071249314, 2.9102307071249314, 2.9102307071249314, 2.9102307071249314, 2.9102307071249314, 2.9102307071249314, 2.9102307071249314, 2.9102307071249314, 2.9102307071249314, 2.9102307071249314, 2.9102307071249314, 2.9102307071249314, 2.9102307071249314, 2.9102307071249314, 2.9102307071249314, 2.9102307071249314, 2.9102307071249314, 2.9102307071249314, 2.9102307071249314, 2.9102307071249314, 2.9102307071249314, 2.9102307071249314, 2.9102307071249314, 2.9102307071249314, 2.9102307071249314, 2.9102307071249314, 2.9102307071249314, 2.9102307071249314, 2.9102307071249314, 2.9102307071249314, 2.9102307071249314, 2.9102307071249314, 2.9102307071249314, 2.9102307071249314, 2.9102307071249314, 2.9102307071249314, 2.9102307071249314, 2.9102307071249314, 2.9102307071249314, 2.9102307071249314, 2.9102307071249314, 2.9102307071249314, 2.9102307071249314, 2.9102307071249314, 2.9102307071249314, 2.9102307071249314, 2.9102307071249314, 2.9102307071249314, 2.9102307071249314, 2.9102307071249314, 2.9102307071249314, 2.9102307071249314, 2.9102307071249314, 2.9102307071249314, 2.9102307071249314, 2.9102307071249314, 2.9102307071249314, 2.9102307071249314], "lambda_reginter": [0.0, 2.7903683394041314, 5.580736678808263, 8.371105018212393, 11.161473357616526, 13.951841697020658, 16.742210036424787, 19.53257837582892, 22.32294671523305, 25.113315054637184, 0.0, 2.7903683394041314, 5.580736678808263, 8.371105018212393, 11.161473357616526, 13.951841697020658, 16.742210036424787, 19.53257837582892, 22.32294671523305, 25.113315054637184, 0.0, 2.7903683394041314, 5.580736678808263, 8.371105018212393, 11.161473357616526, 13.951841697020658, 16.742210036424787, 19.53257837582892, 22.32294671523305, 25.113315054637184, 0.0, 2.7903683394041314, 5.580736678808263, 8.371105018212393, 11.161473357616526, 13.951841697020658, 16.742210036424787, 19.53257837582892, 22.32294671523305, 25.113315054637184, 0.0, 2.7903683394041314, 5.580736678808263, 8.371105018212393, 11.161473357616526, 13.951841697020658, 16.742210036424787, 19.53257837582892, 22.32294671523305, 25.113315054637184, 0.0, 2.7903683394041314, 5.580736678808263, 8.371105018212393, 11.161473357616526, 13.951841697020658, 16.742210036424787, 19.53257837582892, 22.32294671523305, 25.113315054637184, 0.0, 2.7903683394041314, 5.580736678808263, 8.371105018212393, 11.161473357616526, 13.951841697020658, 16.742210036424787, 19.53257837582892, 22.32294671523305, 25.113315054637184, 0.0, 2.7903683394041314, 5.580736678808263, 8.371105018212393, 11.161473357616526, 13.951841697020658, 16.742210036424787, 19.53257837582892, 22.32294671523305, 25.113315054637184, 0.0, 2.7903683394041314, 5.580736678808263, 8.371105018212393, 11.161473357616526, 13.951841697020658, 16.742210036424787, 19.53257837582892, 22.32294671523305, 25.113315054637184, 0.0, 2.7903683394041314, 5.580736678808263, 8.371105018212393, 11.161473357616526, 13.951841697020658, 16.742210036424787, 19.53257837582892, 22.32294671523305, 25.113315054637184],