{"n": [500, 500, 500, 500, 500, 500, 500, 500, 500, 500, 500, 500, 500, 500, 500, 500, 500, 500, 500, 500, 500, 500, 500, 500, 500, 500, 500, 500, 500, 500, 500, 500, 500, 500, 500, 500, 500, 500, 500, 500, 500, 500, 500, 500, 500, 500, 500, 500, 500, 500, 500, 500, 500, 500, 500, 500, 500, 500, 500, 500, 500, 500, 500, 500, 500, 500, 500, 500, 500, 500, 500, 500, 500, 500, 500, 500, 500, 500, 500, 500, 500, 500, 500, 500, 500, 500, 500, 500, 500, 500, 500, 500, 500, 500, 500, 500, 500, 500, 500, 500], "rep": [73, 73, 73, 73, 73, 73, 73, 73, 73, 73, 73, 73, 73, 73, 73, 73, 73, 73, 73, 73, 73, 73, 73, 73, 73, 73, 73, 73, 73, 73, 73, 73, 73, 73, 73, 73, 73, 73, 73, 73, 73, 73, 73, 73, 73, 73, 73, 73, 73, 73, 73, 73, 73, 73, 73, 73, 73, 73, 73, 73, 73, 73, 73, 73, 73, 73, 73, 73, 73, 73, 73, 73, 73, 73, 73, 73, 73, 73, 73, 73, 73, 73, 73, 73, 73, 73, 73, 73, 73, 73, 73, 73, 73, 73, 73, 73, 73, 73, 73, 73], "lambda_reginter_max": [10.811206558388836, 10.811206558388836, 10.811206558388836, 10.811206558388836, 10.811206558388836, 10.811206558388836, 10.811206558388836, 10.811206558388836, 10.811206558388836, 10.811206558388836, 10.811206558388836, 10.811206558388836, 10.811206558388836, 10.811206558388836, 10.811206558388836, 10.811206558388836, 10.811206558388836, 10.811206558388836, 10.811206558388836, 10.811206558388836, 10.811206558388836, 10.811206558388836, 10.811206558388836, 10.811206558388836, 10.811206558388836, 10.811206558388836, 10.811206558388836, 10.811206558388836, 10.811206558388836, 10.811206558388836, 10.811206558388836, 10.811206558388836, 10.811206558388836, 10.811206558388836, 10.811206558388836, 10.811206558388836, 10.811206558388836, 10.811206558388836, 10.811206558388836, 10.811206558388836, 10.811206558388836, 10.811206558388836, 10.811206558388836, 10.811206558388836, 10.811206558388836, 10.811206558388836, 10.811206558388836, 10.811206558388836, 10.811206558388836, 10.811206558388836, 10.811206558388836, 10.811206558388836, 10.811206558388836, 10.811206558388836, 10.811206558388836, 10.811206558388836, 10.811206558388836, 10.811206558388836, 10.811206558388836, 10.811206558388836, 10.811206558388836, 10.811206558388836, 10.811206558388836, 10.811206558388836, 10.811206558388836, 10.811206558388836, 10.811206558388836, 10.811206558388836, 10.811206558388836, 10.811206558388836, 10.811206558388836, 10.811206558388836, 10.811206558388836, 10.811206558388836, 10.811206558388836, 10.811206558388836, 10.811206558388836, 10.811206558388836, 10.811206558388836, 10.811206558388836, 10.811206558388836, 10.811206558388836, 10.811206558388836, 10.811206558388836, 10.811206558388836, 10.811206558388836, 10.811206558388836, 10.811206558388836, 10.811206558388836, 10.811206558388836, 10.811206558388836, 10.811206558388836, 10.811206558388836, 10.811206558388836, 10.811206558388836, 10.811206558388836, 10.811206558388836, 10.811206558388836, 10.811206558388836, 10.811206558388836], "lambda_inter_max": [1.8683199000995172, 1.8683199000995172, 1.8683199000995172, 1.8683199000995172, 1.8683199000995172, 1.8683199000995172, 1.8683199000995172, 1.8683199000995172, 1.8683199000995172, 1.8683199000995172, 1.8683199000995172, 1.8683199000995172, 1.8683199000995172, 1.8683199000995172, 1.8683199000995172, 1.8683199000995172, 1.8683199000995172, 1.8683199000995172, 1.8683199000995172, 1.8683199000995172, 1.8683199000995172, 1.8683199000995172, 1.8683199000995172, 1.8683199000995172, 1.8683199000995172, 1.8683199000995172, 1.8683199000995172, 1.8683199000995172, 1.8683199000995172, 1.8683199000995172, 1.8683199000995172, 1.8683199000995172, 1.8683199000995172, 1.8683199000995172, 1.8683199000995172, 1.8683199000995172, 1.8683199000995172, 1.8683199000995172, 1.8683199000995172, 1.8683199000995172, 1.8683199000995172, 1.8683199000995172, 1.8683199000995172, 1.8683199000995172, 1.8683199000995172, 1.8683199000995172, 1.8683199000995172, 1.8683199000995172, 1.8683199000995172, 1.8683199000995172, 1.8683199000995172, 1.8683199000995172, 1.8683199000995172, 1.8683199000995172, 1.8683199000995172, 1.8683199000995172, 1.8683199000995172, 1.8683199000995172, 1.8683199000995172, 1.8683199000995172, 1.8683199000995172, 1.8683199000995172, 1.8683199000995172, 1.8683199000995172, 1.8683199000995172, 1.8683199000995172, 1.8683199000995172, 1.8683199000995172, 1.8683199000995172, 1.8683199000995172, 1.8683199000995172, 1.8683199000995172, 1.8683199000995172, 1.8683199000995172, 1.8683199000995172, 1.8683199000995172, 1.8683199000995172, 1.8683199000995172, 1.8683199000995172, 1.8683199000995172, 1.8683199000995172, 1.8683199000995172, 1.8683199000995172, 1.8683199000995172, 1.8683199000995172, 1.8683199000995172, 1.8683199000995172, 1.8683199000995172, 1.8683199000995172, 1.8683199000995172, 1.8683199000995172, 1.8683199000995172, 1.8683199000995172, 1.8683199000995172, 1.8683199000995172, 1.8683199000995172, 1.8683199000995172, 1.8683199000995172, 1.8683199000995172, 1.8683199000995172], "lambda_reginter": [0.0, 1.201245173154315, 2.40249034630863, 3.603735519462945, 4.80498069261726, 6.006225865771575, 7.20747103892589, 8.408716212080204, 9.60996138523452, 10.811206558388836, 0.0, 1.201245173154315, 2.40249034630863, 3.603735519462945, 4.80498069261726, 6.006225865771575, 7.20747103892589, 8.408716212080204, 9.60996138523452, 10.811206558388836, 0.0, 1.201245173154315, 2.40249034630863, 3.603735519462945, 4.80498069261726, 6.006225865771575, 7.20747103892589, 8.408716212080204, 9.60996138523452, 10.811206558388836, 0.0, 1.201245173154315, 2.40249034630863, 3.603735519462945, 4.80498069261726, 6.006225865771575, 7.20747103892589, 8.408716212080204, 9.60996138523452, 10.811206558388836, 0.0, 1.201245173154315, 2.40249034630863, 3.603735519462945, 4.80498069261726, 6.006225865771575, 7.20747103892589, 8.408716212080204, 9.60996138523452, 10.811206558388836, 0.0, 1.201245173154315, 2.40249034630863, 3.603735519462945, 4.80498069261726, 6.006225865771575, 7.20747103892589, 8.408716212080204, 9.60996138523452, 10.811206558388836, 0.0, 1.201245173154315, 2.40249034630863, 3.603735519462945, 4.80498069261726, 6.006225865771575, 7.20747103892589, 8.408716212080204, 9.60996138523452, 10.811206558388836, 0.0, 1.201245173154315, 2.40249034630863, 3.603735519462945, 4.80498069261726, 6.006225865771575, 7.20747103892589, 8.408716212080204, 9.60996138523452, 10.811206558388836, 0.0, 1.201245173154315, 2.40249034630863, 3.603735519462945, 4.80498069261726, 6.006225865771575, 7.20747103892589, 8.408716212080204, 9.60996138523452, 10.811206558388836, 0.0, 1.201245173154315, 2.40249034630863, 3.603735519462945, 4.80498069261726, 6.006225865771575, 7.20747103892589, 8.408716212080204, 9.60996138523452, 10.811206558388836],