{"n": [1000, 1000, 1000, 1000, 1000, 1000, 1000, 1000, 1000, 1000, 1000, 1000, 1000, 1000, 1000, 1000, 1000, 1000, 1000, 1000, 1000, 1000, 1000, 1000, 1000, 1000, 1000, 1000, 1000, 1000, 1000, 1000, 1000, 1000, 1000, 1000, 1000, 1000, 1000, 1000, 1000, 1000, 1000, 1000, 1000, 1000, 1000, 1000, 1000, 1000, 1000, 1000, 1000, 1000, 1000, 1000, 1000, 1000, 1000, 1000, 1000, 1000, 1000, 1000, 1000, 1000, 1000, 1000, 1000, 1000, 1000, 1000, 1000, 1000, 1000, 1000, 1000, 1000, 1000, 1000, 1000, 1000, 1000, 1000, 1000, 1000, 1000, 1000, 1000, 1000, 1000, 1000, 1000, 1000, 1000, 1000, 1000, 1000, 1000, 1000], "rep": [102, 102, 102, 102, 102, 102, 102, 102, 102, 102, 102, 102, 102, 102, 102, 102, 102, 102, 102, 102, 102, 102, 102, 102, 102, 102, 102, 102, 102, 102, 102, 102, 102, 102, 102, 102, 102, 102, 102, 102, 102, 102, 102, 102, 102, 102, 102, 102, 102, 102, 102, 102, 102, 102, 102, 102, 102, 102, 102, 102, 102, 102, 102, 102, 102, 102, 102, 102, 102, 102, 102, 102, 102, 102, 102, 102, 102, 102, 102, 102, 102, 102, 102, 102, 102, 102, 102, 102, 102, 102, 102, 102, 102, 102, 102, 102, 102, 102, 102, 102], "lambda_reginter_max": [11.149642202354903, 11.149642202354903, 11.149642202354903, 11.149642202354903, 11.149642202354903, 11.149642202354903, 11.149642202354903, 11.149642202354903, 11.149642202354903, 11.149642202354903, 11.149642202354903, 11.149642202354903, 11.149642202354903, 11.149642202354903, 11.149642202354903, 11.149642202354903, 11.149642202354903, 11.149642202354903, 11.149642202354903, 11.149642202354903, 11.149642202354903, 11.149642202354903, 11.149642202354903, 11.149642202354903, 11.149642202354903, 11.149642202354903, 11.149642202354903, 11.149642202354903, 11.149642202354903, 11.149642202354903, 11.149642202354903, 11.149642202354903, 11.149642202354903, 11.149642202354903, 11.149642202354903, 11.149642202354903, 11.149642202354903, 11.149642202354903, 11.149642202354903, 11.149642202354903, 11.149642202354903, 11.149642202354903, 11.149642202354903, 11.149642202354903, 11.149642202354903, 11.149642202354903, 11.149642202354903, 11.149642202354903, 11.149642202354903, 11.149642202354903, 11.149642202354903, 11.149642202354903, 11.149642202354903, 11.149642202354903, 11.149642202354903, 11.149642202354903, 11.149642202354903, 11.149642202354903, 11.149642202354903, 11.149642202354903, 11.149642202354903, 11.149642202354903, 11.149642202354903, 11.149642202354903, 11.149642202354903, 11.149642202354903, 11.149642202354903, 11.149642202354903, 11.149642202354903, 11.149642202354903, 11.149642202354903, 11.149642202354903, 11.149642202354903, 11.149642202354903, 11.149642202354903, 11.149642202354903, 11.149642202354903, 11.149642202354903, 11.149642202354903, 11.149642202354903, 11.149642202354903, 11.149642202354903, 11.149642202354903, 11.149642202354903, 11.149642202354903, 11.149642202354903, 11.149642202354903, 11.149642202354903, 11.149642202354903, 11.149642202354903, 11.149642202354903, 11.149642202354903, 11.149642202354903, 11.149642202354903, 11.149642202354903, 11.149642202354903, 11.149642202354903, 11.149642202354903, 11.149642202354903, 11.149642202354903], "lambda_inter_max": [1.9996415380643093, 1.9996415380643093, 1.9996415380643093, 1.9996415380643093, 1.9996415380643093, 1.9996415380643093, 1.9996415380643093, 1.9996415380643093, 1.9996415380643093, 1.9996415380643093, 1.9996415380643093, 1.9996415380643093, 1.9996415380643093, 1.9996415380643093, 1.9996415380643093, 1.9996415380643093, 1.9996415380643093, 1.9996415380643093, 1.9996415380643093, 1.9996415380643093, 1.9996415380643093, 1.9996415380643093, 1.9996415380643093, 1.9996415380643093, 1.9996415380643093, 1.9996415380643093, 1.9996415380643093, 1.9996415380643093, 1.9996415380643093, 1.9996415380643093, 1.9996415380643093, 1.9996415380643093, 1.9996415380643093, 1.9996415380643093, 1.9996415380643093, 1.9996415380643093, 1.9996415380643093, 1.9996415380643093, 1.9996415380643093, 1.9996415380643093, 1.9996415380643093, 1.9996415380643093, 1.9996415380643093, 1.9996415380643093, 1.9996415380643093, 1.9996415380643093, 1.9996415380643093, 1.9996415380643093, 1.9996415380643093, 1.9996415380643093, 1.9996415380643093, 1.9996415380643093, 1.9996415380643093, 1.9996415380643093, 1.9996415380643093, 1.9996415380643093, 1.9996415380643093, 1.9996415380643093, 1.9996415380643093, 1.9996415380643093, 1.9996415380643093, 1.9996415380643093, 1.9996415380643093, 1.9996415380643093, 1.9996415380643093, 1.9996415380643093, 1.9996415380643093, 1.9996415380643093, 1.9996415380643093, 1.9996415380643093, 1.9996415380643093, 1.9996415380643093, 1.9996415380643093, 1.9996415380643093, 1.9996415380643093, 1.9996415380643093, 1.9996415380643093, 1.9996415380643093, 1.9996415380643093, 1.9996415380643093, 1.9996415380643093, 1.9996415380643093, 1.9996415380643093, 1.9996415380643093, 1.9996415380643093, 1.9996415380643093, 1.9996415380643093, 1.9996415380643093, 1.9996415380643093, 1.9996415380643093, 1.9996415380643093, 1.9996415380643093, 1.9996415380643093, 1.9996415380643093, 1.9996415380643093, 1.9996415380643093, 1.9996415380643093, 1.9996415380643093, 1.9996415380643093, 1.9996415380643093], "lambda_reginter": [0.0, 1.2388491335949892, 2.4776982671899783, 3.7165474007849673, 4.955396534379957, 6.194245667974946, 7.4330948015699345, 8.671943935164924, 9.910793068759913, 11.149642202354903, 0.0, 1.2388491335949892, 2.4776982671899783, 3.7165474007849673, 4.955396534379957, 6.194245667974946, 7.4330948015699345, 8.671943935164924, 9.910793068759913, 11.149642202354903, 0.0, 1.2388491335949892, 2.4776982671899783, 3.7165474007849673, 4.955396534379957, 6.194245667974946, 7.4330948015699345, 8.671943935164924, 9.910793068759913, 11.149642202354903, 0.0, 1.2388491335949892, 2.4776982671899783, 3.7165474007849673, 4.955396534379957, 6.194245667974946, 7.4330948015699345, 8.671943935164924, 9.910793068759913, 11.149642202354903, 0.0, 1.2388491335949892, 2.4776982671899783, 3.7165474007849673, 4.955396534379957, 6.194245667974946, 7.4330948015699345, 8.671943935164924, 9.910793068759913, 11.149642202354903, 0.0, 1.2388491335949892, 2.4776982671899783, 3.7165474007849673, 4.955396534379957, 6.194245667974946, 7.4330948015699345, 8.671943935164924, 9.910793068759913, 11.149642202354903, 0.0, 1.2388491335949892, 2.4776982671899783, 3.7165474007849673, 4.955396534379957, 6.194245667974946, 7.4330948015699345, 8.671943935164924, 9.910793068759913, 11.149642202354903, 0.0, 1.2388491335949892, 2.4776982671899783, 3.7165474007849673, 4.955396534379957, 6.194245667974946, 7.4330948015699345, 8.671943935164924, 9.910793068759913, 11.149642202354903, 0.0, 1.2388491335949892, 2.4776982671899783, 3.7165474007849673, 4.955396534379957, 6.194245667974946, 7.4330948015699345, 8.671943935164924, 9.910793068759913, 11.149642202354903, 0.0, 1.2388491335949892, 2.4776982671899783, 3.7165474007849673, 4.955396534379957, 6.194245667974946, 7.4330948015699345, 8.671943935164924, 9.910793068759913, 11.149642202354903],