{"n": [500, 500, 500, 500, 500, 500, 500, 500, 500, 500, 500, 500, 500, 500, 500, 500, 500, 500, 500, 500, 500, 500, 500, 500, 500, 500, 500, 500, 500, 500, 500, 500, 500, 500, 500, 500, 500, 500, 500, 500, 500, 500, 500, 500, 500, 500, 500, 500, 500, 500, 500, 500, 500, 500, 500, 500, 500, 500, 500, 500, 500, 500, 500, 500, 500, 500, 500, 500, 500, 500, 500, 500, 500, 500, 500, 500, 500, 500, 500, 500, 500, 500, 500, 500, 500, 500, 500, 500, 500, 500, 500, 500, 500, 500, 500, 500, 500, 500, 500, 500], "rep": [30, 30, 30, 30, 30, 30, 30, 30, 30, 30, 30, 30, 30, 30, 30, 30, 30, 30, 30, 30, 30, 30, 30, 30, 30, 30, 30, 30, 30, 30, 30, 30, 30, 30, 30, 30, 30, 30, 30, 30, 30, 30, 30, 30, 30, 30, 30, 30, 30, 30, 30, 30, 30, 30, 30, 30, 30, 30, 30, 30, 30, 30, 30, 30, 30, 30, 30, 30, 30, 30, 30, 30, 30, 30, 30, 30, 30, 30, 30, 30, 30, 30, 30, 30, 30, 30, 30, 30, 30, 30, 30, 30, 30, 30, 30, 30, 30, 30, 30, 30], "lambda_reginter_max": [13.330433999445043, 13.330433999445043, 13.330433999445043, 13.330433999445043, 13.330433999445043, 13.330433999445043, 13.330433999445043, 13.330433999445043, 13.330433999445043, 13.330433999445043, 13.330433999445043, 13.330433999445043, 13.330433999445043, 13.330433999445043, 13.330433999445043, 13.330433999445043, 13.330433999445043, 13.330433999445043, 13.330433999445043, 13.330433999445043, 13.330433999445043, 13.330433999445043, 13.330433999445043, 13.330433999445043, 13.330433999445043, 13.330433999445043, 13.330433999445043, 13.330433999445043, 13.330433999445043, 13.330433999445043, 13.330433999445043, 13.330433999445043, 13.330433999445043, 13.330433999445043, 13.330433999445043, 13.330433999445043, 13.330433999445043, 13.330433999445043, 13.330433999445043, 13.330433999445043, 13.330433999445043, 13.330433999445043, 13.330433999445043, 13.330433999445043, 13.330433999445043, 13.330433999445043, 13.330433999445043, 13.330433999445043, 13.330433999445043, 13.330433999445043, 13.330433999445043, 13.330433999445043, 13.330433999445043, 13.330433999445043, 13.330433999445043, 13.330433999445043, 13.330433999445043, 13.330433999445043, 13.330433999445043, 13.330433999445043, 13.330433999445043, 13.330433999445043, 13.330433999445043, 13.330433999445043, 13.330433999445043, 13.330433999445043, 13.330433999445043, 13.330433999445043, 13.330433999445043, 13.330433999445043, 13.330433999445043, 13.330433999445043, 13.330433999445043, 13.330433999445043, 13.330433999445043, 13.330433999445043, 13.330433999445043, 13.330433999445043, 13.330433999445043, 13.330433999445043, 13.330433999445043, 13.330433999445043, 13.330433999445043, 13.330433999445043, 13.330433999445043, 13.330433999445043, 13.330433999445043, 13.330433999445043, 13.330433999445043, 13.330433999445043, 13.330433999445043, 13.330433999445043, 13.330433999445043, 13.330433999445043, 13.330433999445043, 13.330433999445043, 13.330433999445043, 13.330433999445043, 13.330433999445043, 13.330433999445043], "lambda_inter_max": [2.074629528560582, 2.074629528560582, 2.074629528560582, 2.074629528560582, 2.074629528560582, 2.074629528560582, 2.074629528560582, 2.074629528560582, 2.074629528560582, 2.074629528560582, 2.074629528560582, 2.074629528560582, 2.074629528560582, 2.074629528560582, 2.074629528560582, 2.074629528560582, 2.074629528560582, 2.074629528560582, 2.074629528560582, 2.074629528560582, 2.074629528560582, 2.074629528560582, 2.074629528560582, 2.074629528560582, 2.074629528560582, 2.074629528560582, 2.074629528560582, 2.074629528560582, 2.074629528560582, 2.074629528560582, 2.074629528560582, 2.074629528560582, 2.074629528560582, 2.074629528560582, 2.074629528560582, 2.074629528560582, 2.074629528560582, 2.074629528560582, 2.074629528560582, 2.074629528560582, 2.074629528560582, 2.074629528560582, 2.074629528560582, 2.074629528560582, 2.074629528560582, 2.074629528560582, 2.074629528560582, 2.074629528560582, 2.074629528560582, 2.074629528560582, 2.074629528560582, 2.074629528560582, 2.074629528560582, 2.074629528560582, 2.074629528560582, 2.074629528560582, 2.074629528560582, 2.074629528560582, 2.074629528560582, 2.074629528560582, 2.074629528560582, 2.074629528560582, 2.074629528560582, 2.074629528560582, 2.074629528560582, 2.074629528560582, 2.074629528560582, 2.074629528560582, 2.074629528560582, 2.074629528560582, 2.074629528560582, 2.074629528560582, 2.074629528560582, 2.074629528560582, 2.074629528560582, 2.074629528560582, 2.074629528560582, 2.074629528560582, 2.074629528560582, 2.074629528560582, 2.074629528560582, 2.074629528560582, 2.074629528560582, 2.074629528560582, 2.074629528560582, 2.074629528560582, 2.074629528560582, 2.074629528560582, 2.074629528560582, 2.074629528560582, 2.074629528560582, 2.074629528560582, 2.074629528560582, 2.074629528560582, 2.074629528560582, 2.074629528560582, 2.074629528560582, 2.074629528560582, 2.074629528560582, 2.074629528560582], "lambda_reginter": [0.0, 1.4811593332716715, 2.962318666543343, 4.4434779998150145, 5.924637333086686, 7.405796666358357, 8.886955999630029, 10.3681153329017, 11.849274666173372, 13.330433999445043, 0.0, 1.4811593332716715, 2.962318666543343, 4.4434779998150145, 5.924637333086686, 7.405796666358357, 8.886955999630029, 10.3681153329017, 11.849274666173372, 13.330433999445043, 0.0, 1.4811593332716715, 2.962318666543343, 4.4434779998150145, 5.924637333086686, 7.405796666358357, 8.886955999630029, 10.3681153329017, 11.849274666173372, 13.330433999445043, 0.0, 1.4811593332716715, 2.962318666543343, 4.4434779998150145, 5.924637333086686, 7.405796666358357, 8.886955999630029, 10.3681153329017, 11.849274666173372, 13.330433999445043, 0.0, 1.4811593332716715, 2.962318666543343, 4.4434779998150145, 5.924637333086686, 7.405796666358357, 8.886955999630029, 10.3681153329017, 11.849274666173372, 13.330433999445043, 0.0, 1.4811593332716715, 2.962318666543343, 4.4434779998150145, 5.924637333086686, 7.405796666358357, 8.886955999630029, 10.3681153329017, 11.849274666173372, 13.330433999445043, 0.0, 1.4811593332716715, 2.962318666543343, 4.4434779998150145, 5.924637333086686, 7.405796666358357, 8.886955999630029, 10.3681153329017, 11.849274666173372, 13.330433999445043, 0.0, 1.4811593332716715, 2.962318666543343, 4.4434779998150145, 5.924637333086686, 7.405796666358357, 8.886955999630029, 10.3681153329017, 11.849274666173372, 13.330433999445043, 0.0, 1.4811593332716715, 2.962318666543343, 4.4434779998150145, 5.924637333086686, 7.405796666358357, 8.886955999630029, 10.3681153329017, 11.849274666173372, 13.330433999445043, 0.0, 1.4811593332716715, 2.962318666543343, 4.4434779998150145, 5.924637333086686, 7.405796666358357, 8.886955999630029, 10.3681153329017, 11.849274666173372, 13.330433999445043],