{"n": [500, 500, 500, 500, 500, 500, 500, 500, 500, 500, 500, 500, 500, 500, 500, 500, 500, 500, 500, 500, 500, 500, 500, 500, 500, 500, 500, 500, 500, 500, 500, 500, 500, 500, 500, 500, 500, 500, 500, 500, 500, 500, 500, 500, 500, 500, 500, 500, 500, 500, 500, 500, 500, 500, 500, 500, 500, 500, 500, 500, 500, 500, 500, 500, 500, 500, 500, 500, 500, 500, 500, 500, 500, 500, 500, 500, 500, 500, 500, 500, 500, 500, 500, 500, 500, 500, 500, 500, 500, 500, 500, 500, 500, 500, 500, 500, 500, 500, 500, 500], "rep": [29, 29, 29, 29, 29, 29, 29, 29, 29, 29, 29, 29, 29, 29, 29, 29, 29, 29, 29, 29, 29, 29, 29, 29, 29, 29, 29, 29, 29, 29, 29, 29, 29, 29, 29, 29, 29, 29, 29, 29, 29, 29, 29, 29, 29, 29, 29, 29, 29, 29, 29, 29, 29, 29, 29, 29, 29, 29, 29, 29, 29, 29, 29, 29, 29, 29, 29, 29, 29, 29, 29, 29, 29, 29, 29, 29, 29, 29, 29, 29, 29, 29, 29, 29, 29, 29, 29, 29, 29, 29, 29, 29, 29, 29, 29, 29, 29, 29, 29, 29], "lambda_reginter_max": [13.459268906261734, 13.459268906261734, 13.459268906261734, 13.459268906261734, 13.459268906261734, 13.459268906261734, 13.459268906261734, 13.459268906261734, 13.459268906261734, 13.459268906261734, 13.459268906261734, 13.459268906261734, 13.459268906261734, 13.459268906261734, 13.459268906261734, 13.459268906261734, 13.459268906261734, 13.459268906261734, 13.459268906261734, 13.459268906261734, 13.459268906261734, 13.459268906261734, 13.459268906261734, 13.459268906261734, 13.459268906261734, 13.459268906261734, 13.459268906261734, 13.459268906261734, 13.459268906261734, 13.459268906261734, 13.459268906261734, 13.459268906261734, 13.459268906261734, 13.459268906261734, 13.459268906261734, 13.459268906261734, 13.459268906261734, 13.459268906261734, 13.459268906261734, 13.459268906261734, 13.459268906261734, 13.459268906261734, 13.459268906261734, 13.459268906261734, 13.459268906261734, 13.459268906261734, 13.459268906261734, 13.459268906261734, 13.459268906261734, 13.459268906261734, 13.459268906261734, 13.459268906261734, 13.459268906261734, 13.459268906261734, 13.459268906261734, 13.459268906261734, 13.459268906261734, 13.459268906261734, 13.459268906261734, 13.459268906261734, 13.459268906261734, 13.459268906261734, 13.459268906261734, 13.459268906261734, 13.459268906261734, 13.459268906261734, 13.459268906261734, 13.459268906261734, 13.459268906261734, 13.459268906261734, 13.459268906261734, 13.459268906261734, 13.459268906261734, 13.459268906261734, 13.459268906261734, 13.459268906261734, 13.459268906261734, 13.459268906261734, 13.459268906261734, 13.459268906261734, 13.459268906261734, 13.459268906261734, 13.459268906261734, 13.459268906261734, 13.459268906261734, 13.459268906261734, 13.459268906261734, 13.459268906261734, 13.459268906261734, 13.459268906261734, 13.459268906261734, 13.459268906261734, 13.459268906261734, 13.459268906261734, 13.459268906261734, 13.459268906261734, 13.459268906261734, 13.459268906261734, 13.459268906261734, 13.459268906261734], "lambda_inter_max": [1.8955101626569726, 1.8955101626569726, 1.8955101626569726, 1.8955101626569726, 1.8955101626569726, 1.8955101626569726, 1.8955101626569726, 1.8955101626569726, 1.8955101626569726, 1.8955101626569726, 1.8955101626569726, 1.8955101626569726, 1.8955101626569726, 1.8955101626569726, 1.8955101626569726, 1.8955101626569726, 1.8955101626569726, 1.8955101626569726, 1.8955101626569726, 1.8955101626569726, 1.8955101626569726, 1.8955101626569726, 1.8955101626569726, 1.8955101626569726, 1.8955101626569726, 1.8955101626569726, 1.8955101626569726, 1.8955101626569726, 1.8955101626569726, 1.8955101626569726, 1.8955101626569726, 1.8955101626569726, 1.8955101626569726, 1.8955101626569726, 1.8955101626569726, 1.8955101626569726, 1.8955101626569726, 1.8955101626569726, 1.8955101626569726, 1.8955101626569726, 1.8955101626569726, 1.8955101626569726, 1.8955101626569726, 1.8955101626569726, 1.8955101626569726, 1.8955101626569726, 1.8955101626569726, 1.8955101626569726, 1.8955101626569726, 1.8955101626569726, 1.8955101626569726, 1.8955101626569726, 1.8955101626569726, 1.8955101626569726, 1.8955101626569726, 1.8955101626569726, 1.8955101626569726, 1.8955101626569726, 1.8955101626569726, 1.8955101626569726, 1.8955101626569726, 1.8955101626569726, 1.8955101626569726, 1.8955101626569726, 1.8955101626569726, 1.8955101626569726, 1.8955101626569726, 1.8955101626569726, 1.8955101626569726, 1.8955101626569726, 1.8955101626569726, 1.8955101626569726, 1.8955101626569726, 1.8955101626569726, 1.8955101626569726, 1.8955101626569726, 1.8955101626569726, 1.8955101626569726, 1.8955101626569726, 1.8955101626569726, 1.8955101626569726, 1.8955101626569726, 1.8955101626569726, 1.8955101626569726, 1.8955101626569726, 1.8955101626569726, 1.8955101626569726, 1.8955101626569726, 1.8955101626569726, 1.8955101626569726, 1.8955101626569726, 1.8955101626569726, 1.8955101626569726, 1.8955101626569726, 1.8955101626569726, 1.8955101626569726, 1.8955101626569726, 1.8955101626569726, 1.8955101626569726, 1.8955101626569726], "lambda_reginter": [0.0, 1.4954743229179703, 2.9909486458359407, 4.486422968753911, 5.981897291671881, 7.477371614589852, 8.972845937507822, 10.468320260425791, 11.963794583343763, 13.459268906261734, 0.0, 1.4954743229179703, 2.9909486458359407, 4.486422968753911, 5.981897291671881, 7.477371614589852, 8.972845937507822, 10.468320260425791, 11.963794583343763, 13.459268906261734, 0.0, 1.4954743229179703, 2.9909486458359407, 4.486422968753911, 5.981897291671881, 7.477371614589852, 8.972845937507822, 10.468320260425791, 11.963794583343763, 13.459268906261734, 0.0, 1.4954743229179703, 2.9909486458359407, 4.486422968753911, 5.981897291671881, 7.477371614589852, 8.972845937507822, 10.468320260425791, 11.963794583343763, 13.459268906261734, 0.0, 1.4954743229179703, 2.9909486458359407, 4.486422968753911, 5.981897291671881, 7.477371614589852, 8.972845937507822, 10.468320260425791, 11.963794583343763, 13.459268906261734, 0.0, 1.4954743229179703, 2.9909486458359407, 4.486422968753911, 5.981897291671881, 7.477371614589852, 8.972845937507822, 10.468320260425791, 11.963794583343763, 13.459268906261734, 0.0, 1.4954743229179703, 2.9909486458359407, 4.486422968753911, 5.981897291671881, 7.477371614589852, 8.972845937507822, 10.468320260425791, 11.963794583343763, 13.459268906261734, 0.0, 1.4954743229179703, 2.9909486458359407, 4.486422968753911, 5.981897291671881, 7.477371614589852, 8.972845937507822, 10.468320260425791, 11.963794583343763, 13.459268906261734, 0.0, 1.4954743229179703, 2.9909486458359407, 4.486422968753911, 5.981897291671881, 7.477371614589852, 8.972845937507822, 10.468320260425791, 11.963794583343763, 13.459268906261734, 0.0, 1.4954743229179703, 2.9909486458359407, 4.486422968753911, 5.981897291671881, 7.477371614589852, 8.972845937507822, 10.468320260425791, 11.963794583343763, 13.459268906261734],