{"n": [200, 200, 200, 200, 200, 200, 200, 200, 200, 200, 200, 200, 200, 200, 200, 200, 200, 200, 200, 200, 200, 200, 200, 200, 200, 200, 200, 200, 200, 200, 200, 200, 200, 200, 200, 200, 200, 200, 200, 200, 200, 200, 200, 200, 200, 200, 200, 200, 200, 200, 200, 200, 200, 200, 200, 200, 200, 200, 200, 200, 200, 200, 200, 200, 200, 200, 200, 200, 200, 200, 200, 200, 200, 200, 200, 200, 200, 200, 200, 200, 200, 200, 200, 200, 200, 200, 200, 200, 200, 200, 200, 200, 200, 200, 200, 200, 200, 200, 200, 200], "rep": [35, 35, 35, 35, 35, 35, 35, 35, 35, 35, 35, 35, 35, 35, 35, 35, 35, 35, 35, 35, 35, 35, 35, 35, 35, 35, 35, 35, 35, 35, 35, 35, 35, 35, 35, 35, 35, 35, 35, 35, 35, 35, 35, 35, 35, 35, 35, 35, 35, 35, 35, 35, 35, 35, 35, 35, 35, 35, 35, 35, 35, 35, 35, 35, 35, 35, 35, 35, 35, 35, 35, 35, 35, 35, 35, 35, 35, 35, 35, 35, 35, 35, 35, 35, 35, 35, 35, 35, 35, 35, 35, 35, 35, 35, 35, 35, 35, 35, 35, 35], "lambda_reginter_max": [0.54576661524148, 0.54576661524148, 0.54576661524148, 0.54576661524148, 0.54576661524148, 0.54576661524148, 0.54576661524148, 0.54576661524148, 0.54576661524148, 0.54576661524148, 0.54576661524148, 0.54576661524148, 0.54576661524148, 0.54576661524148, 0.54576661524148, 0.54576661524148, 0.54576661524148, 0.54576661524148, 0.54576661524148, 0.54576661524148, 0.54576661524148, 0.54576661524148, 0.54576661524148, 0.54576661524148, 0.54576661524148, 0.54576661524148, 0.54576661524148, 0.54576661524148, 0.54576661524148, 0.54576661524148, 0.54576661524148, 0.54576661524148, 0.54576661524148, 0.54576661524148, 0.54576661524148, 0.54576661524148, 0.54576661524148, 0.54576661524148, 0.54576661524148, 0.54576661524148, 0.54576661524148, 0.54576661524148, 0.54576661524148, 0.54576661524148, 0.54576661524148, 0.54576661524148, 0.54576661524148, 0.54576661524148, 0.54576661524148, 0.54576661524148, 0.54576661524148, 0.54576661524148, 0.54576661524148, 0.54576661524148, 0.54576661524148, 0.54576661524148, 0.54576661524148, 0.54576661524148, 0.54576661524148, 0.54576661524148, 0.54576661524148, 0.54576661524148, 0.54576661524148, 0.54576661524148, 0.54576661524148, 0.54576661524148, 0.54576661524148, 0.54576661524148, 0.54576661524148, 0.54576661524148, 0.54576661524148, 0.54576661524148, 0.54576661524148, 0.54576661524148, 0.54576661524148, 0.54576661524148, 0.54576661524148, 0.54576661524148, 0.54576661524148, 0.54576661524148, 0.54576661524148, 0.54576661524148, 0.54576661524148, 0.54576661524148, 0.54576661524148, 0.54576661524148, 0.54576661524148, 0.54576661524148, 0.54576661524148, 0.54576661524148, 0.54576661524148, 0.54576661524148, 0.54576661524148, 0.54576661524148, 0.54576661524148, 0.54576661524148, 0.54576661524148, 0.54576661524148, 0.54576661524148, 0.54576661524148], "lambda_inter_max": [0.5230044341691996, 0.5230044341691996, 0.5230044341691996, 0.5230044341691996, 0.5230044341691996, 0.5230044341691996, 0.5230044341691996, 0.5230044341691996, 0.5230044341691996, 0.5230044341691996, 0.5230044341691996, 0.5230044341691996, 0.5230044341691996, 0.5230044341691996, 0.5230044341691996, 0.5230044341691996, 0.5230044341691996, 0.5230044341691996, 0.5230044341691996, 0.5230044341691996, 0.5230044341691996, 0.5230044341691996, 0.5230044341691996, 0.5230044341691996, 0.5230044341691996, 0.5230044341691996, 0.5230044341691996, 0.5230044341691996, 0.5230044341691996, 0.5230044341691996, 0.5230044341691996, 0.5230044341691996, 0.5230044341691996, 0.5230044341691996, 0.5230044341691996, 0.5230044341691996, 0.5230044341691996, 0.5230044341691996, 0.5230044341691996, 0.5230044341691996, 0.5230044341691996, 0.5230044341691996, 0.5230044341691996, 0.5230044341691996, 0.5230044341691996, 0.5230044341691996, 0.5230044341691996, 0.5230044341691996, 0.5230044341691996, 0.5230044341691996, 0.5230044341691996, 0.5230044341691996, 0.5230044341691996, 0.5230044341691996, 0.5230044341691996, 0.5230044341691996, 0.5230044341691996, 0.5230044341691996, 0.5230044341691996, 0.5230044341691996, 0.5230044341691996, 0.5230044341691996, 0.5230044341691996, 0.5230044341691996, 0.5230044341691996, 0.5230044341691996, 0.5230044341691996, 0.5230044341691996, 0.5230044341691996, 0.5230044341691996, 0.5230044341691996, 0.5230044341691996, 0.5230044341691996, 0.5230044341691996, 0.5230044341691996, 0.5230044341691996, 0.5230044341691996, 0.5230044341691996, 0.5230044341691996, 0.5230044341691996, 0.5230044341691996, 0.5230044341691996, 0.5230044341691996, 0.5230044341691996, 0.5230044341691996, 0.5230044341691996, 0.5230044341691996, 0.5230044341691996, 0.5230044341691996, 0.5230044341691996, 0.5230044341691996, 0.5230044341691996, 0.5230044341691996, 0.5230044341691996, 0.5230044341691996, 0.5230044341691996, 0.5230044341691996, 0.5230044341691996, 0.5230044341691996, 0.5230044341691996], "lambda_reginter": [0.0, 0.06064073502683111, 0.12128147005366222, 0.18192220508049334, 0.24256294010732443, 0.3032036751341555, 0.3638444101609867, 0.42448514518781777, 0.48512588021464886, 0.54576661524148, 0.0, 0.06064073502683111, 0.12128147005366222, 0.18192220508049334, 0.24256294010732443, 0.3032036751341555, 0.3638444101609867, 0.42448514518781777, 0.48512588021464886, 0.54576661524148, 0.0, 0.06064073502683111, 0.12128147005366222, 0.18192220508049334, 0.24256294010732443, 0.3032036751341555, 0.3638444101609867, 0.42448514518781777, 0.48512588021464886, 0.54576661524148, 0.0, 0.06064073502683111, 0.12128147005366222, 0.18192220508049334, 0.24256294010732443, 0.3032036751341555, 0.3638444101609867, 0.42448514518781777, 0.48512588021464886, 0.54576661524148, 0.0, 0.06064073502683111, 0.12128147005366222, 0.18192220508049334, 0.24256294010732443, 0.3032036751341555, 0.3638444101609867, 0.42448514518781777, 0.48512588021464886, 0.54576661524148, 0.0, 0.06064073502683111, 0.12128147005366222, 0.18192220508049334, 0.24256294010732443, 0.3032036751341555, 0.3638444101609867, 0.42448514518781777, 0.48512588021464886, 0.54576661524148, 0.0, 0.06064073502683111, 0.12128147005366222, 0.18192220508049334, 0.24256294010732443, 0.3032036751341555, 0.3638444101609867, 0.42448514518781777, 0.48512588021464886, 0.54576661524148, 0.0, 0.06064073502683111, 0.12128147005366222, 0.18192220508049334, 0.24256294010732443, 0.3032036751341555, 0.3638444101609867, 0.42448514518781777, 0.48512588021464886, 0.54576661524148, 0.0, 0.06064073502683111, 0.12128147005366222, 0.18192220508049334, 0.24256294010732443, 0.3032036751341555, 0.3638444101609867, 0.42448514518781777, 0.48512588021464886, 0.54576661524148, 0.0, 0.06064073502683111, 0.12128147005366222, 0.18192220508049334, 0.24256294010732443, 0.3032036751341555, 0.3638444101609867, 0.42448514518781777, 0.48512588021464886, 0.54576661524148],