{"n": [500, 500, 500, 500, 500, 500, 500, 500, 500, 500, 500, 500, 500, 500, 500, 500, 500, 500, 500, 500, 500, 500, 500, 500, 500, 500, 500, 500, 500, 500, 500, 500, 500, 500, 500, 500, 500, 500, 500, 500, 500, 500, 500, 500, 500, 500, 500, 500, 500, 500, 500, 500, 500, 500, 500, 500, 500, 500, 500, 500, 500, 500, 500, 500, 500, 500, 500, 500, 500, 500, 500, 500, 500, 500, 500, 500, 500, 500, 500, 500, 500, 500, 500, 500, 500, 500, 500, 500, 500, 500, 500, 500, 500, 500, 500, 500, 500, 500, 500, 500], "rep": [45, 45, 45, 45, 45, 45, 45, 45, 45, 45, 45, 45, 45, 45, 45, 45, 45, 45, 45, 45, 45, 45, 45, 45, 45, 45, 45, 45, 45, 45, 45, 45, 45, 45, 45, 45, 45, 45, 45, 45, 45, 45, 45, 45, 45, 45, 45, 45, 45, 45, 45, 45, 45, 45, 45, 45, 45, 45, 45, 45, 45, 45, 45, 45, 45, 45, 45, 45, 45, 45, 45, 45, 45, 45, 45, 45, 45, 45, 45, 45, 45, 45, 45, 45, 45, 45, 45, 45, 45, 45, 45, 45, 45, 45, 45, 45, 45, 45, 45, 45], "lambda_reginter_max": [12.13905224483685, 12.13905224483685, 12.13905224483685, 12.13905224483685, 12.13905224483685, 12.13905224483685, 12.13905224483685, 12.13905224483685, 12.13905224483685, 12.13905224483685, 12.13905224483685, 12.13905224483685, 12.13905224483685, 12.13905224483685, 12.13905224483685, 12.13905224483685, 12.13905224483685, 12.13905224483685, 12.13905224483685, 12.13905224483685, 12.13905224483685, 12.13905224483685, 12.13905224483685, 12.13905224483685, 12.13905224483685, 12.13905224483685, 12.13905224483685, 12.13905224483685, 12.13905224483685, 12.13905224483685, 12.13905224483685, 12.13905224483685, 12.13905224483685, 12.13905224483685, 12.13905224483685, 12.13905224483685, 12.13905224483685, 12.13905224483685, 12.13905224483685, 12.13905224483685, 12.13905224483685, 12.13905224483685, 12.13905224483685, 12.13905224483685, 12.13905224483685, 12.13905224483685, 12.13905224483685, 12.13905224483685, 12.13905224483685, 12.13905224483685, 12.13905224483685, 12.13905224483685, 12.13905224483685, 12.13905224483685, 12.13905224483685, 12.13905224483685, 12.13905224483685, 12.13905224483685, 12.13905224483685, 12.13905224483685, 12.13905224483685, 12.13905224483685, 12.13905224483685, 12.13905224483685, 12.13905224483685, 12.13905224483685, 12.13905224483685, 12.13905224483685, 12.13905224483685, 12.13905224483685, 12.13905224483685, 12.13905224483685, 12.13905224483685, 12.13905224483685, 12.13905224483685, 12.13905224483685, 12.13905224483685, 12.13905224483685, 12.13905224483685, 12.13905224483685, 12.13905224483685, 12.13905224483685, 12.13905224483685, 12.13905224483685, 12.13905224483685, 12.13905224483685, 12.13905224483685, 12.13905224483685, 12.13905224483685, 12.13905224483685, 12.13905224483685, 12.13905224483685, 12.13905224483685, 12.13905224483685, 12.13905224483685, 12.13905224483685, 12.13905224483685, 12.13905224483685, 12.13905224483685, 12.13905224483685], "lambda_inter_max": [1.9648831013482189, 1.9648831013482189, 1.9648831013482189, 1.9648831013482189, 1.9648831013482189, 1.9648831013482189, 1.9648831013482189, 1.9648831013482189, 1.9648831013482189, 1.9648831013482189, 1.9648831013482189, 1.9648831013482189, 1.9648831013482189, 1.9648831013482189, 1.9648831013482189, 1.9648831013482189, 1.9648831013482189, 1.9648831013482189, 1.9648831013482189, 1.9648831013482189, 1.9648831013482189, 1.9648831013482189, 1.9648831013482189, 1.9648831013482189, 1.9648831013482189, 1.9648831013482189, 1.9648831013482189, 1.9648831013482189, 1.9648831013482189, 1.9648831013482189, 1.9648831013482189, 1.9648831013482189, 1.9648831013482189, 1.9648831013482189, 1.9648831013482189, 1.9648831013482189, 1.9648831013482189, 1.9648831013482189, 1.9648831013482189, 1.9648831013482189, 1.9648831013482189, 1.9648831013482189, 1.9648831013482189, 1.9648831013482189, 1.9648831013482189, 1.9648831013482189, 1.9648831013482189, 1.9648831013482189, 1.9648831013482189, 1.9648831013482189, 1.9648831013482189, 1.9648831013482189, 1.9648831013482189, 1.9648831013482189, 1.9648831013482189, 1.9648831013482189, 1.9648831013482189, 1.9648831013482189, 1.9648831013482189, 1.9648831013482189, 1.9648831013482189, 1.9648831013482189, 1.9648831013482189, 1.9648831013482189, 1.9648831013482189, 1.9648831013482189, 1.9648831013482189, 1.9648831013482189, 1.9648831013482189, 1.9648831013482189, 1.9648831013482189, 1.9648831013482189, 1.9648831013482189, 1.9648831013482189, 1.9648831013482189, 1.9648831013482189, 1.9648831013482189, 1.9648831013482189, 1.9648831013482189, 1.9648831013482189, 1.9648831013482189, 1.9648831013482189, 1.9648831013482189, 1.9648831013482189, 1.9648831013482189, 1.9648831013482189, 1.9648831013482189, 1.9648831013482189, 1.9648831013482189, 1.9648831013482189, 1.9648831013482189, 1.9648831013482189, 1.9648831013482189, 1.9648831013482189, 1.9648831013482189, 1.9648831013482189, 1.9648831013482189, 1.9648831013482189, 1.9648831013482189, 1.9648831013482189], "lambda_reginter": [0.0, 1.3487835827596502, 2.6975671655193003, 4.04635074827895, 5.395134331038601, 6.743917913798251, 8.0927014965579, 9.441485079317552, 10.790268662077201, 12.13905224483685, 0.0, 1.3487835827596502, 2.6975671655193003, 4.04635074827895, 5.395134331038601, 6.743917913798251, 8.0927014965579, 9.441485079317552, 10.790268662077201, 12.13905224483685, 0.0, 1.3487835827596502, 2.6975671655193003, 4.04635074827895, 5.395134331038601, 6.743917913798251, 8.0927014965579, 9.441485079317552, 10.790268662077201, 12.13905224483685, 0.0, 1.3487835827596502, 2.6975671655193003, 4.04635074827895, 5.395134331038601, 6.743917913798251, 8.0927014965579, 9.441485079317552, 10.790268662077201, 12.13905224483685, 0.0, 1.3487835827596502, 2.6975671655193003, 4.04635074827895, 5.395134331038601, 6.743917913798251, 8.0927014965579, 9.441485079317552, 10.790268662077201, 12.13905224483685, 0.0, 1.3487835827596502, 2.6975671655193003, 4.04635074827895, 5.395134331038601, 6.743917913798251, 8.0927014965579, 9.441485079317552, 10.790268662077201, 12.13905224483685, 0.0, 1.3487835827596502, 2.6975671655193003, 4.04635074827895, 5.395134331038601, 6.743917913798251, 8.0927014965579, 9.441485079317552, 10.790268662077201, 12.13905224483685, 0.0, 1.3487835827596502, 2.6975671655193003, 4.04635074827895, 5.395134331038601, 6.743917913798251, 8.0927014965579, 9.441485079317552, 10.790268662077201, 12.13905224483685, 0.0, 1.3487835827596502, 2.6975671655193003, 4.04635074827895, 5.395134331038601, 6.743917913798251, 8.0927014965579, 9.441485079317552, 10.790268662077201, 12.13905224483685, 0.0, 1.3487835827596502, 2.6975671655193003, 4.04635074827895, 5.395134331038601, 6.743917913798251, 8.0927014965579, 9.441485079317552, 10.790268662077201, 12.13905224483685],