{"n": [500, 500, 500, 500, 500, 500, 500, 500, 500, 500, 500, 500, 500, 500, 500, 500, 500, 500, 500, 500, 500, 500, 500, 500, 500, 500, 500, 500, 500, 500, 500, 500, 500, 500, 500, 500, 500, 500, 500, 500, 500, 500, 500, 500, 500, 500, 500, 500, 500, 500, 500, 500, 500, 500, 500, 500, 500, 500, 500, 500, 500, 500, 500, 500, 500, 500, 500, 500, 500, 500, 500, 500, 500, 500, 500, 500, 500, 500, 500, 500, 500, 500, 500, 500, 500, 500, 500, 500, 500, 500, 500, 500, 500, 500, 500, 500, 500, 500, 500, 500], "rep": [104, 104, 104, 104, 104, 104, 104, 104, 104, 104, 104, 104, 104, 104, 104, 104, 104, 104, 104, 104, 104, 104, 104, 104, 104, 104, 104, 104, 104, 104, 104, 104, 104, 104, 104, 104, 104, 104, 104, 104, 104, 104, 104, 104, 104, 104, 104, 104, 104, 104, 104, 104, 104, 104, 104, 104, 104, 104, 104, 104, 104, 104, 104, 104, 104, 104, 104, 104, 104, 104, 104, 104, 104, 104, 104, 104, 104, 104, 104, 104, 104, 104, 104, 104, 104, 104, 104, 104, 104, 104, 104, 104, 104, 104, 104, 104, 104, 104, 104, 104], "lambda_reginter_max": [15.244779150060461, 15.244779150060461, 15.244779150060461, 15.244779150060461, 15.244779150060461, 15.244779150060461, 15.244779150060461, 15.244779150060461, 15.244779150060461, 15.244779150060461, 15.244779150060461, 15.244779150060461, 15.244779150060461, 15.244779150060461, 15.244779150060461, 15.244779150060461, 15.244779150060461, 15.244779150060461, 15.244779150060461, 15.244779150060461, 15.244779150060461, 15.244779150060461, 15.244779150060461, 15.244779150060461, 15.244779150060461, 15.244779150060461, 15.244779150060461, 15.244779150060461, 15.244779150060461, 15.244779150060461, 15.244779150060461, 15.244779150060461, 15.244779150060461, 15.244779150060461, 15.244779150060461, 15.244779150060461, 15.244779150060461, 15.244779150060461, 15.244779150060461, 15.244779150060461, 15.244779150060461, 15.244779150060461, 15.244779150060461, 15.244779150060461, 15.244779150060461, 15.244779150060461, 15.244779150060461, 15.244779150060461, 15.244779150060461, 15.244779150060461, 15.244779150060461, 15.244779150060461, 15.244779150060461, 15.244779150060461, 15.244779150060461, 15.244779150060461, 15.244779150060461, 15.244779150060461, 15.244779150060461, 15.244779150060461, 15.244779150060461, 15.244779150060461, 15.244779150060461, 15.244779150060461, 15.244779150060461, 15.244779150060461, 15.244779150060461, 15.244779150060461, 15.244779150060461, 15.244779150060461, 15.244779150060461, 15.244779150060461, 15.244779150060461, 15.244779150060461, 15.244779150060461, 15.244779150060461, 15.244779150060461, 15.244779150060461, 15.244779150060461, 15.244779150060461, 15.244779150060461, 15.244779150060461, 15.244779150060461, 15.244779150060461, 15.244779150060461, 15.244779150060461, 15.244779150060461, 15.244779150060461, 15.244779150060461, 15.244779150060461, 15.244779150060461, 15.244779150060461, 15.244779150060461, 15.244779150060461, 15.244779150060461, 15.244779150060461, 15.244779150060461, 15.244779150060461, 15.244779150060461, 15.244779150060461], "lambda_inter_max": [2.27617936558669, 2.27617936558669, 2.27617936558669, 2.27617936558669, 2.27617936558669, 2.27617936558669, 2.27617936558669, 2.27617936558669, 2.27617936558669, 2.27617936558669, 2.27617936558669, 2.27617936558669, 2.27617936558669, 2.27617936558669, 2.27617936558669, 2.27617936558669, 2.27617936558669, 2.27617936558669, 2.27617936558669, 2.27617936558669, 2.27617936558669, 2.27617936558669, 2.27617936558669, 2.27617936558669, 2.27617936558669, 2.27617936558669, 2.27617936558669, 2.27617936558669, 2.27617936558669, 2.27617936558669, 2.27617936558669, 2.27617936558669, 2.27617936558669, 2.27617936558669, 2.27617936558669, 2.27617936558669, 2.27617936558669, 2.27617936558669, 2.27617936558669, 2.27617936558669, 2.27617936558669, 2.27617936558669, 2.27617936558669, 2.27617936558669, 2.27617936558669, 2.27617936558669, 2.27617936558669, 2.27617936558669, 2.27617936558669, 2.27617936558669, 2.27617936558669, 2.27617936558669, 2.27617936558669, 2.27617936558669, 2.27617936558669, 2.27617936558669, 2.27617936558669, 2.27617936558669, 2.27617936558669, 2.27617936558669, 2.27617936558669, 2.27617936558669, 2.27617936558669, 2.27617936558669, 2.27617936558669, 2.27617936558669, 2.27617936558669, 2.27617936558669, 2.27617936558669, 2.27617936558669, 2.27617936558669, 2.27617936558669, 2.27617936558669, 2.27617936558669, 2.27617936558669, 2.27617936558669, 2.27617936558669, 2.27617936558669, 2.27617936558669, 2.27617936558669, 2.27617936558669, 2.27617936558669, 2.27617936558669, 2.27617936558669, 2.27617936558669, 2.27617936558669, 2.27617936558669, 2.27617936558669, 2.27617936558669, 2.27617936558669, 2.27617936558669, 2.27617936558669, 2.27617936558669, 2.27617936558669, 2.27617936558669, 2.27617936558669, 2.27617936558669, 2.27617936558669, 2.27617936558669, 2.27617936558669], "lambda_reginter": [0.0, 1.6938643500067179, 3.3877287000134357, 5.081593050020153, 6.7754574000268715, 8.46932175003359, 10.163186100040306, 11.857050450047025, 13.550914800053743, 15.244779150060461, 0.0, 1.6938643500067179, 3.3877287000134357, 5.081593050020153, 6.7754574000268715, 8.46932175003359, 10.163186100040306, 11.857050450047025, 13.550914800053743, 15.244779150060461, 0.0, 1.6938643500067179, 3.3877287000134357, 5.081593050020153, 6.7754574000268715, 8.46932175003359, 10.163186100040306, 11.857050450047025, 13.550914800053743, 15.244779150060461, 0.0, 1.6938643500067179, 3.3877287000134357, 5.081593050020153, 6.7754574000268715, 8.46932175003359, 10.163186100040306, 11.857050450047025, 13.550914800053743, 15.244779150060461, 0.0, 1.6938643500067179, 3.3877287000134357, 5.081593050020153, 6.7754574000268715, 8.46932175003359, 10.163186100040306, 11.857050450047025, 13.550914800053743, 15.244779150060461, 0.0, 1.6938643500067179, 3.3877287000134357, 5.081593050020153, 6.7754574000268715, 8.46932175003359, 10.163186100040306, 11.857050450047025, 13.550914800053743, 15.244779150060461, 0.0, 1.6938643500067179, 3.3877287000134357, 5.081593050020153, 6.7754574000268715, 8.46932175003359, 10.163186100040306, 11.857050450047025, 13.550914800053743, 15.244779150060461, 0.0, 1.6938643500067179, 3.3877287000134357, 5.081593050020153, 6.7754574000268715, 8.46932175003359, 10.163186100040306, 11.857050450047025, 13.550914800053743, 15.244779150060461, 0.0, 1.6938643500067179, 3.3877287000134357, 5.081593050020153, 6.7754574000268715, 8.46932175003359, 10.163186100040306, 11.857050450047025, 13.550914800053743, 15.244779150060461, 0.0, 1.6938643500067179, 3.3877287000134357, 5.081593050020153, 6.7754574000268715, 8.46932175003359, 10.163186100040306, 11.857050450047025, 13.550914800053743, 15.244779150060461],