{"n": [200, 200, 200, 200, 200, 200, 200, 200, 200, 200, 200, 200, 200, 200, 200, 200, 200, 200, 200, 200, 200, 200, 200, 200, 200, 200, 200, 200, 200, 200, 200, 200, 200, 200, 200, 200, 200, 200, 200, 200, 200, 200, 200, 200, 200, 200, 200, 200, 200, 200, 200, 200, 200, 200, 200, 200, 200, 200, 200, 200, 200, 200, 200, 200, 200, 200, 200, 200, 200, 200, 200, 200, 200, 200, 200, 200, 200, 200, 200, 200, 200, 200, 200, 200, 200, 200, 200, 200, 200, 200, 200, 200, 200, 200, 200, 200, 200, 200, 200, 200], "rep": [23, 23, 23, 23, 23, 23, 23, 23, 23, 23, 23, 23, 23, 23, 23, 23, 23, 23, 23, 23, 23, 23, 23, 23, 23, 23, 23, 23, 23, 23, 23, 23, 23, 23, 23, 23, 23, 23, 23, 23, 23, 23, 23, 23, 23, 23, 23, 23, 23, 23, 23, 23, 23, 23, 23, 23, 23, 23, 23, 23, 23, 23, 23, 23, 23, 23, 23, 23, 23, 23, 23, 23, 23, 23, 23, 23, 23, 23, 23, 23, 23, 23, 23, 23, 23, 23, 23, 23, 23, 23, 23, 23, 23, 23, 23, 23, 23, 23, 23, 23], "lambda_reginter_max": [19.563085059379187, 19.563085059379187, 19.563085059379187, 19.563085059379187, 19.563085059379187, 19.563085059379187, 19.563085059379187, 19.563085059379187, 19.563085059379187, 19.563085059379187, 19.563085059379187, 19.563085059379187, 19.563085059379187, 19.563085059379187, 19.563085059379187, 19.563085059379187, 19.563085059379187, 19.563085059379187, 19.563085059379187, 19.563085059379187, 19.563085059379187, 19.563085059379187, 19.563085059379187, 19.563085059379187, 19.563085059379187, 19.563085059379187, 19.563085059379187, 19.563085059379187, 19.563085059379187, 19.563085059379187, 19.563085059379187, 19.563085059379187, 19.563085059379187, 19.563085059379187, 19.563085059379187, 19.563085059379187, 19.563085059379187, 19.563085059379187, 19.563085059379187, 19.563085059379187, 19.563085059379187, 19.563085059379187, 19.563085059379187, 19.563085059379187, 19.563085059379187, 19.563085059379187, 19.563085059379187, 19.563085059379187, 19.563085059379187, 19.563085059379187, 19.563085059379187, 19.563085059379187, 19.563085059379187, 19.563085059379187, 19.563085059379187, 19.563085059379187, 19.563085059379187, 19.563085059379187, 19.563085059379187, 19.563085059379187, 19.563085059379187, 19.563085059379187, 19.563085059379187, 19.563085059379187, 19.563085059379187, 19.563085059379187, 19.563085059379187, 19.563085059379187, 19.563085059379187, 19.563085059379187, 19.563085059379187, 19.563085059379187, 19.563085059379187, 19.563085059379187, 19.563085059379187, 19.563085059379187, 19.563085059379187, 19.563085059379187, 19.563085059379187, 19.563085059379187, 19.563085059379187, 19.563085059379187, 19.563085059379187, 19.563085059379187, 19.563085059379187, 19.563085059379187, 19.563085059379187, 19.563085059379187, 19.563085059379187, 19.563085059379187, 19.563085059379187, 19.563085059379187, 19.563085059379187, 19.563085059379187, 19.563085059379187, 19.563085059379187, 19.563085059379187, 19.563085059379187, 19.563085059379187, 19.563085059379187], "lambda_inter_max": [2.1905078704971555, 2.1905078704971555, 2.1905078704971555, 2.1905078704971555, 2.1905078704971555, 2.1905078704971555, 2.1905078704971555, 2.1905078704971555, 2.1905078704971555, 2.1905078704971555, 2.1905078704971555, 2.1905078704971555, 2.1905078704971555, 2.1905078704971555, 2.1905078704971555, 2.1905078704971555, 2.1905078704971555, 2.1905078704971555, 2.1905078704971555, 2.1905078704971555, 2.1905078704971555, 2.1905078704971555, 2.1905078704971555, 2.1905078704971555, 2.1905078704971555, 2.1905078704971555, 2.1905078704971555, 2.1905078704971555, 2.1905078704971555, 2.1905078704971555, 2.1905078704971555, 2.1905078704971555, 2.1905078704971555, 2.1905078704971555, 2.1905078704971555, 2.1905078704971555, 2.1905078704971555, 2.1905078704971555, 2.1905078704971555, 2.1905078704971555, 2.1905078704971555, 2.1905078704971555, 2.1905078704971555, 2.1905078704971555, 2.1905078704971555, 2.1905078704971555, 2.1905078704971555, 2.1905078704971555, 2.1905078704971555, 2.1905078704971555, 2.1905078704971555, 2.1905078704971555, 2.1905078704971555, 2.1905078704971555, 2.1905078704971555, 2.1905078704971555, 2.1905078704971555, 2.1905078704971555, 2.1905078704971555, 2.1905078704971555, 2.1905078704971555, 2.1905078704971555, 2.1905078704971555, 2.1905078704971555, 2.1905078704971555, 2.1905078704971555, 2.1905078704971555, 2.1905078704971555, 2.1905078704971555, 2.1905078704971555, 2.1905078704971555, 2.1905078704971555, 2.1905078704971555, 2.1905078704971555, 2.1905078704971555, 2.1905078704971555, 2.1905078704971555, 2.1905078704971555, 2.1905078704971555, 2.1905078704971555, 2.1905078704971555, 2.1905078704971555, 2.1905078704971555, 2.1905078704971555, 2.1905078704971555, 2.1905078704971555, 2.1905078704971555, 2.1905078704971555, 2.1905078704971555, 2.1905078704971555, 2.1905078704971555, 2.1905078704971555, 2.1905078704971555, 2.1905078704971555, 2.1905078704971555, 2.1905078704971555, 2.1905078704971555, 2.1905078704971555, 2.1905078704971555, 2.1905078704971555], "lambda_reginter": [0.0, 2.1736761177087986, 4.347352235417597, 6.521028353126396, 8.694704470835195, 10.868380588543992, 13.042056706252792, 15.215732823961591, 17.38940894167039, 19.563085059379187, 0.0, 2.1736761177087986, 4.347352235417597, 6.521028353126396, 8.694704470835195, 10.868380588543992, 13.042056706252792, 15.215732823961591, 17.38940894167039, 19.563085059379187, 0.0, 2.1736761177087986, 4.347352235417597, 6.521028353126396, 8.694704470835195, 10.868380588543992, 13.042056706252792, 15.215732823961591, 17.38940894167039, 19.563085059379187, 0.0, 2.1736761177087986, 4.347352235417597, 6.521028353126396, 8.694704470835195, 10.868380588543992, 13.042056706252792, 15.215732823961591, 17.38940894167039, 19.563085059379187, 0.0, 2.1736761177087986, 4.347352235417597, 6.521028353126396, 8.694704470835195, 10.868380588543992, 13.042056706252792, 15.215732823961591, 17.38940894167039, 19.563085059379187, 0.0, 2.1736761177087986, 4.347352235417597, 6.521028353126396, 8.694704470835195, 10.868380588543992, 13.042056706252792, 15.215732823961591, 17.38940894167039, 19.563085059379187, 0.0, 2.1736761177087986, 4.347352235417597, 6.521028353126396, 8.694704470835195, 10.868380588543992, 13.042056706252792, 15.215732823961591, 17.38940894167039, 19.563085059379187, 0.0, 2.1736761177087986, 4.347352235417597, 6.521028353126396, 8.694704470835195, 10.868380588543992, 13.042056706252792, 15.215732823961591, 17.38940894167039, 19.563085059379187, 0.0, 2.1736761177087986, 4.347352235417597, 6.521028353126396, 8.694704470835195, 10.868380588543992, 13.042056706252792, 15.215732823961591, 17.38940894167039, 19.563085059379187, 0.0, 2.1736761177087986, 4.347352235417597, 6.521028353126396, 8.694704470835195, 10.868380588543992, 13.042056706252792, 15.215732823961591, 17.38940894167039, 19.563085059379187],