{"lambda_reginter_max": 3.844920440854757, "lambda_inter_max": 0.06330734301432492}