{"n": [500, 500, 500, 500, 500, 500, 500, 500, 500, 500, 500, 500, 500, 500, 500, 500, 500, 500, 500, 500, 500, 500, 500, 500, 500, 500, 500, 500, 500, 500, 500, 500, 500, 500, 500, 500, 500, 500, 500, 500, 500, 500, 500, 500, 500, 500, 500, 500, 500, 500, 500, 500, 500, 500, 500, 500, 500, 500, 500, 500, 500, 500, 500, 500, 500, 500, 500, 500, 500, 500, 500, 500, 500, 500, 500, 500, 500, 500, 500, 500, 500, 500, 500, 500, 500, 500, 500, 500, 500, 500, 500, 500, 500, 500, 500, 500, 500, 500, 500, 500], "rep": [46, 46, 46, 46, 46, 46, 46, 46, 46, 46, 46, 46, 46, 46, 46, 46, 46, 46, 46, 46, 46, 46, 46, 46, 46, 46, 46, 46, 46, 46, 46, 46, 46, 46, 46, 46, 46, 46, 46, 46, 46, 46, 46, 46, 46, 46, 46, 46, 46, 46, 46, 46, 46, 46, 46, 46, 46, 46, 46, 46, 46, 46, 46, 46, 46, 46, 46, 46, 46, 46, 46, 46, 46, 46, 46, 46, 46, 46, 46, 46, 46, 46, 46, 46, 46, 46, 46, 46, 46, 46, 46, 46, 46, 46, 46, 46, 46, 46, 46, 46], "lambda_reginter_max": [19.663188261671525, 19.663188261671525, 19.663188261671525, 19.663188261671525, 19.663188261671525, 19.663188261671525, 19.663188261671525, 19.663188261671525, 19.663188261671525, 19.663188261671525, 19.663188261671525, 19.663188261671525, 19.663188261671525, 19.663188261671525, 19.663188261671525, 19.663188261671525, 19.663188261671525, 19.663188261671525, 19.663188261671525, 19.663188261671525, 19.663188261671525, 19.663188261671525, 19.663188261671525, 19.663188261671525, 19.663188261671525, 19.663188261671525, 19.663188261671525, 19.663188261671525, 19.663188261671525, 19.663188261671525, 19.663188261671525, 19.663188261671525, 19.663188261671525, 19.663188261671525, 19.663188261671525, 19.663188261671525, 19.663188261671525, 19.663188261671525, 19.663188261671525, 19.663188261671525, 19.663188261671525, 19.663188261671525, 19.663188261671525, 19.663188261671525, 19.663188261671525, 19.663188261671525, 19.663188261671525, 19.663188261671525, 19.663188261671525, 19.663188261671525, 19.663188261671525, 19.663188261671525, 19.663188261671525, 19.663188261671525, 19.663188261671525, 19.663188261671525, 19.663188261671525, 19.663188261671525, 19.663188261671525, 19.663188261671525, 19.663188261671525, 19.663188261671525, 19.663188261671525, 19.663188261671525, 19.663188261671525, 19.663188261671525, 19.663188261671525, 19.663188261671525, 19.663188261671525, 19.663188261671525, 19.663188261671525, 19.663188261671525, 19.663188261671525, 19.663188261671525, 19.663188261671525, 19.663188261671525, 19.663188261671525, 19.663188261671525, 19.663188261671525, 19.663188261671525, 19.663188261671525, 19.663188261671525, 19.663188261671525, 19.663188261671525, 19.663188261671525, 19.663188261671525, 19.663188261671525, 19.663188261671525, 19.663188261671525, 19.663188261671525, 19.663188261671525, 19.663188261671525, 19.663188261671525, 19.663188261671525, 19.663188261671525, 19.663188261671525, 19.663188261671525, 19.663188261671525, 19.663188261671525, 19.663188261671525], "lambda_inter_max": [2.3594895872524417, 2.3594895872524417, 2.3594895872524417, 2.3594895872524417, 2.3594895872524417, 2.3594895872524417, 2.3594895872524417, 2.3594895872524417, 2.3594895872524417, 2.3594895872524417, 2.3594895872524417, 2.3594895872524417, 2.3594895872524417, 2.3594895872524417, 2.3594895872524417, 2.3594895872524417, 2.3594895872524417, 2.3594895872524417, 2.3594895872524417, 2.3594895872524417, 2.3594895872524417, 2.3594895872524417, 2.3594895872524417, 2.3594895872524417, 2.3594895872524417, 2.3594895872524417, 2.3594895872524417, 2.3594895872524417, 2.3594895872524417, 2.3594895872524417, 2.3594895872524417, 2.3594895872524417, 2.3594895872524417, 2.3594895872524417, 2.3594895872524417, 2.3594895872524417, 2.3594895872524417, 2.3594895872524417, 2.3594895872524417, 2.3594895872524417, 2.3594895872524417, 2.3594895872524417, 2.3594895872524417, 2.3594895872524417, 2.3594895872524417, 2.3594895872524417, 2.3594895872524417, 2.3594895872524417, 2.3594895872524417, 2.3594895872524417, 2.3594895872524417, 2.3594895872524417, 2.3594895872524417, 2.3594895872524417, 2.3594895872524417, 2.3594895872524417, 2.3594895872524417, 2.3594895872524417, 2.3594895872524417, 2.3594895872524417, 2.3594895872524417, 2.3594895872524417, 2.3594895872524417, 2.3594895872524417, 2.3594895872524417, 2.3594895872524417, 2.3594895872524417, 2.3594895872524417, 2.3594895872524417, 2.3594895872524417, 2.3594895872524417, 2.3594895872524417, 2.3594895872524417, 2.3594895872524417, 2.3594895872524417, 2.3594895872524417, 2.3594895872524417, 2.3594895872524417, 2.3594895872524417, 2.3594895872524417, 2.3594895872524417, 2.3594895872524417, 2.3594895872524417, 2.3594895872524417, 2.3594895872524417, 2.3594895872524417, 2.3594895872524417, 2.3594895872524417, 2.3594895872524417, 2.3594895872524417, 2.3594895872524417, 2.3594895872524417, 2.3594895872524417, 2.3594895872524417, 2.3594895872524417, 2.3594895872524417, 2.3594895872524417, 2.3594895872524417, 2.3594895872524417, 2.3594895872524417], "lambda_reginter": [0.0, 2.1847986957412804, 4.369597391482561, 6.554396087223841, 8.739194782965122, 10.923993478706402, 13.108792174447682, 15.293590870188963, 17.478389565930243, 19.663188261671525, 0.0, 2.1847986957412804, 4.369597391482561, 6.554396087223841, 8.739194782965122, 10.923993478706402, 13.108792174447682, 15.293590870188963, 17.478389565930243, 19.663188261671525, 0.0, 2.1847986957412804, 4.369597391482561, 6.554396087223841, 8.739194782965122, 10.923993478706402, 13.108792174447682, 15.293590870188963, 17.478389565930243, 19.663188261671525, 0.0, 2.1847986957412804, 4.369597391482561, 6.554396087223841, 8.739194782965122, 10.923993478706402, 13.108792174447682, 15.293590870188963, 17.478389565930243, 19.663188261671525, 0.0, 2.1847986957412804, 4.369597391482561, 6.554396087223841, 8.739194782965122, 10.923993478706402, 13.108792174447682, 15.293590870188963, 17.478389565930243, 19.663188261671525, 0.0, 2.1847986957412804, 4.369597391482561, 6.554396087223841, 8.739194782965122, 10.923993478706402, 13.108792174447682, 15.293590870188963, 17.478389565930243, 19.663188261671525, 0.0, 2.1847986957412804, 4.369597391482561, 6.554396087223841, 8.739194782965122, 10.923993478706402, 13.108792174447682, 15.293590870188963, 17.478389565930243, 19.663188261671525, 0.0, 2.1847986957412804, 4.369597391482561, 6.554396087223841, 8.739194782965122, 10.923993478706402, 13.108792174447682, 15.293590870188963, 17.478389565930243, 19.663188261671525, 0.0, 2.1847986957412804, 4.369597391482561, 6.554396087223841, 8.739194782965122, 10.923993478706402, 13.108792174447682, 15.293590870188963, 17.478389565930243, 19.663188261671525, 0.0, 2.1847986957412804, 4.369597391482561, 6.554396087223841, 8.739194782965122, 10.923993478706402, 13.108792174447682, 15.293590870188963, 17.478389565930243, 19.663188261671525],