{"lambda_reginter_max": 3.630274600274869, "lambda_inter_max": 0.06124362729248219}