{"n": [1000, 1000, 1000, 1000, 1000, 1000, 1000, 1000, 1000, 1000, 1000, 1000, 1000, 1000, 1000, 1000, 1000, 1000, 1000, 1000, 1000, 1000, 1000, 1000, 1000, 1000, 1000, 1000, 1000, 1000, 1000, 1000, 1000, 1000, 1000, 1000, 1000, 1000, 1000, 1000, 1000, 1000, 1000, 1000, 1000, 1000, 1000, 1000, 1000, 1000, 1000, 1000, 1000, 1000, 1000, 1000, 1000, 1000, 1000, 1000, 1000, 1000, 1000, 1000, 1000, 1000, 1000, 1000, 1000, 1000, 1000, 1000, 1000, 1000, 1000, 1000, 1000, 1000, 1000, 1000, 1000, 1000, 1000, 1000, 1000, 1000, 1000, 1000, 1000, 1000, 1000, 1000, 1000, 1000, 1000, 1000, 1000, 1000, 1000, 1000], "rep": [37, 37, 37, 37, 37, 37, 37, 37, 37, 37, 37, 37, 37, 37, 37, 37, 37, 37, 37, 37, 37, 37, 37, 37, 37, 37, 37, 37, 37, 37, 37, 37, 37, 37, 37, 37, 37, 37, 37, 37, 37, 37, 37, 37, 37, 37, 37, 37, 37, 37, 37, 37, 37, 37, 37, 37, 37, 37, 37, 37, 37, 37, 37, 37, 37, 37, 37, 37, 37, 37, 37, 37, 37, 37, 37, 37, 37, 37, 37, 37, 37, 37, 37, 37, 37, 37, 37, 37, 37, 37, 37, 37, 37, 37, 37, 37, 37, 37, 37, 37], "lambda_reginter_max": [19.77249322659677, 19.77249322659677, 19.77249322659677, 19.77249322659677, 19.77249322659677, 19.77249322659677, 19.77249322659677, 19.77249322659677, 19.77249322659677, 19.77249322659677, 19.77249322659677, 19.77249322659677, 19.77249322659677, 19.77249322659677, 19.77249322659677, 19.77249322659677, 19.77249322659677, 19.77249322659677, 19.77249322659677, 19.77249322659677, 19.77249322659677, 19.77249322659677, 19.77249322659677, 19.77249322659677, 19.77249322659677, 19.77249322659677, 19.77249322659677, 19.77249322659677, 19.77249322659677, 19.77249322659677, 19.77249322659677, 19.77249322659677, 19.77249322659677, 19.77249322659677, 19.77249322659677, 19.77249322659677, 19.77249322659677, 19.77249322659677, 19.77249322659677, 19.77249322659677, 19.77249322659677, 19.77249322659677, 19.77249322659677, 19.77249322659677, 19.77249322659677, 19.77249322659677, 19.77249322659677, 19.77249322659677, 19.77249322659677, 19.77249322659677, 19.77249322659677, 19.77249322659677, 19.77249322659677, 19.77249322659677, 19.77249322659677, 19.77249322659677, 19.77249322659677, 19.77249322659677, 19.77249322659677, 19.77249322659677, 19.77249322659677, 19.77249322659677, 19.77249322659677, 19.77249322659677, 19.77249322659677, 19.77249322659677, 19.77249322659677, 19.77249322659677, 19.77249322659677, 19.77249322659677, 19.77249322659677, 19.77249322659677, 19.77249322659677, 19.77249322659677, 19.77249322659677, 19.77249322659677, 19.77249322659677, 19.77249322659677, 19.77249322659677, 19.77249322659677, 19.77249322659677, 19.77249322659677, 19.77249322659677, 19.77249322659677, 19.77249322659677, 19.77249322659677, 19.77249322659677, 19.77249322659677, 19.77249322659677, 19.77249322659677, 19.77249322659677, 19.77249322659677, 19.77249322659677, 19.77249322659677, 19.77249322659677, 19.77249322659677, 19.77249322659677, 19.77249322659677, 19.77249322659677, 19.77249322659677], "lambda_inter_max": [2.5269940797959363, 2.5269940797959363, 2.5269940797959363, 2.5269940797959363, 2.5269940797959363, 2.5269940797959363, 2.5269940797959363, 2.5269940797959363, 2.5269940797959363, 2.5269940797959363, 2.5269940797959363, 2.5269940797959363, 2.5269940797959363, 2.5269940797959363, 2.5269940797959363, 2.5269940797959363, 2.5269940797959363, 2.5269940797959363, 2.5269940797959363, 2.5269940797959363, 2.5269940797959363, 2.5269940797959363, 2.5269940797959363, 2.5269940797959363, 2.5269940797959363, 2.5269940797959363, 2.5269940797959363, 2.5269940797959363, 2.5269940797959363, 2.5269940797959363, 2.5269940797959363, 2.5269940797959363, 2.5269940797959363, 2.5269940797959363, 2.5269940797959363, 2.5269940797959363, 2.5269940797959363, 2.5269940797959363, 2.5269940797959363, 2.5269940797959363, 2.5269940797959363, 2.5269940797959363, 2.5269940797959363, 2.5269940797959363, 2.5269940797959363, 2.5269940797959363, 2.5269940797959363, 2.5269940797959363, 2.5269940797959363, 2.5269940797959363, 2.5269940797959363, 2.5269940797959363, 2.5269940797959363, 2.5269940797959363, 2.5269940797959363, 2.5269940797959363, 2.5269940797959363, 2.5269940797959363, 2.5269940797959363, 2.5269940797959363, 2.5269940797959363, 2.5269940797959363, 2.5269940797959363, 2.5269940797959363, 2.5269940797959363, 2.5269940797959363, 2.5269940797959363, 2.5269940797959363, 2.5269940797959363, 2.5269940797959363, 2.5269940797959363, 2.5269940797959363, 2.5269940797959363, 2.5269940797959363, 2.5269940797959363, 2.5269940797959363, 2.5269940797959363, 2.5269940797959363, 2.5269940797959363, 2.5269940797959363, 2.5269940797959363, 2.5269940797959363, 2.5269940797959363, 2.5269940797959363, 2.5269940797959363, 2.5269940797959363, 2.5269940797959363, 2.5269940797959363, 2.5269940797959363, 2.5269940797959363, 2.5269940797959363, 2.5269940797959363, 2.5269940797959363, 2.5269940797959363, 2.5269940797959363, 2.5269940797959363, 2.5269940797959363, 2.5269940797959363, 2.5269940797959363, 2.5269940797959363], "lambda_reginter": [0.0, 2.1969436918440852, 4.3938873836881704, 6.590831075532256, 8.787774767376341, 10.984718459220426, 13.181662151064511, 15.378605842908597, 17.575549534752682, 19.77249322659677, 0.0, 2.1969436918440852, 4.3938873836881704, 6.590831075532256, 8.787774767376341, 10.984718459220426, 13.181662151064511, 15.378605842908597, 17.575549534752682, 19.77249322659677, 0.0, 2.1969436918440852, 4.3938873836881704, 6.590831075532256, 8.787774767376341, 10.984718459220426, 13.181662151064511, 15.378605842908597, 17.575549534752682, 19.77249322659677, 0.0, 2.1969436918440852, 4.3938873836881704, 6.590831075532256, 8.787774767376341, 10.984718459220426, 13.181662151064511, 15.378605842908597, 17.575549534752682, 19.77249322659677, 0.0, 2.1969436918440852, 4.3938873836881704, 6.590831075532256, 8.787774767376341, 10.984718459220426, 13.181662151064511, 15.378605842908597, 17.575549534752682, 19.77249322659677, 0.0, 2.1969436918440852, 4.3938873836881704, 6.590831075532256, 8.787774767376341, 10.984718459220426, 13.181662151064511, 15.378605842908597, 17.575549534752682, 19.77249322659677, 0.0, 2.1969436918440852, 4.3938873836881704, 6.590831075532256, 8.787774767376341, 10.984718459220426, 13.181662151064511, 15.378605842908597, 17.575549534752682, 19.77249322659677, 0.0, 2.1969436918440852, 4.3938873836881704, 6.590831075532256, 8.787774767376341, 10.984718459220426, 13.181662151064511, 15.378605842908597, 17.575549534752682, 19.77249322659677, 0.0, 2.1969436918440852, 4.3938873836881704, 6.590831075532256, 8.787774767376341, 10.984718459220426, 13.181662151064511, 15.378605842908597, 17.575549534752682, 19.77249322659677, 0.0, 2.1969436918440852, 4.3938873836881704, 6.590831075532256, 8.787774767376341, 10.984718459220426, 13.181662151064511, 15.378605842908597, 17.575549534752682, 19.77249322659677],