{"lambda_reginter_max": 29.106370246617438, "lambda_inter_max": 13.720339288063391}