{"lambda_reginter_max": 33.54873039105508, "lambda_inter_max": 0.3671397579264072}