{"lambda_reginter_max": 6.603865541980944, "lambda_inter_max": 1.9691221702410453}