{"n": [1000, 1000, 1000, 1000, 1000, 1000, 1000, 1000, 1000, 1000, 1000, 1000, 1000, 1000, 1000, 1000, 1000, 1000, 1000, 1000, 1000, 1000, 1000, 1000, 1000, 1000, 1000, 1000, 1000, 1000, 1000, 1000, 1000, 1000, 1000, 1000, 1000, 1000, 1000, 1000, 1000, 1000, 1000, 1000, 1000, 1000, 1000, 1000, 1000, 1000, 1000, 1000, 1000, 1000, 1000, 1000, 1000, 1000, 1000, 1000, 1000, 1000, 1000, 1000, 1000, 1000, 1000, 1000, 1000, 1000, 1000, 1000, 1000, 1000, 1000, 1000, 1000, 1000, 1000, 1000, 1000, 1000, 1000, 1000, 1000, 1000, 1000, 1000, 1000, 1000, 1000, 1000, 1000, 1000, 1000, 1000, 1000, 1000, 1000, 1000], "rep": [98, 98, 98, 98, 98, 98, 98, 98, 98, 98, 98, 98, 98, 98, 98, 98, 98, 98, 98, 98, 98, 98, 98, 98, 98, 98, 98, 98, 98, 98, 98, 98, 98, 98, 98, 98, 98, 98, 98, 98, 98, 98, 98, 98, 98, 98, 98, 98, 98, 98, 98, 98, 98, 98, 98, 98, 98, 98, 98, 98, 98, 98, 98, 98, 98, 98, 98, 98, 98, 98, 98, 98, 98, 98, 98, 98, 98, 98, 98, 98, 98, 98, 98, 98, 98, 98, 98, 98, 98, 98, 98, 98, 98, 98, 98, 98, 98, 98, 98, 98], "lambda_reginter_max": [11.150259531712505, 11.150259531712505, 11.150259531712505, 11.150259531712505, 11.150259531712505, 11.150259531712505, 11.150259531712505, 11.150259531712505, 11.150259531712505, 11.150259531712505, 11.150259531712505, 11.150259531712505, 11.150259531712505, 11.150259531712505, 11.150259531712505, 11.150259531712505, 11.150259531712505, 11.150259531712505, 11.150259531712505, 11.150259531712505, 11.150259531712505, 11.150259531712505, 11.150259531712505, 11.150259531712505, 11.150259531712505, 11.150259531712505, 11.150259531712505, 11.150259531712505, 11.150259531712505, 11.150259531712505, 11.150259531712505, 11.150259531712505, 11.150259531712505, 11.150259531712505, 11.150259531712505, 11.150259531712505, 11.150259531712505, 11.150259531712505, 11.150259531712505, 11.150259531712505, 11.150259531712505, 11.150259531712505, 11.150259531712505, 11.150259531712505, 11.150259531712505, 11.150259531712505, 11.150259531712505, 11.150259531712505, 11.150259531712505, 11.150259531712505, 11.150259531712505, 11.150259531712505, 11.150259531712505, 11.150259531712505, 11.150259531712505, 11.150259531712505, 11.150259531712505, 11.150259531712505, 11.150259531712505, 11.150259531712505, 11.150259531712505, 11.150259531712505, 11.150259531712505, 11.150259531712505, 11.150259531712505, 11.150259531712505, 11.150259531712505, 11.150259531712505, 11.150259531712505, 11.150259531712505, 11.150259531712505, 11.150259531712505, 11.150259531712505, 11.150259531712505, 11.150259531712505, 11.150259531712505, 11.150259531712505, 11.150259531712505, 11.150259531712505, 11.150259531712505, 11.150259531712505, 11.150259531712505, 11.150259531712505, 11.150259531712505, 11.150259531712505, 11.150259531712505, 11.150259531712505, 11.150259531712505, 11.150259531712505, 11.150259531712505, 11.150259531712505, 11.150259531712505, 11.150259531712505, 11.150259531712505, 11.150259531712505, 11.150259531712505, 11.150259531712505, 11.150259531712505, 11.150259531712505, 11.150259531712505], "lambda_inter_max": [1.9701752570250877, 1.9701752570250877, 1.9701752570250877, 1.9701752570250877, 1.9701752570250877, 1.9701752570250877, 1.9701752570250877, 1.9701752570250877, 1.9701752570250877, 1.9701752570250877, 1.9701752570250877, 1.9701752570250877, 1.9701752570250877, 1.9701752570250877, 1.9701752570250877, 1.9701752570250877, 1.9701752570250877, 1.9701752570250877, 1.9701752570250877, 1.9701752570250877, 1.9701752570250877, 1.9701752570250877, 1.9701752570250877, 1.9701752570250877, 1.9701752570250877, 1.9701752570250877, 1.9701752570250877, 1.9701752570250877, 1.9701752570250877, 1.9701752570250877, 1.9701752570250877, 1.9701752570250877, 1.9701752570250877, 1.9701752570250877, 1.9701752570250877, 1.9701752570250877, 1.9701752570250877, 1.9701752570250877, 1.9701752570250877, 1.9701752570250877, 1.9701752570250877, 1.9701752570250877, 1.9701752570250877, 1.9701752570250877, 1.9701752570250877, 1.9701752570250877, 1.9701752570250877, 1.9701752570250877, 1.9701752570250877, 1.9701752570250877, 1.9701752570250877, 1.9701752570250877, 1.9701752570250877, 1.9701752570250877, 1.9701752570250877, 1.9701752570250877, 1.9701752570250877, 1.9701752570250877, 1.9701752570250877, 1.9701752570250877, 1.9701752570250877, 1.9701752570250877, 1.9701752570250877, 1.9701752570250877, 1.9701752570250877, 1.9701752570250877, 1.9701752570250877, 1.9701752570250877, 1.9701752570250877, 1.9701752570250877, 1.9701752570250877, 1.9701752570250877, 1.9701752570250877, 1.9701752570250877, 1.9701752570250877, 1.9701752570250877, 1.9701752570250877, 1.9701752570250877, 1.9701752570250877, 1.9701752570250877, 1.9701752570250877, 1.9701752570250877, 1.9701752570250877, 1.9701752570250877, 1.9701752570250877, 1.9701752570250877, 1.9701752570250877, 1.9701752570250877, 1.9701752570250877, 1.9701752570250877, 1.9701752570250877, 1.9701752570250877, 1.9701752570250877, 1.9701752570250877, 1.9701752570250877, 1.9701752570250877, 1.9701752570250877, 1.9701752570250877, 1.9701752570250877, 1.9701752570250877], "lambda_reginter": [0.0, 1.238917725745834, 2.477835451491668, 3.7167531772375018, 4.955670902983336, 6.19458862872917, 7.4335063544750035, 8.672424080220837, 9.911341805966671, 11.150259531712505, 0.0, 1.238917725745834, 2.477835451491668, 3.7167531772375018, 4.955670902983336, 6.19458862872917, 7.4335063544750035, 8.672424080220837, 9.911341805966671, 11.150259531712505, 0.0, 1.238917725745834, 2.477835451491668, 3.7167531772375018, 4.955670902983336, 6.19458862872917, 7.4335063544750035, 8.672424080220837, 9.911341805966671, 11.150259531712505, 0.0, 1.238917725745834, 2.477835451491668, 3.7167531772375018, 4.955670902983336, 6.19458862872917, 7.4335063544750035, 8.672424080220837, 9.911341805966671, 11.150259531712505, 0.0, 1.238917725745834, 2.477835451491668, 3.7167531772375018, 4.955670902983336, 6.19458862872917, 7.4335063544750035, 8.672424080220837, 9.911341805966671, 11.150259531712505, 0.0, 1.238917725745834, 2.477835451491668, 3.7167531772375018, 4.955670902983336, 6.19458862872917, 7.4335063544750035, 8.672424080220837, 9.911341805966671, 11.150259531712505, 0.0, 1.238917725745834, 2.477835451491668, 3.7167531772375018, 4.955670902983336, 6.19458862872917, 7.4335063544750035, 8.672424080220837, 9.911341805966671, 11.150259531712505, 0.0, 1.238917725745834, 2.477835451491668, 3.7167531772375018, 4.955670902983336, 6.19458862872917, 7.4335063544750035, 8.672424080220837, 9.911341805966671, 11.150259531712505, 0.0, 1.238917725745834, 2.477835451491668, 3.7167531772375018, 4.955670902983336, 6.19458862872917, 7.4335063544750035, 8.672424080220837, 9.911341805966671, 11.150259531712505, 0.0, 1.238917725745834, 2.477835451491668, 3.7167531772375018, 4.955670902983336, 6.19458862872917, 7.4335063544750035, 8.672424080220837, 9.911341805966671, 11.150259531712505],