{"lambda_reginter_max": 1.6826803198393503, "lambda_inter_max": 0.6205741585473138}