{"n": [1000, 1000, 1000, 1000, 1000, 1000, 1000, 1000, 1000, 1000, 1000, 1000, 1000, 1000, 1000, 1000, 1000, 1000, 1000, 1000, 1000, 1000, 1000, 1000, 1000, 1000, 1000, 1000, 1000, 1000, 1000, 1000, 1000, 1000, 1000, 1000, 1000, 1000, 1000, 1000, 1000, 1000, 1000, 1000, 1000, 1000, 1000, 1000, 1000, 1000, 1000, 1000, 1000, 1000, 1000, 1000, 1000, 1000, 1000, 1000, 1000, 1000, 1000, 1000, 1000, 1000, 1000, 1000, 1000, 1000, 1000, 1000, 1000, 1000, 1000, 1000, 1000, 1000, 1000, 1000, 1000, 1000, 1000, 1000, 1000, 1000, 1000, 1000, 1000, 1000, 1000, 1000, 1000, 1000, 1000, 1000, 1000, 1000, 1000, 1000], "rep": [97, 97, 97, 97, 97, 97, 97, 97, 97, 97, 97, 97, 97, 97, 97, 97, 97, 97, 97, 97, 97, 97, 97, 97, 97, 97, 97, 97, 97, 97, 97, 97, 97, 97, 97, 97, 97, 97, 97, 97, 97, 97, 97, 97, 97, 97, 97, 97, 97, 97, 97, 97, 97, 97, 97, 97, 97, 97, 97, 97, 97, 97, 97, 97, 97, 97, 97, 97, 97, 97, 97, 97, 97, 97, 97, 97, 97, 97, 97, 97, 97, 97, 97, 97, 97, 97, 97, 97, 97, 97, 97, 97, 97, 97, 97, 97, 97, 97, 97, 97], "lambda_reginter_max": [15.861625508595681, 15.861625508595681, 15.861625508595681, 15.861625508595681, 15.861625508595681, 15.861625508595681, 15.861625508595681, 15.861625508595681, 15.861625508595681, 15.861625508595681, 15.861625508595681, 15.861625508595681, 15.861625508595681, 15.861625508595681, 15.861625508595681, 15.861625508595681, 15.861625508595681, 15.861625508595681, 15.861625508595681, 15.861625508595681, 15.861625508595681, 15.861625508595681, 15.861625508595681, 15.861625508595681, 15.861625508595681, 15.861625508595681, 15.861625508595681, 15.861625508595681, 15.861625508595681, 15.861625508595681, 15.861625508595681, 15.861625508595681, 15.861625508595681, 15.861625508595681, 15.861625508595681, 15.861625508595681, 15.861625508595681, 15.861625508595681, 15.861625508595681, 15.861625508595681, 15.861625508595681, 15.861625508595681, 15.861625508595681, 15.861625508595681, 15.861625508595681, 15.861625508595681, 15.861625508595681, 15.861625508595681, 15.861625508595681, 15.861625508595681, 15.861625508595681, 15.861625508595681, 15.861625508595681, 15.861625508595681, 15.861625508595681, 15.861625508595681, 15.861625508595681, 15.861625508595681, 15.861625508595681, 15.861625508595681, 15.861625508595681, 15.861625508595681, 15.861625508595681, 15.861625508595681, 15.861625508595681, 15.861625508595681, 15.861625508595681, 15.861625508595681, 15.861625508595681, 15.861625508595681, 15.861625508595681, 15.861625508595681, 15.861625508595681, 15.861625508595681, 15.861625508595681, 15.861625508595681, 15.861625508595681, 15.861625508595681, 15.861625508595681, 15.861625508595681, 15.861625508595681, 15.861625508595681, 15.861625508595681, 15.861625508595681, 15.861625508595681, 15.861625508595681, 15.861625508595681, 15.861625508595681, 15.861625508595681, 15.861625508595681, 15.861625508595681, 15.861625508595681, 15.861625508595681, 15.861625508595681, 15.861625508595681, 15.861625508595681, 15.861625508595681, 15.861625508595681, 15.861625508595681, 15.861625508595681], "lambda_inter_max": [2.158135737114183, 2.158135737114183, 2.158135737114183, 2.158135737114183, 2.158135737114183, 2.158135737114183, 2.158135737114183, 2.158135737114183, 2.158135737114183, 2.158135737114183, 2.158135737114183, 2.158135737114183, 2.158135737114183, 2.158135737114183, 2.158135737114183, 2.158135737114183, 2.158135737114183, 2.158135737114183, 2.158135737114183, 2.158135737114183, 2.158135737114183, 2.158135737114183, 2.158135737114183, 2.158135737114183, 2.158135737114183, 2.158135737114183, 2.158135737114183, 2.158135737114183, 2.158135737114183, 2.158135737114183, 2.158135737114183, 2.158135737114183, 2.158135737114183, 2.158135737114183, 2.158135737114183, 2.158135737114183, 2.158135737114183, 2.158135737114183, 2.158135737114183, 2.158135737114183, 2.158135737114183, 2.158135737114183, 2.158135737114183, 2.158135737114183, 2.158135737114183, 2.158135737114183, 2.158135737114183, 2.158135737114183, 2.158135737114183, 2.158135737114183, 2.158135737114183, 2.158135737114183, 2.158135737114183, 2.158135737114183, 2.158135737114183, 2.158135737114183, 2.158135737114183, 2.158135737114183, 2.158135737114183, 2.158135737114183, 2.158135737114183, 2.158135737114183, 2.158135737114183, 2.158135737114183, 2.158135737114183, 2.158135737114183, 2.158135737114183, 2.158135737114183, 2.158135737114183, 2.158135737114183, 2.158135737114183, 2.158135737114183, 2.158135737114183, 2.158135737114183, 2.158135737114183, 2.158135737114183, 2.158135737114183, 2.158135737114183, 2.158135737114183, 2.158135737114183, 2.158135737114183, 2.158135737114183, 2.158135737114183, 2.158135737114183, 2.158135737114183, 2.158135737114183, 2.158135737114183, 2.158135737114183, 2.158135737114183, 2.158135737114183, 2.158135737114183, 2.158135737114183, 2.158135737114183, 2.158135737114183, 2.158135737114183, 2.158135737114183, 2.158135737114183, 2.158135737114183, 2.158135737114183, 2.158135737114183], "lambda_reginter": [0.0, 1.762402834288409, 3.524805668576818, 5.287208502865227, 7.049611337153636, 8.812014171442046, 10.574417005730455, 12.336819840018864, 14.099222674307272, 15.861625508595681, 0.0, 1.762402834288409, 3.524805668576818, 5.287208502865227, 7.049611337153636, 8.812014171442046, 10.574417005730455, 12.336819840018864, 14.099222674307272, 15.861625508595681, 0.0, 1.762402834288409, 3.524805668576818, 5.287208502865227, 7.049611337153636, 8.812014171442046, 10.574417005730455, 12.336819840018864, 14.099222674307272, 15.861625508595681, 0.0, 1.762402834288409, 3.524805668576818, 5.287208502865227, 7.049611337153636, 8.812014171442046, 10.574417005730455, 12.336819840018864, 14.099222674307272, 15.861625508595681, 0.0, 1.762402834288409, 3.524805668576818, 5.287208502865227, 7.049611337153636, 8.812014171442046, 10.574417005730455, 12.336819840018864, 14.099222674307272, 15.861625508595681, 0.0, 1.762402834288409, 3.524805668576818, 5.287208502865227, 7.049611337153636, 8.812014171442046, 10.574417005730455, 12.336819840018864, 14.099222674307272, 15.861625508595681, 0.0, 1.762402834288409, 3.524805668576818, 5.287208502865227, 7.049611337153636, 8.812014171442046, 10.574417005730455, 12.336819840018864, 14.099222674307272, 15.861625508595681, 0.0, 1.762402834288409, 3.524805668576818, 5.287208502865227, 7.049611337153636, 8.812014171442046, 10.574417005730455, 12.336819840018864, 14.099222674307272, 15.861625508595681, 0.0, 1.762402834288409, 3.524805668576818, 5.287208502865227, 7.049611337153636, 8.812014171442046, 10.574417005730455, 12.336819840018864, 14.099222674307272, 15.861625508595681, 0.0, 1.762402834288409, 3.524805668576818, 5.287208502865227, 7.049611337153636, 8.812014171442046, 10.574417005730455, 12.336819840018864, 14.099222674307272, 15.861625508595681],