{"n": [1000, 1000, 1000, 1000, 1000, 1000, 1000, 1000, 1000, 1000, 1000, 1000, 1000, 1000, 1000, 1000, 1000, 1000, 1000, 1000, 1000, 1000, 1000, 1000, 1000, 1000, 1000, 1000, 1000, 1000, 1000, 1000, 1000, 1000, 1000, 1000, 1000, 1000, 1000, 1000, 1000, 1000, 1000, 1000, 1000, 1000, 1000, 1000, 1000, 1000, 1000, 1000, 1000, 1000, 1000, 1000, 1000, 1000, 1000, 1000, 1000, 1000, 1000, 1000, 1000, 1000, 1000, 1000, 1000, 1000, 1000, 1000, 1000, 1000, 1000, 1000, 1000, 1000, 1000, 1000, 1000, 1000, 1000, 1000, 1000, 1000, 1000, 1000, 1000, 1000, 1000, 1000, 1000, 1000, 1000, 1000, 1000, 1000, 1000, 1000], "rep": [78, 78, 78, 78, 78, 78, 78, 78, 78, 78, 78, 78, 78, 78, 78, 78, 78, 78, 78, 78, 78, 78, 78, 78, 78, 78, 78, 78, 78, 78, 78, 78, 78, 78, 78, 78, 78, 78, 78, 78, 78, 78, 78, 78, 78, 78, 78, 78, 78, 78, 78, 78, 78, 78, 78, 78, 78, 78, 78, 78, 78, 78, 78, 78, 78, 78, 78, 78, 78, 78, 78, 78, 78, 78, 78, 78, 78, 78, 78, 78, 78, 78, 78, 78, 78, 78, 78, 78, 78, 78, 78, 78, 78, 78, 78, 78, 78, 78, 78, 78], "lambda_reginter_max": [12.04847366469806, 12.04847366469806, 12.04847366469806, 12.04847366469806, 12.04847366469806, 12.04847366469806, 12.04847366469806, 12.04847366469806, 12.04847366469806, 12.04847366469806, 12.04847366469806, 12.04847366469806, 12.04847366469806, 12.04847366469806, 12.04847366469806, 12.04847366469806, 12.04847366469806, 12.04847366469806, 12.04847366469806, 12.04847366469806, 12.04847366469806, 12.04847366469806, 12.04847366469806, 12.04847366469806, 12.04847366469806, 12.04847366469806, 12.04847366469806, 12.04847366469806, 12.04847366469806, 12.04847366469806, 12.04847366469806, 12.04847366469806, 12.04847366469806, 12.04847366469806, 12.04847366469806, 12.04847366469806, 12.04847366469806, 12.04847366469806, 12.04847366469806, 12.04847366469806, 12.04847366469806, 12.04847366469806, 12.04847366469806, 12.04847366469806, 12.04847366469806, 12.04847366469806, 12.04847366469806, 12.04847366469806, 12.04847366469806, 12.04847366469806, 12.04847366469806, 12.04847366469806, 12.04847366469806, 12.04847366469806, 12.04847366469806, 12.04847366469806, 12.04847366469806, 12.04847366469806, 12.04847366469806, 12.04847366469806, 12.04847366469806, 12.04847366469806, 12.04847366469806, 12.04847366469806, 12.04847366469806, 12.04847366469806, 12.04847366469806, 12.04847366469806, 12.04847366469806, 12.04847366469806, 12.04847366469806, 12.04847366469806, 12.04847366469806, 12.04847366469806, 12.04847366469806, 12.04847366469806, 12.04847366469806, 12.04847366469806, 12.04847366469806, 12.04847366469806, 12.04847366469806, 12.04847366469806, 12.04847366469806, 12.04847366469806, 12.04847366469806, 12.04847366469806, 12.04847366469806, 12.04847366469806, 12.04847366469806, 12.04847366469806, 12.04847366469806, 12.04847366469806, 12.04847366469806, 12.04847366469806, 12.04847366469806, 12.04847366469806, 12.04847366469806, 12.04847366469806, 12.04847366469806, 12.04847366469806], "lambda_inter_max": [1.8471965283523388, 1.8471965283523388, 1.8471965283523388, 1.8471965283523388, 1.8471965283523388, 1.8471965283523388, 1.8471965283523388, 1.8471965283523388, 1.8471965283523388, 1.8471965283523388, 1.8471965283523388, 1.8471965283523388, 1.8471965283523388, 1.8471965283523388, 1.8471965283523388, 1.8471965283523388, 1.8471965283523388, 1.8471965283523388, 1.8471965283523388, 1.8471965283523388, 1.8471965283523388, 1.8471965283523388, 1.8471965283523388, 1.8471965283523388, 1.8471965283523388, 1.8471965283523388, 1.8471965283523388, 1.8471965283523388, 1.8471965283523388, 1.8471965283523388, 1.8471965283523388, 1.8471965283523388, 1.8471965283523388, 1.8471965283523388, 1.8471965283523388, 1.8471965283523388, 1.8471965283523388, 1.8471965283523388, 1.8471965283523388, 1.8471965283523388, 1.8471965283523388, 1.8471965283523388, 1.8471965283523388, 1.8471965283523388, 1.8471965283523388, 1.8471965283523388, 1.8471965283523388, 1.8471965283523388, 1.8471965283523388, 1.8471965283523388, 1.8471965283523388, 1.8471965283523388, 1.8471965283523388, 1.8471965283523388, 1.8471965283523388, 1.8471965283523388, 1.8471965283523388, 1.8471965283523388, 1.8471965283523388, 1.8471965283523388, 1.8471965283523388, 1.8471965283523388, 1.8471965283523388, 1.8471965283523388, 1.8471965283523388, 1.8471965283523388, 1.8471965283523388, 1.8471965283523388, 1.8471965283523388, 1.8471965283523388, 1.8471965283523388, 1.8471965283523388, 1.8471965283523388, 1.8471965283523388, 1.8471965283523388, 1.8471965283523388, 1.8471965283523388, 1.8471965283523388, 1.8471965283523388, 1.8471965283523388, 1.8471965283523388, 1.8471965283523388, 1.8471965283523388, 1.8471965283523388, 1.8471965283523388, 1.8471965283523388, 1.8471965283523388, 1.8471965283523388, 1.8471965283523388, 1.8471965283523388, 1.8471965283523388, 1.8471965283523388, 1.8471965283523388, 1.8471965283523388, 1.8471965283523388, 1.8471965283523388, 1.8471965283523388, 1.8471965283523388, 1.8471965283523388, 1.8471965283523388], "lambda_reginter": [0.0, 1.3387192960775622, 2.6774385921551245, 4.016157888232687, 5.354877184310249, 6.693596480387811, 8.032315776465374, 9.371035072542936, 10.709754368620498, 12.04847366469806, 0.0, 1.3387192960775622, 2.6774385921551245, 4.016157888232687, 5.354877184310249, 6.693596480387811, 8.032315776465374, 9.371035072542936, 10.709754368620498, 12.04847366469806, 0.0, 1.3387192960775622, 2.6774385921551245, 4.016157888232687, 5.354877184310249, 6.693596480387811, 8.032315776465374, 9.371035072542936, 10.709754368620498, 12.04847366469806, 0.0, 1.3387192960775622, 2.6774385921551245, 4.016157888232687, 5.354877184310249, 6.693596480387811, 8.032315776465374, 9.371035072542936, 10.709754368620498, 12.04847366469806, 0.0, 1.3387192960775622, 2.6774385921551245, 4.016157888232687, 5.354877184310249, 6.693596480387811, 8.032315776465374, 9.371035072542936, 10.709754368620498, 12.04847366469806, 0.0, 1.3387192960775622, 2.6774385921551245, 4.016157888232687, 5.354877184310249, 6.693596480387811, 8.032315776465374, 9.371035072542936, 10.709754368620498, 12.04847366469806, 0.0, 1.3387192960775622, 2.6774385921551245, 4.016157888232687, 5.354877184310249, 6.693596480387811, 8.032315776465374, 9.371035072542936, 10.709754368620498, 12.04847366469806, 0.0, 1.3387192960775622, 2.6774385921551245, 4.016157888232687, 5.354877184310249, 6.693596480387811, 8.032315776465374, 9.371035072542936, 10.709754368620498, 12.04847366469806, 0.0, 1.3387192960775622, 2.6774385921551245, 4.016157888232687, 5.354877184310249, 6.693596480387811, 8.032315776465374, 9.371035072542936, 10.709754368620498, 12.04847366469806, 0.0, 1.3387192960775622, 2.6774385921551245, 4.016157888232687, 5.354877184310249, 6.693596480387811, 8.032315776465374, 9.371035072542936, 10.709754368620498, 12.04847366469806],