{"lambda_reginter_max": 42.50237720401711, "lambda_inter_max": 0.4703871920657202}