{"n": [1000, 1000, 1000, 1000, 1000, 1000, 1000, 1000, 1000, 1000, 1000, 1000, 1000, 1000, 1000, 1000, 1000, 1000, 1000, 1000, 1000, 1000, 1000, 1000, 1000, 1000, 1000, 1000, 1000, 1000, 1000, 1000, 1000, 1000, 1000, 1000, 1000, 1000, 1000, 1000, 1000, 1000, 1000, 1000, 1000, 1000, 1000, 1000, 1000, 1000, 1000, 1000, 1000, 1000, 1000, 1000, 1000, 1000, 1000, 1000, 1000, 1000, 1000, 1000, 1000, 1000, 1000, 1000, 1000, 1000, 1000, 1000, 1000, 1000, 1000, 1000, 1000, 1000, 1000, 1000, 1000, 1000, 1000, 1000, 1000, 1000, 1000, 1000, 1000, 1000, 1000, 1000, 1000, 1000, 1000, 1000, 1000, 1000, 1000, 1000], "rep": [21, 21, 21, 21, 21, 21, 21, 21, 21, 21, 21, 21, 21, 21, 21, 21, 21, 21, 21, 21, 21, 21, 21, 21, 21, 21, 21, 21, 21, 21, 21, 21, 21, 21, 21, 21, 21, 21, 21, 21, 21, 21, 21, 21, 21, 21, 21, 21, 21, 21, 21, 21, 21, 21, 21, 21, 21, 21, 21, 21, 21, 21, 21, 21, 21, 21, 21, 21, 21, 21, 21, 21, 21, 21, 21, 21, 21, 21, 21, 21, 21, 21, 21, 21, 21, 21, 21, 21, 21, 21, 21, 21, 21, 21, 21, 21, 21, 21, 21, 21], "lambda_reginter_max": [11.96742866913717, 11.96742866913717, 11.96742866913717, 11.96742866913717, 11.96742866913717, 11.96742866913717, 11.96742866913717, 11.96742866913717, 11.96742866913717, 11.96742866913717, 11.96742866913717, 11.96742866913717, 11.96742866913717, 11.96742866913717, 11.96742866913717, 11.96742866913717, 11.96742866913717, 11.96742866913717, 11.96742866913717, 11.96742866913717, 11.96742866913717, 11.96742866913717, 11.96742866913717, 11.96742866913717, 11.96742866913717, 11.96742866913717, 11.96742866913717, 11.96742866913717, 11.96742866913717, 11.96742866913717, 11.96742866913717, 11.96742866913717, 11.96742866913717, 11.96742866913717, 11.96742866913717, 11.96742866913717, 11.96742866913717, 11.96742866913717, 11.96742866913717, 11.96742866913717, 11.96742866913717, 11.96742866913717, 11.96742866913717, 11.96742866913717, 11.96742866913717, 11.96742866913717, 11.96742866913717, 11.96742866913717, 11.96742866913717, 11.96742866913717, 11.96742866913717, 11.96742866913717, 11.96742866913717, 11.96742866913717, 11.96742866913717, 11.96742866913717, 11.96742866913717, 11.96742866913717, 11.96742866913717, 11.96742866913717, 11.96742866913717, 11.96742866913717, 11.96742866913717, 11.96742866913717, 11.96742866913717, 11.96742866913717, 11.96742866913717, 11.96742866913717, 11.96742866913717, 11.96742866913717, 11.96742866913717, 11.96742866913717, 11.96742866913717, 11.96742866913717, 11.96742866913717, 11.96742866913717, 11.96742866913717, 11.96742866913717, 11.96742866913717, 11.96742866913717, 11.96742866913717, 11.96742866913717, 11.96742866913717, 11.96742866913717, 11.96742866913717, 11.96742866913717, 11.96742866913717, 11.96742866913717, 11.96742866913717, 11.96742866913717, 11.96742866913717, 11.96742866913717, 11.96742866913717, 11.96742866913717, 11.96742866913717, 11.96742866913717, 11.96742866913717, 11.96742866913717, 11.96742866913717, 11.96742866913717], "lambda_inter_max": [2.1133293232972044, 2.1133293232972044, 2.1133293232972044, 2.1133293232972044, 2.1133293232972044, 2.1133293232972044, 2.1133293232972044, 2.1133293232972044, 2.1133293232972044, 2.1133293232972044, 2.1133293232972044, 2.1133293232972044, 2.1133293232972044, 2.1133293232972044, 2.1133293232972044, 2.1133293232972044, 2.1133293232972044, 2.1133293232972044, 2.1133293232972044, 2.1133293232972044, 2.1133293232972044, 2.1133293232972044, 2.1133293232972044, 2.1133293232972044, 2.1133293232972044, 2.1133293232972044, 2.1133293232972044, 2.1133293232972044, 2.1133293232972044, 2.1133293232972044, 2.1133293232972044, 2.1133293232972044, 2.1133293232972044, 2.1133293232972044, 2.1133293232972044, 2.1133293232972044, 2.1133293232972044, 2.1133293232972044, 2.1133293232972044, 2.1133293232972044, 2.1133293232972044, 2.1133293232972044, 2.1133293232972044, 2.1133293232972044, 2.1133293232972044, 2.1133293232972044, 2.1133293232972044, 2.1133293232972044, 2.1133293232972044, 2.1133293232972044, 2.1133293232972044, 2.1133293232972044, 2.1133293232972044, 2.1133293232972044, 2.1133293232972044, 2.1133293232972044, 2.1133293232972044, 2.1133293232972044, 2.1133293232972044, 2.1133293232972044, 2.1133293232972044, 2.1133293232972044, 2.1133293232972044, 2.1133293232972044, 2.1133293232972044, 2.1133293232972044, 2.1133293232972044, 2.1133293232972044, 2.1133293232972044, 2.1133293232972044, 2.1133293232972044, 2.1133293232972044, 2.1133293232972044, 2.1133293232972044, 2.1133293232972044, 2.1133293232972044, 2.1133293232972044, 2.1133293232972044, 2.1133293232972044, 2.1133293232972044, 2.1133293232972044, 2.1133293232972044, 2.1133293232972044, 2.1133293232972044, 2.1133293232972044, 2.1133293232972044, 2.1133293232972044, 2.1133293232972044, 2.1133293232972044, 2.1133293232972044, 2.1133293232972044, 2.1133293232972044, 2.1133293232972044, 2.1133293232972044, 2.1133293232972044, 2.1133293232972044, 2.1133293232972044, 2.1133293232972044, 2.1133293232972044, 2.1133293232972044], "lambda_reginter": [0.0, 1.3297142965707966, 2.6594285931415933, 3.98914288971239, 5.318857186283187, 6.648571482853983, 7.97828577942478, 9.308000075995576, 10.637714372566373, 11.96742866913717, 0.0, 1.3297142965707966, 2.6594285931415933, 3.98914288971239, 5.318857186283187, 6.648571482853983, 7.97828577942478, 9.308000075995576, 10.637714372566373, 11.96742866913717, 0.0, 1.3297142965707966, 2.6594285931415933, 3.98914288971239, 5.318857186283187, 6.648571482853983, 7.97828577942478, 9.308000075995576, 10.637714372566373, 11.96742866913717, 0.0, 1.3297142965707966, 2.6594285931415933, 3.98914288971239, 5.318857186283187, 6.648571482853983, 7.97828577942478, 9.308000075995576, 10.637714372566373, 11.96742866913717, 0.0, 1.3297142965707966, 2.6594285931415933, 3.98914288971239, 5.318857186283187, 6.648571482853983, 7.97828577942478, 9.308000075995576, 10.637714372566373, 11.96742866913717, 0.0, 1.3297142965707966, 2.6594285931415933, 3.98914288971239, 5.318857186283187, 6.648571482853983, 7.97828577942478, 9.308000075995576, 10.637714372566373, 11.96742866913717, 0.0, 1.3297142965707966, 2.6594285931415933, 3.98914288971239, 5.318857186283187, 6.648571482853983, 7.97828577942478, 9.308000075995576, 10.637714372566373, 11.96742866913717, 0.0, 1.3297142965707966, 2.6594285931415933, 3.98914288971239, 5.318857186283187, 6.648571482853983, 7.97828577942478, 9.308000075995576, 10.637714372566373, 11.96742866913717, 0.0, 1.3297142965707966, 2.6594285931415933, 3.98914288971239, 5.318857186283187, 6.648571482853983, 7.97828577942478, 9.308000075995576, 10.637714372566373, 11.96742866913717, 0.0, 1.3297142965707966, 2.6594285931415933, 3.98914288971239, 5.318857186283187, 6.648571482853983, 7.97828577942478, 9.308000075995576, 10.637714372566373, 11.96742866913717],