{"n": [500, 500, 500, 500, 500, 500, 500, 500, 500, 500, 500, 500, 500, 500, 500, 500, 500, 500, 500, 500, 500, 500, 500, 500, 500, 500, 500, 500, 500, 500, 500, 500, 500, 500, 500, 500, 500, 500, 500, 500, 500, 500, 500, 500, 500, 500, 500, 500, 500, 500, 500, 500, 500, 500, 500, 500, 500, 500, 500, 500, 500, 500, 500, 500, 500, 500, 500, 500, 500, 500, 500, 500, 500, 500, 500, 500, 500, 500, 500, 500, 500, 500, 500, 500, 500, 500, 500, 500, 500, 500, 500, 500, 500, 500, 500, 500, 500, 500, 500, 500], "rep": [85, 85, 85, 85, 85, 85, 85, 85, 85, 85, 85, 85, 85, 85, 85, 85, 85, 85, 85, 85, 85, 85, 85, 85, 85, 85, 85, 85, 85, 85, 85, 85, 85, 85, 85, 85, 85, 85, 85, 85, 85, 85, 85, 85, 85, 85, 85, 85, 85, 85, 85, 85, 85, 85, 85, 85, 85, 85, 85, 85, 85, 85, 85, 85, 85, 85, 85, 85, 85, 85, 85, 85, 85, 85, 85, 85, 85, 85, 85, 85, 85, 85, 85, 85, 85, 85, 85, 85, 85, 85, 85, 85, 85, 85, 85, 85, 85, 85, 85, 85], "lambda_reginter_max": [14.202353684456984, 14.202353684456984, 14.202353684456984, 14.202353684456984, 14.202353684456984, 14.202353684456984, 14.202353684456984, 14.202353684456984, 14.202353684456984, 14.202353684456984, 14.202353684456984, 14.202353684456984, 14.202353684456984, 14.202353684456984, 14.202353684456984, 14.202353684456984, 14.202353684456984, 14.202353684456984, 14.202353684456984, 14.202353684456984, 14.202353684456984, 14.202353684456984, 14.202353684456984, 14.202353684456984, 14.202353684456984, 14.202353684456984, 14.202353684456984, 14.202353684456984, 14.202353684456984, 14.202353684456984, 14.202353684456984, 14.202353684456984, 14.202353684456984, 14.202353684456984, 14.202353684456984, 14.202353684456984, 14.202353684456984, 14.202353684456984, 14.202353684456984, 14.202353684456984, 14.202353684456984, 14.202353684456984, 14.202353684456984, 14.202353684456984, 14.202353684456984, 14.202353684456984, 14.202353684456984, 14.202353684456984, 14.202353684456984, 14.202353684456984, 14.202353684456984, 14.202353684456984, 14.202353684456984, 14.202353684456984, 14.202353684456984, 14.202353684456984, 14.202353684456984, 14.202353684456984, 14.202353684456984, 14.202353684456984, 14.202353684456984, 14.202353684456984, 14.202353684456984, 14.202353684456984, 14.202353684456984, 14.202353684456984, 14.202353684456984, 14.202353684456984, 14.202353684456984, 14.202353684456984, 14.202353684456984, 14.202353684456984, 14.202353684456984, 14.202353684456984, 14.202353684456984, 14.202353684456984, 14.202353684456984, 14.202353684456984, 14.202353684456984, 14.202353684456984, 14.202353684456984, 14.202353684456984, 14.202353684456984, 14.202353684456984, 14.202353684456984, 14.202353684456984, 14.202353684456984, 14.202353684456984, 14.202353684456984, 14.202353684456984, 14.202353684456984, 14.202353684456984, 14.202353684456984, 14.202353684456984, 14.202353684456984, 14.202353684456984, 14.202353684456984, 14.202353684456984, 14.202353684456984, 14.202353684456984], "lambda_inter_max": [2.2644136948354556, 2.2644136948354556, 2.2644136948354556, 2.2644136948354556, 2.2644136948354556, 2.2644136948354556, 2.2644136948354556, 2.2644136948354556, 2.2644136948354556, 2.2644136948354556, 2.2644136948354556, 2.2644136948354556, 2.2644136948354556, 2.2644136948354556, 2.2644136948354556, 2.2644136948354556, 2.2644136948354556, 2.2644136948354556, 2.2644136948354556, 2.2644136948354556, 2.2644136948354556, 2.2644136948354556, 2.2644136948354556, 2.2644136948354556, 2.2644136948354556, 2.2644136948354556, 2.2644136948354556, 2.2644136948354556, 2.2644136948354556, 2.2644136948354556, 2.2644136948354556, 2.2644136948354556, 2.2644136948354556, 2.2644136948354556, 2.2644136948354556, 2.2644136948354556, 2.2644136948354556, 2.2644136948354556, 2.2644136948354556, 2.2644136948354556, 2.2644136948354556, 2.2644136948354556, 2.2644136948354556, 2.2644136948354556, 2.2644136948354556, 2.2644136948354556, 2.2644136948354556, 2.2644136948354556, 2.2644136948354556, 2.2644136948354556, 2.2644136948354556, 2.2644136948354556, 2.2644136948354556, 2.2644136948354556, 2.2644136948354556, 2.2644136948354556, 2.2644136948354556, 2.2644136948354556, 2.2644136948354556, 2.2644136948354556, 2.2644136948354556, 2.2644136948354556, 2.2644136948354556, 2.2644136948354556, 2.2644136948354556, 2.2644136948354556, 2.2644136948354556, 2.2644136948354556, 2.2644136948354556, 2.2644136948354556, 2.2644136948354556, 2.2644136948354556, 2.2644136948354556, 2.2644136948354556, 2.2644136948354556, 2.2644136948354556, 2.2644136948354556, 2.2644136948354556, 2.2644136948354556, 2.2644136948354556, 2.2644136948354556, 2.2644136948354556, 2.2644136948354556, 2.2644136948354556, 2.2644136948354556, 2.2644136948354556, 2.2644136948354556, 2.2644136948354556, 2.2644136948354556, 2.2644136948354556, 2.2644136948354556, 2.2644136948354556, 2.2644136948354556, 2.2644136948354556, 2.2644136948354556, 2.2644136948354556, 2.2644136948354556, 2.2644136948354556, 2.2644136948354556, 2.2644136948354556], "lambda_reginter": [0.0, 1.5780392982729983, 3.1560785965459965, 4.734117894818995, 6.312157193091993, 7.890196491364991, 9.46823578963799, 11.046275087910988, 12.624314386183986, 14.202353684456984, 0.0, 1.5780392982729983, 3.1560785965459965, 4.734117894818995, 6.312157193091993, 7.890196491364991, 9.46823578963799, 11.046275087910988, 12.624314386183986, 14.202353684456984, 0.0, 1.5780392982729983, 3.1560785965459965, 4.734117894818995, 6.312157193091993, 7.890196491364991, 9.46823578963799, 11.046275087910988, 12.624314386183986, 14.202353684456984, 0.0, 1.5780392982729983, 3.1560785965459965, 4.734117894818995, 6.312157193091993, 7.890196491364991, 9.46823578963799, 11.046275087910988, 12.624314386183986, 14.202353684456984, 0.0, 1.5780392982729983, 3.1560785965459965, 4.734117894818995, 6.312157193091993, 7.890196491364991, 9.46823578963799, 11.046275087910988, 12.624314386183986, 14.202353684456984, 0.0, 1.5780392982729983, 3.1560785965459965, 4.734117894818995, 6.312157193091993, 7.890196491364991, 9.46823578963799, 11.046275087910988, 12.624314386183986, 14.202353684456984, 0.0, 1.5780392982729983, 3.1560785965459965, 4.734117894818995, 6.312157193091993, 7.890196491364991, 9.46823578963799, 11.046275087910988, 12.624314386183986, 14.202353684456984, 0.0, 1.5780392982729983, 3.1560785965459965, 4.734117894818995, 6.312157193091993, 7.890196491364991, 9.46823578963799, 11.046275087910988, 12.624314386183986, 14.202353684456984, 0.0, 1.5780392982729983, 3.1560785965459965, 4.734117894818995, 6.312157193091993, 7.890196491364991, 9.46823578963799, 11.046275087910988, 12.624314386183986, 14.202353684456984, 0.0, 1.5780392982729983, 3.1560785965459965, 4.734117894818995, 6.312157193091993, 7.890196491364991, 9.46823578963799, 11.046275087910988, 12.624314386183986, 14.202353684456984],