{"n": [1000, 1000, 1000, 1000, 1000, 1000, 1000, 1000, 1000, 1000, 1000, 1000, 1000, 1000, 1000, 1000, 1000, 1000, 1000, 1000, 1000, 1000, 1000, 1000, 1000, 1000, 1000, 1000, 1000, 1000, 1000, 1000, 1000, 1000, 1000, 1000, 1000, 1000, 1000, 1000, 1000, 1000, 1000, 1000, 1000, 1000, 1000, 1000, 1000, 1000, 1000, 1000, 1000, 1000, 1000, 1000, 1000, 1000, 1000, 1000, 1000, 1000, 1000, 1000, 1000, 1000, 1000, 1000, 1000, 1000, 1000, 1000, 1000, 1000, 1000, 1000, 1000, 1000, 1000, 1000, 1000, 1000, 1000, 1000, 1000, 1000, 1000, 1000, 1000, 1000, 1000, 1000, 1000, 1000, 1000, 1000, 1000, 1000, 1000, 1000], "rep": [77, 77, 77, 77, 77, 77, 77, 77, 77, 77, 77, 77, 77, 77, 77, 77, 77, 77, 77, 77, 77, 77, 77, 77, 77, 77, 77, 77, 77, 77, 77, 77, 77, 77, 77, 77, 77, 77, 77, 77, 77, 77, 77, 77, 77, 77, 77, 77, 77, 77, 77, 77, 77, 77, 77, 77, 77, 77, 77, 77, 77, 77, 77, 77, 77, 77, 77, 77, 77, 77, 77, 77, 77, 77, 77, 77, 77, 77, 77, 77, 77, 77, 77, 77, 77, 77, 77, 77, 77, 77, 77, 77, 77, 77, 77, 77, 77, 77, 77, 77], "lambda_reginter_max": [10.465172164011657, 10.465172164011657, 10.465172164011657, 10.465172164011657, 10.465172164011657, 10.465172164011657, 10.465172164011657, 10.465172164011657, 10.465172164011657, 10.465172164011657, 10.465172164011657, 10.465172164011657, 10.465172164011657, 10.465172164011657, 10.465172164011657, 10.465172164011657, 10.465172164011657, 10.465172164011657, 10.465172164011657, 10.465172164011657, 10.465172164011657, 10.465172164011657, 10.465172164011657, 10.465172164011657, 10.465172164011657, 10.465172164011657, 10.465172164011657, 10.465172164011657, 10.465172164011657, 10.465172164011657, 10.465172164011657, 10.465172164011657, 10.465172164011657, 10.465172164011657, 10.465172164011657, 10.465172164011657, 10.465172164011657, 10.465172164011657, 10.465172164011657, 10.465172164011657, 10.465172164011657, 10.465172164011657, 10.465172164011657, 10.465172164011657, 10.465172164011657, 10.465172164011657, 10.465172164011657, 10.465172164011657, 10.465172164011657, 10.465172164011657, 10.465172164011657, 10.465172164011657, 10.465172164011657, 10.465172164011657, 10.465172164011657, 10.465172164011657, 10.465172164011657, 10.465172164011657, 10.465172164011657, 10.465172164011657, 10.465172164011657, 10.465172164011657, 10.465172164011657, 10.465172164011657, 10.465172164011657, 10.465172164011657, 10.465172164011657, 10.465172164011657, 10.465172164011657, 10.465172164011657, 10.465172164011657, 10.465172164011657, 10.465172164011657, 10.465172164011657, 10.465172164011657, 10.465172164011657, 10.465172164011657, 10.465172164011657, 10.465172164011657, 10.465172164011657, 10.465172164011657, 10.465172164011657, 10.465172164011657, 10.465172164011657, 10.465172164011657, 10.465172164011657, 10.465172164011657, 10.465172164011657, 10.465172164011657, 10.465172164011657, 10.465172164011657, 10.465172164011657, 10.465172164011657, 10.465172164011657, 10.465172164011657, 10.465172164011657, 10.465172164011657, 10.465172164011657, 10.465172164011657, 10.465172164011657], "lambda_inter_max": [1.8949636565374506, 1.8949636565374506, 1.8949636565374506, 1.8949636565374506, 1.8949636565374506, 1.8949636565374506, 1.8949636565374506, 1.8949636565374506, 1.8949636565374506, 1.8949636565374506, 1.8949636565374506, 1.8949636565374506, 1.8949636565374506, 1.8949636565374506, 1.8949636565374506, 1.8949636565374506, 1.8949636565374506, 1.8949636565374506, 1.8949636565374506, 1.8949636565374506, 1.8949636565374506, 1.8949636565374506, 1.8949636565374506, 1.8949636565374506, 1.8949636565374506, 1.8949636565374506, 1.8949636565374506, 1.8949636565374506, 1.8949636565374506, 1.8949636565374506, 1.8949636565374506, 1.8949636565374506, 1.8949636565374506, 1.8949636565374506, 1.8949636565374506, 1.8949636565374506, 1.8949636565374506, 1.8949636565374506, 1.8949636565374506, 1.8949636565374506, 1.8949636565374506, 1.8949636565374506, 1.8949636565374506, 1.8949636565374506, 1.8949636565374506, 1.8949636565374506, 1.8949636565374506, 1.8949636565374506, 1.8949636565374506, 1.8949636565374506, 1.8949636565374506, 1.8949636565374506, 1.8949636565374506, 1.8949636565374506, 1.8949636565374506, 1.8949636565374506, 1.8949636565374506, 1.8949636565374506, 1.8949636565374506, 1.8949636565374506, 1.8949636565374506, 1.8949636565374506, 1.8949636565374506, 1.8949636565374506, 1.8949636565374506, 1.8949636565374506, 1.8949636565374506, 1.8949636565374506, 1.8949636565374506, 1.8949636565374506, 1.8949636565374506, 1.8949636565374506, 1.8949636565374506, 1.8949636565374506, 1.8949636565374506, 1.8949636565374506, 1.8949636565374506, 1.8949636565374506, 1.8949636565374506, 1.8949636565374506, 1.8949636565374506, 1.8949636565374506, 1.8949636565374506, 1.8949636565374506, 1.8949636565374506, 1.8949636565374506, 1.8949636565374506, 1.8949636565374506, 1.8949636565374506, 1.8949636565374506, 1.8949636565374506, 1.8949636565374506, 1.8949636565374506, 1.8949636565374506, 1.8949636565374506, 1.8949636565374506, 1.8949636565374506, 1.8949636565374506, 1.8949636565374506, 1.8949636565374506], "lambda_reginter": [0.0, 1.1627969071124062, 2.3255938142248125, 3.4883907213372187, 4.651187628449625, 5.813984535562032, 6.9767814426744375, 8.139578349786843, 9.30237525689925, 10.465172164011657, 0.0, 1.1627969071124062, 2.3255938142248125, 3.4883907213372187, 4.651187628449625, 5.813984535562032, 6.9767814426744375, 8.139578349786843, 9.30237525689925, 10.465172164011657, 0.0, 1.1627969071124062, 2.3255938142248125, 3.4883907213372187, 4.651187628449625, 5.813984535562032, 6.9767814426744375, 8.139578349786843, 9.30237525689925, 10.465172164011657, 0.0, 1.1627969071124062, 2.3255938142248125, 3.4883907213372187, 4.651187628449625, 5.813984535562032, 6.9767814426744375, 8.139578349786843, 9.30237525689925, 10.465172164011657, 0.0, 1.1627969071124062, 2.3255938142248125, 3.4883907213372187, 4.651187628449625, 5.813984535562032, 6.9767814426744375, 8.139578349786843, 9.30237525689925, 10.465172164011657, 0.0, 1.1627969071124062, 2.3255938142248125, 3.4883907213372187, 4.651187628449625, 5.813984535562032, 6.9767814426744375, 8.139578349786843, 9.30237525689925, 10.465172164011657, 0.0, 1.1627969071124062, 2.3255938142248125, 3.4883907213372187, 4.651187628449625, 5.813984535562032, 6.9767814426744375, 8.139578349786843, 9.30237525689925, 10.465172164011657, 0.0, 1.1627969071124062, 2.3255938142248125, 3.4883907213372187, 4.651187628449625, 5.813984535562032, 6.9767814426744375, 8.139578349786843, 9.30237525689925, 10.465172164011657, 0.0, 1.1627969071124062, 2.3255938142248125, 3.4883907213372187, 4.651187628449625, 5.813984535562032, 6.9767814426744375, 8.139578349786843, 9.30237525689925, 10.465172164011657, 0.0, 1.1627969071124062, 2.3255938142248125, 3.4883907213372187, 4.651187628449625, 5.813984535562032, 6.9767814426744375, 8.139578349786843, 9.30237525689925, 10.465172164011657],