{"n": [200], "rep": [0], "lambda_reginter_max": [0.04853822743054214], "lambda_inter_max": [0.13171702492028847], "lambda_reginter": [0.04853822743054214], "lambda_inter": [0.13171702492028847], "i_lambda_reginter": [0], "i_lambda_inter": [0], "time_pnopt": [69.27463940200005], "time_refit": [5.595116838999957], "FPR_VS": [0.0], "FNR_VS": [0.0], "FPR_CI": [0.0], "FNR_CI": [1.0], "FPR_CI_SH": [0.0], "FNR_CI_SH": [1.0], "AUC_TEST": [0.5472116996211863], "AUC_TEST_pop": [0.5930013480485297], "AUC_VAL": [0.5399439495545991], "ELL_VAL": [0.3680608175538411], "AIC": [15114.606140094016], "BIC": [15493.91263724704], "JR_PEN": [0.9940868228430887], "JR_PER": [1.4058510670410764], "JR_SA": [96.23393562058432], "JSPN_PEN": [0.8990049603979758], "JSPN_PER": [1.2713850076355049], "JSPN_SA": [64.02758040671513]}