{"lambda_reginter_max": 3.82058838430454, "lambda_inter_max": 0.06247555352184413}