{"lambda_reginter_max": 97.62147140907527, "lambda_inter_max": 6.181657090169627}