{"n": [1000, 1000, 1000, 1000, 1000, 1000, 1000, 1000, 1000, 1000, 1000, 1000, 1000, 1000, 1000, 1000, 1000, 1000, 1000, 1000, 1000, 1000, 1000, 1000, 1000, 1000, 1000, 1000, 1000, 1000, 1000, 1000, 1000, 1000, 1000, 1000, 1000, 1000, 1000, 1000, 1000, 1000, 1000, 1000, 1000, 1000, 1000, 1000, 1000, 1000, 1000, 1000, 1000, 1000, 1000, 1000, 1000, 1000, 1000, 1000, 1000, 1000, 1000, 1000, 1000, 1000, 1000, 1000, 1000, 1000, 1000, 1000, 1000, 1000, 1000, 1000, 1000, 1000, 1000, 1000, 1000, 1000, 1000, 1000, 1000, 1000, 1000, 1000, 1000, 1000, 1000, 1000, 1000, 1000, 1000, 1000, 1000, 1000, 1000, 1000], "rep": [103, 103, 103, 103, 103, 103, 103, 103, 103, 103, 103, 103, 103, 103, 103, 103, 103, 103, 103, 103, 103, 103, 103, 103, 103, 103, 103, 103, 103, 103, 103, 103, 103, 103, 103, 103, 103, 103, 103, 103, 103, 103, 103, 103, 103, 103, 103, 103, 103, 103, 103, 103, 103, 103, 103, 103, 103, 103, 103, 103, 103, 103, 103, 103, 103, 103, 103, 103, 103, 103, 103, 103, 103, 103, 103, 103, 103, 103, 103, 103, 103, 103, 103, 103, 103, 103, 103, 103, 103, 103, 103, 103, 103, 103, 103, 103, 103, 103, 103, 103], "lambda_reginter_max": [15.716677593534355, 15.716677593534355, 15.716677593534355, 15.716677593534355, 15.716677593534355, 15.716677593534355, 15.716677593534355, 15.716677593534355, 15.716677593534355, 15.716677593534355, 15.716677593534355, 15.716677593534355, 15.716677593534355, 15.716677593534355, 15.716677593534355, 15.716677593534355, 15.716677593534355, 15.716677593534355, 15.716677593534355, 15.716677593534355, 15.716677593534355, 15.716677593534355, 15.716677593534355, 15.716677593534355, 15.716677593534355, 15.716677593534355, 15.716677593534355, 15.716677593534355, 15.716677593534355, 15.716677593534355, 15.716677593534355, 15.716677593534355, 15.716677593534355, 15.716677593534355, 15.716677593534355, 15.716677593534355, 15.716677593534355, 15.716677593534355, 15.716677593534355, 15.716677593534355, 15.716677593534355, 15.716677593534355, 15.716677593534355, 15.716677593534355, 15.716677593534355, 15.716677593534355, 15.716677593534355, 15.716677593534355, 15.716677593534355, 15.716677593534355, 15.716677593534355, 15.716677593534355, 15.716677593534355, 15.716677593534355, 15.716677593534355, 15.716677593534355, 15.716677593534355, 15.716677593534355, 15.716677593534355, 15.716677593534355, 15.716677593534355, 15.716677593534355, 15.716677593534355, 15.716677593534355, 15.716677593534355, 15.716677593534355, 15.716677593534355, 15.716677593534355, 15.716677593534355, 15.716677593534355, 15.716677593534355, 15.716677593534355, 15.716677593534355, 15.716677593534355, 15.716677593534355, 15.716677593534355, 15.716677593534355, 15.716677593534355, 15.716677593534355, 15.716677593534355, 15.716677593534355, 15.716677593534355, 15.716677593534355, 15.716677593534355, 15.716677593534355, 15.716677593534355, 15.716677593534355, 15.716677593534355, 15.716677593534355, 15.716677593534355, 15.716677593534355, 15.716677593534355, 15.716677593534355, 15.716677593534355, 15.716677593534355, 15.716677593534355, 15.716677593534355, 15.716677593534355, 15.716677593534355, 15.716677593534355], "lambda_inter_max": [2.2690682034267735, 2.2690682034267735, 2.2690682034267735, 2.2690682034267735, 2.2690682034267735, 2.2690682034267735, 2.2690682034267735, 2.2690682034267735, 2.2690682034267735, 2.2690682034267735, 2.2690682034267735, 2.2690682034267735, 2.2690682034267735, 2.2690682034267735, 2.2690682034267735, 2.2690682034267735, 2.2690682034267735, 2.2690682034267735, 2.2690682034267735, 2.2690682034267735, 2.2690682034267735, 2.2690682034267735, 2.2690682034267735, 2.2690682034267735, 2.2690682034267735, 2.2690682034267735, 2.2690682034267735, 2.2690682034267735, 2.2690682034267735, 2.2690682034267735, 2.2690682034267735, 2.2690682034267735, 2.2690682034267735, 2.2690682034267735, 2.2690682034267735, 2.2690682034267735, 2.2690682034267735, 2.2690682034267735, 2.2690682034267735, 2.2690682034267735, 2.2690682034267735, 2.2690682034267735, 2.2690682034267735, 2.2690682034267735, 2.2690682034267735, 2.2690682034267735, 2.2690682034267735, 2.2690682034267735, 2.2690682034267735, 2.2690682034267735, 2.2690682034267735, 2.2690682034267735, 2.2690682034267735, 2.2690682034267735, 2.2690682034267735, 2.2690682034267735, 2.2690682034267735, 2.2690682034267735, 2.2690682034267735, 2.2690682034267735, 2.2690682034267735, 2.2690682034267735, 2.2690682034267735, 2.2690682034267735, 2.2690682034267735, 2.2690682034267735, 2.2690682034267735, 2.2690682034267735, 2.2690682034267735, 2.2690682034267735, 2.2690682034267735, 2.2690682034267735, 2.2690682034267735, 2.2690682034267735, 2.2690682034267735, 2.2690682034267735, 2.2690682034267735, 2.2690682034267735, 2.2690682034267735, 2.2690682034267735, 2.2690682034267735, 2.2690682034267735, 2.2690682034267735, 2.2690682034267735, 2.2690682034267735, 2.2690682034267735, 2.2690682034267735, 2.2690682034267735, 2.2690682034267735, 2.2690682034267735, 2.2690682034267735, 2.2690682034267735, 2.2690682034267735, 2.2690682034267735, 2.2690682034267735, 2.2690682034267735, 2.2690682034267735, 2.2690682034267735, 2.2690682034267735, 2.2690682034267735], "lambda_reginter": [0.0, 1.746297510392706, 3.492595020785412, 5.238892531178118, 6.985190041570824, 8.73148755196353, 10.477785062356237, 12.224082572748943, 13.970380083141649, 15.716677593534355, 0.0, 1.746297510392706, 3.492595020785412, 5.238892531178118, 6.985190041570824, 8.73148755196353, 10.477785062356237, 12.224082572748943, 13.970380083141649, 15.716677593534355, 0.0, 1.746297510392706, 3.492595020785412, 5.238892531178118, 6.985190041570824, 8.73148755196353, 10.477785062356237, 12.224082572748943, 13.970380083141649, 15.716677593534355, 0.0, 1.746297510392706, 3.492595020785412, 5.238892531178118, 6.985190041570824, 8.73148755196353, 10.477785062356237, 12.224082572748943, 13.970380083141649, 15.716677593534355, 0.0, 1.746297510392706, 3.492595020785412, 5.238892531178118, 6.985190041570824, 8.73148755196353, 10.477785062356237, 12.224082572748943, 13.970380083141649, 15.716677593534355, 0.0, 1.746297510392706, 3.492595020785412, 5.238892531178118, 6.985190041570824, 8.73148755196353, 10.477785062356237, 12.224082572748943, 13.970380083141649, 15.716677593534355, 0.0, 1.746297510392706, 3.492595020785412, 5.238892531178118, 6.985190041570824, 8.73148755196353, 10.477785062356237, 12.224082572748943, 13.970380083141649, 15.716677593534355, 0.0, 1.746297510392706, 3.492595020785412, 5.238892531178118, 6.985190041570824, 8.73148755196353, 10.477785062356237, 12.224082572748943, 13.970380083141649, 15.716677593534355, 0.0, 1.746297510392706, 3.492595020785412, 5.238892531178118, 6.985190041570824, 8.73148755196353, 10.477785062356237, 12.224082572748943, 13.970380083141649, 15.716677593534355, 0.0, 1.746297510392706, 3.492595020785412, 5.238892531178118, 6.985190041570824, 8.73148755196353, 10.477785062356237, 12.224082572748943, 13.970380083141649, 15.716677593534355],