{"lambda_reginter_max": 28.775238674050335, "lambda_inter_max": 13.555357901323704}