{"lambda_reginter_max": 33.522010640919156, "lambda_inter_max": 0.36805964801962227}