{"lambda_reginter_max": 96.80302111173894, "lambda_inter_max": 5.9479773162909515}