{"n": [1000, 1000, 1000, 1000, 1000, 1000, 1000, 1000, 1000, 1000, 1000, 1000, 1000, 1000, 1000, 1000, 1000, 1000, 1000, 1000, 1000, 1000, 1000, 1000, 1000, 1000, 1000, 1000, 1000, 1000, 1000, 1000, 1000, 1000, 1000, 1000, 1000, 1000, 1000, 1000, 1000, 1000, 1000, 1000, 1000, 1000, 1000, 1000, 1000, 1000, 1000, 1000, 1000, 1000, 1000, 1000, 1000, 1000, 1000, 1000, 1000, 1000, 1000, 1000, 1000, 1000, 1000, 1000, 1000, 1000, 1000, 1000, 1000, 1000, 1000, 1000, 1000, 1000, 1000, 1000, 1000, 1000, 1000, 1000, 1000, 1000, 1000, 1000, 1000, 1000, 1000, 1000, 1000, 1000, 1000, 1000, 1000, 1000, 1000, 1000], "rep": [49, 49, 49, 49, 49, 49, 49, 49, 49, 49, 49, 49, 49, 49, 49, 49, 49, 49, 49, 49, 49, 49, 49, 49, 49, 49, 49, 49, 49, 49, 49, 49, 49, 49, 49, 49, 49, 49, 49, 49, 49, 49, 49, 49, 49, 49, 49, 49, 49, 49, 49, 49, 49, 49, 49, 49, 49, 49, 49, 49, 49, 49, 49, 49, 49, 49, 49, 49, 49, 49, 49, 49, 49, 49, 49, 49, 49, 49, 49, 49, 49, 49, 49, 49, 49, 49, 49, 49, 49, 49, 49, 49, 49, 49, 49, 49, 49, 49, 49, 49], "lambda_reginter_max": [14.43513206985901, 14.43513206985901, 14.43513206985901, 14.43513206985901, 14.43513206985901, 14.43513206985901, 14.43513206985901, 14.43513206985901, 14.43513206985901, 14.43513206985901, 14.43513206985901, 14.43513206985901, 14.43513206985901, 14.43513206985901, 14.43513206985901, 14.43513206985901, 14.43513206985901, 14.43513206985901, 14.43513206985901, 14.43513206985901, 14.43513206985901, 14.43513206985901, 14.43513206985901, 14.43513206985901, 14.43513206985901, 14.43513206985901, 14.43513206985901, 14.43513206985901, 14.43513206985901, 14.43513206985901, 14.43513206985901, 14.43513206985901, 14.43513206985901, 14.43513206985901, 14.43513206985901, 14.43513206985901, 14.43513206985901, 14.43513206985901, 14.43513206985901, 14.43513206985901, 14.43513206985901, 14.43513206985901, 14.43513206985901, 14.43513206985901, 14.43513206985901, 14.43513206985901, 14.43513206985901, 14.43513206985901, 14.43513206985901, 14.43513206985901, 14.43513206985901, 14.43513206985901, 14.43513206985901, 14.43513206985901, 14.43513206985901, 14.43513206985901, 14.43513206985901, 14.43513206985901, 14.43513206985901, 14.43513206985901, 14.43513206985901, 14.43513206985901, 14.43513206985901, 14.43513206985901, 14.43513206985901, 14.43513206985901, 14.43513206985901, 14.43513206985901, 14.43513206985901, 14.43513206985901, 14.43513206985901, 14.43513206985901, 14.43513206985901, 14.43513206985901, 14.43513206985901, 14.43513206985901, 14.43513206985901, 14.43513206985901, 14.43513206985901, 14.43513206985901, 14.43513206985901, 14.43513206985901, 14.43513206985901, 14.43513206985901, 14.43513206985901, 14.43513206985901, 14.43513206985901, 14.43513206985901, 14.43513206985901, 14.43513206985901, 14.43513206985901, 14.43513206985901, 14.43513206985901, 14.43513206985901, 14.43513206985901, 14.43513206985901, 14.43513206985901, 14.43513206985901, 14.43513206985901, 14.43513206985901], "lambda_inter_max": [2.2388193515220878, 2.2388193515220878, 2.2388193515220878, 2.2388193515220878, 2.2388193515220878, 2.2388193515220878, 2.2388193515220878, 2.2388193515220878, 2.2388193515220878, 2.2388193515220878, 2.2388193515220878, 2.2388193515220878, 2.2388193515220878, 2.2388193515220878, 2.2388193515220878, 2.2388193515220878, 2.2388193515220878, 2.2388193515220878, 2.2388193515220878, 2.2388193515220878, 2.2388193515220878, 2.2388193515220878, 2.2388193515220878, 2.2388193515220878, 2.2388193515220878, 2.2388193515220878, 2.2388193515220878, 2.2388193515220878, 2.2388193515220878, 2.2388193515220878, 2.2388193515220878, 2.2388193515220878, 2.2388193515220878, 2.2388193515220878, 2.2388193515220878, 2.2388193515220878, 2.2388193515220878, 2.2388193515220878, 2.2388193515220878, 2.2388193515220878, 2.2388193515220878, 2.2388193515220878, 2.2388193515220878, 2.2388193515220878, 2.2388193515220878, 2.2388193515220878, 2.2388193515220878, 2.2388193515220878, 2.2388193515220878, 2.2388193515220878, 2.2388193515220878, 2.2388193515220878, 2.2388193515220878, 2.2388193515220878, 2.2388193515220878, 2.2388193515220878, 2.2388193515220878, 2.2388193515220878, 2.2388193515220878, 2.2388193515220878, 2.2388193515220878, 2.2388193515220878, 2.2388193515220878, 2.2388193515220878, 2.2388193515220878, 2.2388193515220878, 2.2388193515220878, 2.2388193515220878, 2.2388193515220878, 2.2388193515220878, 2.2388193515220878, 2.2388193515220878, 2.2388193515220878, 2.2388193515220878, 2.2388193515220878, 2.2388193515220878, 2.2388193515220878, 2.2388193515220878, 2.2388193515220878, 2.2388193515220878, 2.2388193515220878, 2.2388193515220878, 2.2388193515220878, 2.2388193515220878, 2.2388193515220878, 2.2388193515220878, 2.2388193515220878, 2.2388193515220878, 2.2388193515220878, 2.2388193515220878, 2.2388193515220878, 2.2388193515220878, 2.2388193515220878, 2.2388193515220878, 2.2388193515220878, 2.2388193515220878, 2.2388193515220878, 2.2388193515220878, 2.2388193515220878, 2.2388193515220878], "lambda_reginter": [0.0, 1.603903563317668, 3.207807126635336, 4.811710689953004, 6.415614253270672, 8.01951781658834, 9.623421379906008, 11.227324943223675, 12.831228506541343, 14.43513206985901, 0.0, 1.603903563317668, 3.207807126635336, 4.811710689953004, 6.415614253270672, 8.01951781658834, 9.623421379906008, 11.227324943223675, 12.831228506541343, 14.43513206985901, 0.0, 1.603903563317668, 3.207807126635336, 4.811710689953004, 6.415614253270672, 8.01951781658834, 9.623421379906008, 11.227324943223675, 12.831228506541343, 14.43513206985901, 0.0, 1.603903563317668, 3.207807126635336, 4.811710689953004, 6.415614253270672, 8.01951781658834, 9.623421379906008, 11.227324943223675, 12.831228506541343, 14.43513206985901, 0.0, 1.603903563317668, 3.207807126635336, 4.811710689953004, 6.415614253270672, 8.01951781658834, 9.623421379906008, 11.227324943223675, 12.831228506541343, 14.43513206985901, 0.0, 1.603903563317668, 3.207807126635336, 4.811710689953004, 6.415614253270672, 8.01951781658834, 9.623421379906008, 11.227324943223675, 12.831228506541343, 14.43513206985901, 0.0, 1.603903563317668, 3.207807126635336, 4.811710689953004, 6.415614253270672, 8.01951781658834, 9.623421379906008, 11.227324943223675, 12.831228506541343, 14.43513206985901, 0.0, 1.603903563317668, 3.207807126635336, 4.811710689953004, 6.415614253270672, 8.01951781658834, 9.623421379906008, 11.227324943223675, 12.831228506541343, 14.43513206985901, 0.0, 1.603903563317668, 3.207807126635336, 4.811710689953004, 6.415614253270672, 8.01951781658834, 9.623421379906008, 11.227324943223675, 12.831228506541343, 14.43513206985901, 0.0, 1.603903563317668, 3.207807126635336, 4.811710689953004, 6.415614253270672, 8.01951781658834, 9.623421379906008, 11.227324943223675, 12.831228506541343, 14.43513206985901],