{"n": [500, 500, 500, 500, 500, 500, 500, 500, 500, 500, 500, 500, 500, 500, 500, 500, 500, 500, 500, 500, 500, 500, 500, 500, 500, 500, 500, 500, 500, 500, 500, 500, 500, 500, 500, 500, 500, 500, 500, 500, 500, 500, 500, 500, 500, 500, 500, 500, 500, 500, 500, 500, 500, 500, 500, 500, 500, 500, 500, 500, 500, 500, 500, 500, 500, 500, 500, 500, 500, 500, 500, 500, 500, 500, 500, 500, 500, 500, 500, 500, 500, 500, 500, 500, 500, 500, 500, 500, 500, 500, 500, 500, 500, 500, 500, 500, 500, 500, 500, 500], "rep": [36, 36, 36, 36, 36, 36, 36, 36, 36, 36, 36, 36, 36, 36, 36, 36, 36, 36, 36, 36, 36, 36, 36, 36, 36, 36, 36, 36, 36, 36, 36, 36, 36, 36, 36, 36, 36, 36, 36, 36, 36, 36, 36, 36, 36, 36, 36, 36, 36, 36, 36, 36, 36, 36, 36, 36, 36, 36, 36, 36, 36, 36, 36, 36, 36, 36, 36, 36, 36, 36, 36, 36, 36, 36, 36, 36, 36, 36, 36, 36, 36, 36, 36, 36, 36, 36, 36, 36, 36, 36, 36, 36, 36, 36, 36, 36, 36, 36, 36, 36], "lambda_reginter_max": [13.91757249868077, 13.91757249868077, 13.91757249868077, 13.91757249868077, 13.91757249868077, 13.91757249868077, 13.91757249868077, 13.91757249868077, 13.91757249868077, 13.91757249868077, 13.91757249868077, 13.91757249868077, 13.91757249868077, 13.91757249868077, 13.91757249868077, 13.91757249868077, 13.91757249868077, 13.91757249868077, 13.91757249868077, 13.91757249868077, 13.91757249868077, 13.91757249868077, 13.91757249868077, 13.91757249868077, 13.91757249868077, 13.91757249868077, 13.91757249868077, 13.91757249868077, 13.91757249868077, 13.91757249868077, 13.91757249868077, 13.91757249868077, 13.91757249868077, 13.91757249868077, 13.91757249868077, 13.91757249868077, 13.91757249868077, 13.91757249868077, 13.91757249868077, 13.91757249868077, 13.91757249868077, 13.91757249868077, 13.91757249868077, 13.91757249868077, 13.91757249868077, 13.91757249868077, 13.91757249868077, 13.91757249868077, 13.91757249868077, 13.91757249868077, 13.91757249868077, 13.91757249868077, 13.91757249868077, 13.91757249868077, 13.91757249868077, 13.91757249868077, 13.91757249868077, 13.91757249868077, 13.91757249868077, 13.91757249868077, 13.91757249868077, 13.91757249868077, 13.91757249868077, 13.91757249868077, 13.91757249868077, 13.91757249868077, 13.91757249868077, 13.91757249868077, 13.91757249868077, 13.91757249868077, 13.91757249868077, 13.91757249868077, 13.91757249868077, 13.91757249868077, 13.91757249868077, 13.91757249868077, 13.91757249868077, 13.91757249868077, 13.91757249868077, 13.91757249868077, 13.91757249868077, 13.91757249868077, 13.91757249868077, 13.91757249868077, 13.91757249868077, 13.91757249868077, 13.91757249868077, 13.91757249868077, 13.91757249868077, 13.91757249868077, 13.91757249868077, 13.91757249868077, 13.91757249868077, 13.91757249868077, 13.91757249868077, 13.91757249868077, 13.91757249868077, 13.91757249868077, 13.91757249868077, 13.91757249868077], "lambda_inter_max": [2.242053116329359, 2.242053116329359, 2.242053116329359, 2.242053116329359, 2.242053116329359, 2.242053116329359, 2.242053116329359, 2.242053116329359, 2.242053116329359, 2.242053116329359, 2.242053116329359, 2.242053116329359, 2.242053116329359, 2.242053116329359, 2.242053116329359, 2.242053116329359, 2.242053116329359, 2.242053116329359, 2.242053116329359, 2.242053116329359, 2.242053116329359, 2.242053116329359, 2.242053116329359, 2.242053116329359, 2.242053116329359, 2.242053116329359, 2.242053116329359, 2.242053116329359, 2.242053116329359, 2.242053116329359, 2.242053116329359, 2.242053116329359, 2.242053116329359, 2.242053116329359, 2.242053116329359, 2.242053116329359, 2.242053116329359, 2.242053116329359, 2.242053116329359, 2.242053116329359, 2.242053116329359, 2.242053116329359, 2.242053116329359, 2.242053116329359, 2.242053116329359, 2.242053116329359, 2.242053116329359, 2.242053116329359, 2.242053116329359, 2.242053116329359, 2.242053116329359, 2.242053116329359, 2.242053116329359, 2.242053116329359, 2.242053116329359, 2.242053116329359, 2.242053116329359, 2.242053116329359, 2.242053116329359, 2.242053116329359, 2.242053116329359, 2.242053116329359, 2.242053116329359, 2.242053116329359, 2.242053116329359, 2.242053116329359, 2.242053116329359, 2.242053116329359, 2.242053116329359, 2.242053116329359, 2.242053116329359, 2.242053116329359, 2.242053116329359, 2.242053116329359, 2.242053116329359, 2.242053116329359, 2.242053116329359, 2.242053116329359, 2.242053116329359, 2.242053116329359, 2.242053116329359, 2.242053116329359, 2.242053116329359, 2.242053116329359, 2.242053116329359, 2.242053116329359, 2.242053116329359, 2.242053116329359, 2.242053116329359, 2.242053116329359, 2.242053116329359, 2.242053116329359, 2.242053116329359, 2.242053116329359, 2.242053116329359, 2.242053116329359, 2.242053116329359, 2.242053116329359, 2.242053116329359, 2.242053116329359], "lambda_reginter": [0.0, 1.5463969442978633, 3.0927938885957267, 4.63919083289359, 6.185587777191453, 7.731984721489317, 9.27838166578718, 10.824778610085044, 12.371175554382907, 13.91757249868077, 0.0, 1.5463969442978633, 3.0927938885957267, 4.63919083289359, 6.185587777191453, 7.731984721489317, 9.27838166578718, 10.824778610085044, 12.371175554382907, 13.91757249868077, 0.0, 1.5463969442978633, 3.0927938885957267, 4.63919083289359, 6.185587777191453, 7.731984721489317, 9.27838166578718, 10.824778610085044, 12.371175554382907, 13.91757249868077, 0.0, 1.5463969442978633, 3.0927938885957267, 4.63919083289359, 6.185587777191453, 7.731984721489317, 9.27838166578718, 10.824778610085044, 12.371175554382907, 13.91757249868077, 0.0, 1.5463969442978633, 3.0927938885957267, 4.63919083289359, 6.185587777191453, 7.731984721489317, 9.27838166578718, 10.824778610085044, 12.371175554382907, 13.91757249868077, 0.0, 1.5463969442978633, 3.0927938885957267, 4.63919083289359, 6.185587777191453, 7.731984721489317, 9.27838166578718, 10.824778610085044, 12.371175554382907, 13.91757249868077, 0.0, 1.5463969442978633, 3.0927938885957267, 4.63919083289359, 6.185587777191453, 7.731984721489317, 9.27838166578718, 10.824778610085044, 12.371175554382907, 13.91757249868077, 0.0, 1.5463969442978633, 3.0927938885957267, 4.63919083289359, 6.185587777191453, 7.731984721489317, 9.27838166578718, 10.824778610085044, 12.371175554382907, 13.91757249868077, 0.0, 1.5463969442978633, 3.0927938885957267, 4.63919083289359, 6.185587777191453, 7.731984721489317, 9.27838166578718, 10.824778610085044, 12.371175554382907, 13.91757249868077, 0.0, 1.5463969442978633, 3.0927938885957267, 4.63919083289359, 6.185587777191453, 7.731984721489317, 9.27838166578718, 10.824778610085044, 12.371175554382907, 13.91757249868077],