{"n": [500, 500, 500, 500, 500, 500, 500, 500, 500, 500, 500, 500, 500, 500, 500, 500, 500, 500, 500, 500, 500, 500, 500, 500, 500, 500, 500, 500, 500, 500, 500, 500, 500, 500, 500, 500, 500, 500, 500, 500, 500, 500, 500, 500, 500, 500, 500, 500, 500, 500, 500, 500, 500, 500, 500, 500, 500, 500, 500, 500, 500, 500, 500, 500, 500, 500, 500, 500, 500, 500, 500, 500, 500, 500, 500, 500, 500, 500, 500, 500, 500, 500, 500, 500, 500, 500, 500, 500, 500, 500, 500, 500, 500, 500, 500, 500, 500, 500, 500, 500], "rep": [101, 101, 101, 101, 101, 101, 101, 101, 101, 101, 101, 101, 101, 101, 101, 101, 101, 101, 101, 101, 101, 101, 101, 101, 101, 101, 101, 101, 101, 101, 101, 101, 101, 101, 101, 101, 101, 101, 101, 101, 101, 101, 101, 101, 101, 101, 101, 101, 101, 101, 101, 101, 101, 101, 101, 101, 101, 101, 101, 101, 101, 101, 101, 101, 101, 101, 101, 101, 101, 101, 101, 101, 101, 101, 101, 101, 101, 101, 101, 101, 101, 101, 101, 101, 101, 101, 101, 101, 101, 101, 101, 101, 101, 101, 101, 101, 101, 101, 101, 101], "lambda_reginter_max": [13.299292638625923, 13.299292638625923, 13.299292638625923, 13.299292638625923, 13.299292638625923, 13.299292638625923, 13.299292638625923, 13.299292638625923, 13.299292638625923, 13.299292638625923, 13.299292638625923, 13.299292638625923, 13.299292638625923, 13.299292638625923, 13.299292638625923, 13.299292638625923, 13.299292638625923, 13.299292638625923, 13.299292638625923, 13.299292638625923, 13.299292638625923, 13.299292638625923, 13.299292638625923, 13.299292638625923, 13.299292638625923, 13.299292638625923, 13.299292638625923, 13.299292638625923, 13.299292638625923, 13.299292638625923, 13.299292638625923, 13.299292638625923, 13.299292638625923, 13.299292638625923, 13.299292638625923, 13.299292638625923, 13.299292638625923, 13.299292638625923, 13.299292638625923, 13.299292638625923, 13.299292638625923, 13.299292638625923, 13.299292638625923, 13.299292638625923, 13.299292638625923, 13.299292638625923, 13.299292638625923, 13.299292638625923, 13.299292638625923, 13.299292638625923, 13.299292638625923, 13.299292638625923, 13.299292638625923, 13.299292638625923, 13.299292638625923, 13.299292638625923, 13.299292638625923, 13.299292638625923, 13.299292638625923, 13.299292638625923, 13.299292638625923, 13.299292638625923, 13.299292638625923, 13.299292638625923, 13.299292638625923, 13.299292638625923, 13.299292638625923, 13.299292638625923, 13.299292638625923, 13.299292638625923, 13.299292638625923, 13.299292638625923, 13.299292638625923, 13.299292638625923, 13.299292638625923, 13.299292638625923, 13.299292638625923, 13.299292638625923, 13.299292638625923, 13.299292638625923, 13.299292638625923, 13.299292638625923, 13.299292638625923, 13.299292638625923, 13.299292638625923, 13.299292638625923, 13.299292638625923, 13.299292638625923, 13.299292638625923, 13.299292638625923, 13.299292638625923, 13.299292638625923, 13.299292638625923, 13.299292638625923, 13.299292638625923, 13.299292638625923, 13.299292638625923, 13.299292638625923, 13.299292638625923, 13.299292638625923], "lambda_inter_max": [2.0486322095477205, 2.0486322095477205, 2.0486322095477205, 2.0486322095477205, 2.0486322095477205, 2.0486322095477205, 2.0486322095477205, 2.0486322095477205, 2.0486322095477205, 2.0486322095477205, 2.0486322095477205, 2.0486322095477205, 2.0486322095477205, 2.0486322095477205, 2.0486322095477205, 2.0486322095477205, 2.0486322095477205, 2.0486322095477205, 2.0486322095477205, 2.0486322095477205, 2.0486322095477205, 2.0486322095477205, 2.0486322095477205, 2.0486322095477205, 2.0486322095477205, 2.0486322095477205, 2.0486322095477205, 2.0486322095477205, 2.0486322095477205, 2.0486322095477205, 2.0486322095477205, 2.0486322095477205, 2.0486322095477205, 2.0486322095477205, 2.0486322095477205, 2.0486322095477205, 2.0486322095477205, 2.0486322095477205, 2.0486322095477205, 2.0486322095477205, 2.0486322095477205, 2.0486322095477205, 2.0486322095477205, 2.0486322095477205, 2.0486322095477205, 2.0486322095477205, 2.0486322095477205, 2.0486322095477205, 2.0486322095477205, 2.0486322095477205, 2.0486322095477205, 2.0486322095477205, 2.0486322095477205, 2.0486322095477205, 2.0486322095477205, 2.0486322095477205, 2.0486322095477205, 2.0486322095477205, 2.0486322095477205, 2.0486322095477205, 2.0486322095477205, 2.0486322095477205, 2.0486322095477205, 2.0486322095477205, 2.0486322095477205, 2.0486322095477205, 2.0486322095477205, 2.0486322095477205, 2.0486322095477205, 2.0486322095477205, 2.0486322095477205, 2.0486322095477205, 2.0486322095477205, 2.0486322095477205, 2.0486322095477205, 2.0486322095477205, 2.0486322095477205, 2.0486322095477205, 2.0486322095477205, 2.0486322095477205, 2.0486322095477205, 2.0486322095477205, 2.0486322095477205, 2.0486322095477205, 2.0486322095477205, 2.0486322095477205, 2.0486322095477205, 2.0486322095477205, 2.0486322095477205, 2.0486322095477205, 2.0486322095477205, 2.0486322095477205, 2.0486322095477205, 2.0486322095477205, 2.0486322095477205, 2.0486322095477205, 2.0486322095477205, 2.0486322095477205, 2.0486322095477205, 2.0486322095477205], "lambda_reginter": [0.0, 1.477699182069547, 2.955398364139094, 4.433097546208641, 5.910796728278188, 7.388495910347736, 8.866195092417282, 10.34389427448683, 11.821593456556377, 13.299292638625923, 0.0, 1.477699182069547, 2.955398364139094, 4.433097546208641, 5.910796728278188, 7.388495910347736, 8.866195092417282, 10.34389427448683, 11.821593456556377, 13.299292638625923, 0.0, 1.477699182069547, 2.955398364139094, 4.433097546208641, 5.910796728278188, 7.388495910347736, 8.866195092417282, 10.34389427448683, 11.821593456556377, 13.299292638625923, 0.0, 1.477699182069547, 2.955398364139094, 4.433097546208641, 5.910796728278188, 7.388495910347736, 8.866195092417282, 10.34389427448683, 11.821593456556377, 13.299292638625923, 0.0, 1.477699182069547, 2.955398364139094, 4.433097546208641, 5.910796728278188, 7.388495910347736, 8.866195092417282, 10.34389427448683, 11.821593456556377, 13.299292638625923, 0.0, 1.477699182069547, 2.955398364139094, 4.433097546208641, 5.910796728278188, 7.388495910347736, 8.866195092417282, 10.34389427448683, 11.821593456556377, 13.299292638625923, 0.0, 1.477699182069547, 2.955398364139094, 4.433097546208641, 5.910796728278188, 7.388495910347736, 8.866195092417282, 10.34389427448683, 11.821593456556377, 13.299292638625923, 0.0, 1.477699182069547, 2.955398364139094, 4.433097546208641, 5.910796728278188, 7.388495910347736, 8.866195092417282, 10.34389427448683, 11.821593456556377, 13.299292638625923, 0.0, 1.477699182069547, 2.955398364139094, 4.433097546208641, 5.910796728278188, 7.388495910347736, 8.866195092417282, 10.34389427448683, 11.821593456556377, 13.299292638625923, 0.0, 1.477699182069547, 2.955398364139094, 4.433097546208641, 5.910796728278188, 7.388495910347736, 8.866195092417282, 10.34389427448683, 11.821593456556377, 13.299292638625923],