{"lambda_reginter_max": 397.0742744472675, "lambda_inter_max": 11.108319597998493}