{"lambda_reginter_max": 29.700746170479885, "lambda_inter_max": 13.655459158622575}