{"n": [1000, 1000, 1000, 1000, 1000, 1000, 1000, 1000, 1000, 1000, 1000, 1000, 1000, 1000, 1000, 1000, 1000, 1000, 1000, 1000, 1000, 1000, 1000, 1000, 1000, 1000, 1000, 1000, 1000, 1000, 1000, 1000, 1000, 1000, 1000, 1000, 1000, 1000, 1000, 1000, 1000, 1000, 1000, 1000, 1000, 1000, 1000, 1000, 1000, 1000, 1000, 1000, 1000, 1000, 1000, 1000, 1000, 1000, 1000, 1000, 1000, 1000, 1000, 1000, 1000, 1000, 1000, 1000, 1000, 1000, 1000, 1000, 1000, 1000, 1000, 1000, 1000, 1000, 1000, 1000, 1000, 1000, 1000, 1000, 1000, 1000, 1000, 1000, 1000, 1000, 1000, 1000, 1000, 1000, 1000, 1000, 1000, 1000, 1000, 1000], "rep": [24, 24, 24, 24, 24, 24, 24, 24, 24, 24, 24, 24, 24, 24, 24, 24, 24, 24, 24, 24, 24, 24, 24, 24, 24, 24, 24, 24, 24, 24, 24, 24, 24, 24, 24, 24, 24, 24, 24, 24, 24, 24, 24, 24, 24, 24, 24, 24, 24, 24, 24, 24, 24, 24, 24, 24, 24, 24, 24, 24, 24, 24, 24, 24, 24, 24, 24, 24, 24, 24, 24, 24, 24, 24, 24, 24, 24, 24, 24, 24, 24, 24, 24, 24, 24, 24, 24, 24, 24, 24, 24, 24, 24, 24, 24, 24, 24, 24, 24, 24], "lambda_reginter_max": [18.563272309785887, 18.563272309785887, 18.563272309785887, 18.563272309785887, 18.563272309785887, 18.563272309785887, 18.563272309785887, 18.563272309785887, 18.563272309785887, 18.563272309785887, 18.563272309785887, 18.563272309785887, 18.563272309785887, 18.563272309785887, 18.563272309785887, 18.563272309785887, 18.563272309785887, 18.563272309785887, 18.563272309785887, 18.563272309785887, 18.563272309785887, 18.563272309785887, 18.563272309785887, 18.563272309785887, 18.563272309785887, 18.563272309785887, 18.563272309785887, 18.563272309785887, 18.563272309785887, 18.563272309785887, 18.563272309785887, 18.563272309785887, 18.563272309785887, 18.563272309785887, 18.563272309785887, 18.563272309785887, 18.563272309785887, 18.563272309785887, 18.563272309785887, 18.563272309785887, 18.563272309785887, 18.563272309785887, 18.563272309785887, 18.563272309785887, 18.563272309785887, 18.563272309785887, 18.563272309785887, 18.563272309785887, 18.563272309785887, 18.563272309785887, 18.563272309785887, 18.563272309785887, 18.563272309785887, 18.563272309785887, 18.563272309785887, 18.563272309785887, 18.563272309785887, 18.563272309785887, 18.563272309785887, 18.563272309785887, 18.563272309785887, 18.563272309785887, 18.563272309785887, 18.563272309785887, 18.563272309785887, 18.563272309785887, 18.563272309785887, 18.563272309785887, 18.563272309785887, 18.563272309785887, 18.563272309785887, 18.563272309785887, 18.563272309785887, 18.563272309785887, 18.563272309785887, 18.563272309785887, 18.563272309785887, 18.563272309785887, 18.563272309785887, 18.563272309785887, 18.563272309785887, 18.563272309785887, 18.563272309785887, 18.563272309785887, 18.563272309785887, 18.563272309785887, 18.563272309785887, 18.563272309785887, 18.563272309785887, 18.563272309785887, 18.563272309785887, 18.563272309785887, 18.563272309785887, 18.563272309785887, 18.563272309785887, 18.563272309785887, 18.563272309785887, 18.563272309785887, 18.563272309785887, 18.563272309785887], "lambda_inter_max": [2.0764798136287452, 2.0764798136287452, 2.0764798136287452, 2.0764798136287452, 2.0764798136287452, 2.0764798136287452, 2.0764798136287452, 2.0764798136287452, 2.0764798136287452, 2.0764798136287452, 2.0764798136287452, 2.0764798136287452, 2.0764798136287452, 2.0764798136287452, 2.0764798136287452, 2.0764798136287452, 2.0764798136287452, 2.0764798136287452, 2.0764798136287452, 2.0764798136287452, 2.0764798136287452, 2.0764798136287452, 2.0764798136287452, 2.0764798136287452, 2.0764798136287452, 2.0764798136287452, 2.0764798136287452, 2.0764798136287452, 2.0764798136287452, 2.0764798136287452, 2.0764798136287452, 2.0764798136287452, 2.0764798136287452, 2.0764798136287452, 2.0764798136287452, 2.0764798136287452, 2.0764798136287452, 2.0764798136287452, 2.0764798136287452, 2.0764798136287452, 2.0764798136287452, 2.0764798136287452, 2.0764798136287452, 2.0764798136287452, 2.0764798136287452, 2.0764798136287452, 2.0764798136287452, 2.0764798136287452, 2.0764798136287452, 2.0764798136287452, 2.0764798136287452, 2.0764798136287452, 2.0764798136287452, 2.0764798136287452, 2.0764798136287452, 2.0764798136287452, 2.0764798136287452, 2.0764798136287452, 2.0764798136287452, 2.0764798136287452, 2.0764798136287452, 2.0764798136287452, 2.0764798136287452, 2.0764798136287452, 2.0764798136287452, 2.0764798136287452, 2.0764798136287452, 2.0764798136287452, 2.0764798136287452, 2.0764798136287452, 2.0764798136287452, 2.0764798136287452, 2.0764798136287452, 2.0764798136287452, 2.0764798136287452, 2.0764798136287452, 2.0764798136287452, 2.0764798136287452, 2.0764798136287452, 2.0764798136287452, 2.0764798136287452, 2.0764798136287452, 2.0764798136287452, 2.0764798136287452, 2.0764798136287452, 2.0764798136287452, 2.0764798136287452, 2.0764798136287452, 2.0764798136287452, 2.0764798136287452, 2.0764798136287452, 2.0764798136287452, 2.0764798136287452, 2.0764798136287452, 2.0764798136287452, 2.0764798136287452, 2.0764798136287452, 2.0764798136287452, 2.0764798136287452, 2.0764798136287452], "lambda_reginter": [0.0, 2.062585812198432, 4.125171624396864, 6.187757436595296, 8.250343248793728, 10.31292906099216, 12.375514873190593, 14.438100685389024, 16.500686497587456, 18.563272309785887, 0.0, 2.062585812198432, 4.125171624396864, 6.187757436595296, 8.250343248793728, 10.31292906099216, 12.375514873190593, 14.438100685389024, 16.500686497587456, 18.563272309785887, 0.0, 2.062585812198432, 4.125171624396864, 6.187757436595296, 8.250343248793728, 10.31292906099216, 12.375514873190593, 14.438100685389024, 16.500686497587456, 18.563272309785887, 0.0, 2.062585812198432, 4.125171624396864, 6.187757436595296, 8.250343248793728, 10.31292906099216, 12.375514873190593, 14.438100685389024, 16.500686497587456, 18.563272309785887, 0.0, 2.062585812198432, 4.125171624396864, 6.187757436595296, 8.250343248793728, 10.31292906099216, 12.375514873190593, 14.438100685389024, 16.500686497587456, 18.563272309785887, 0.0, 2.062585812198432, 4.125171624396864, 6.187757436595296, 8.250343248793728, 10.31292906099216, 12.375514873190593, 14.438100685389024, 16.500686497587456, 18.563272309785887, 0.0, 2.062585812198432, 4.125171624396864, 6.187757436595296, 8.250343248793728, 10.31292906099216, 12.375514873190593, 14.438100685389024, 16.500686497587456, 18.563272309785887, 0.0, 2.062585812198432, 4.125171624396864, 6.187757436595296, 8.250343248793728, 10.31292906099216, 12.375514873190593, 14.438100685389024, 16.500686497587456, 18.563272309785887, 0.0, 2.062585812198432, 4.125171624396864, 6.187757436595296, 8.250343248793728, 10.31292906099216, 12.375514873190593, 14.438100685389024, 16.500686497587456, 18.563272309785887, 0.0, 2.062585812198432, 4.125171624396864, 6.187757436595296, 8.250343248793728, 10.31292906099216, 12.375514873190593, 14.438100685389024, 16.500686497587456, 18.563272309785887],