{"n": [1000, 1000, 1000, 1000, 1000, 1000, 1000, 1000, 1000, 1000, 1000, 1000, 1000, 1000, 1000, 1000, 1000, 1000, 1000, 1000, 1000, 1000, 1000, 1000, 1000, 1000, 1000, 1000, 1000, 1000, 1000, 1000, 1000, 1000, 1000, 1000, 1000, 1000, 1000, 1000, 1000, 1000, 1000, 1000, 1000, 1000, 1000, 1000, 1000, 1000, 1000, 1000, 1000, 1000, 1000, 1000, 1000, 1000, 1000, 1000, 1000, 1000, 1000, 1000, 1000, 1000, 1000, 1000, 1000, 1000, 1000, 1000, 1000, 1000, 1000, 1000, 1000, 1000, 1000, 1000, 1000, 1000, 1000, 1000, 1000, 1000, 1000, 1000, 1000, 1000, 1000, 1000, 1000, 1000, 1000, 1000, 1000, 1000, 1000, 1000], "rep": [36, 36, 36, 36, 36, 36, 36, 36, 36, 36, 36, 36, 36, 36, 36, 36, 36, 36, 36, 36, 36, 36, 36, 36, 36, 36, 36, 36, 36, 36, 36, 36, 36, 36, 36, 36, 36, 36, 36, 36, 36, 36, 36, 36, 36, 36, 36, 36, 36, 36, 36, 36, 36, 36, 36, 36, 36, 36, 36, 36, 36, 36, 36, 36, 36, 36, 36, 36, 36, 36, 36, 36, 36, 36, 36, 36, 36, 36, 36, 36, 36, 36, 36, 36, 36, 36, 36, 36, 36, 36, 36, 36, 36, 36, 36, 36, 36, 36, 36, 36], "lambda_reginter_max": [14.425986416492083, 14.425986416492083, 14.425986416492083, 14.425986416492083, 14.425986416492083, 14.425986416492083, 14.425986416492083, 14.425986416492083, 14.425986416492083, 14.425986416492083, 14.425986416492083, 14.425986416492083, 14.425986416492083, 14.425986416492083, 14.425986416492083, 14.425986416492083, 14.425986416492083, 14.425986416492083, 14.425986416492083, 14.425986416492083, 14.425986416492083, 14.425986416492083, 14.425986416492083, 14.425986416492083, 14.425986416492083, 14.425986416492083, 14.425986416492083, 14.425986416492083, 14.425986416492083, 14.425986416492083, 14.425986416492083, 14.425986416492083, 14.425986416492083, 14.425986416492083, 14.425986416492083, 14.425986416492083, 14.425986416492083, 14.425986416492083, 14.425986416492083, 14.425986416492083, 14.425986416492083, 14.425986416492083, 14.425986416492083, 14.425986416492083, 14.425986416492083, 14.425986416492083, 14.425986416492083, 14.425986416492083, 14.425986416492083, 14.425986416492083, 14.425986416492083, 14.425986416492083, 14.425986416492083, 14.425986416492083, 14.425986416492083, 14.425986416492083, 14.425986416492083, 14.425986416492083, 14.425986416492083, 14.425986416492083, 14.425986416492083, 14.425986416492083, 14.425986416492083, 14.425986416492083, 14.425986416492083, 14.425986416492083, 14.425986416492083, 14.425986416492083, 14.425986416492083, 14.425986416492083, 14.425986416492083, 14.425986416492083, 14.425986416492083, 14.425986416492083, 14.425986416492083, 14.425986416492083, 14.425986416492083, 14.425986416492083, 14.425986416492083, 14.425986416492083, 14.425986416492083, 14.425986416492083, 14.425986416492083, 14.425986416492083, 14.425986416492083, 14.425986416492083, 14.425986416492083, 14.425986416492083, 14.425986416492083, 14.425986416492083, 14.425986416492083, 14.425986416492083, 14.425986416492083, 14.425986416492083, 14.425986416492083, 14.425986416492083, 14.425986416492083, 14.425986416492083, 14.425986416492083, 14.425986416492083], "lambda_inter_max": [2.242256887525697, 2.242256887525697, 2.242256887525697, 2.242256887525697, 2.242256887525697, 2.242256887525697, 2.242256887525697, 2.242256887525697, 2.242256887525697, 2.242256887525697, 2.242256887525697, 2.242256887525697, 2.242256887525697, 2.242256887525697, 2.242256887525697, 2.242256887525697, 2.242256887525697, 2.242256887525697, 2.242256887525697, 2.242256887525697, 2.242256887525697, 2.242256887525697, 2.242256887525697, 2.242256887525697, 2.242256887525697, 2.242256887525697, 2.242256887525697, 2.242256887525697, 2.242256887525697, 2.242256887525697, 2.242256887525697, 2.242256887525697, 2.242256887525697, 2.242256887525697, 2.242256887525697, 2.242256887525697, 2.242256887525697, 2.242256887525697, 2.242256887525697, 2.242256887525697, 2.242256887525697, 2.242256887525697, 2.242256887525697, 2.242256887525697, 2.242256887525697, 2.242256887525697, 2.242256887525697, 2.242256887525697, 2.242256887525697, 2.242256887525697, 2.242256887525697, 2.242256887525697, 2.242256887525697, 2.242256887525697, 2.242256887525697, 2.242256887525697, 2.242256887525697, 2.242256887525697, 2.242256887525697, 2.242256887525697, 2.242256887525697, 2.242256887525697, 2.242256887525697, 2.242256887525697, 2.242256887525697, 2.242256887525697, 2.242256887525697, 2.242256887525697, 2.242256887525697, 2.242256887525697, 2.242256887525697, 2.242256887525697, 2.242256887525697, 2.242256887525697, 2.242256887525697, 2.242256887525697, 2.242256887525697, 2.242256887525697, 2.242256887525697, 2.242256887525697, 2.242256887525697, 2.242256887525697, 2.242256887525697, 2.242256887525697, 2.242256887525697, 2.242256887525697, 2.242256887525697, 2.242256887525697, 2.242256887525697, 2.242256887525697, 2.242256887525697, 2.242256887525697, 2.242256887525697, 2.242256887525697, 2.242256887525697, 2.242256887525697, 2.242256887525697, 2.242256887525697, 2.242256887525697, 2.242256887525697], "lambda_reginter": [0.0, 1.6028873796102314, 3.205774759220463, 4.8086621388306945, 6.411549518440926, 8.014436898051157, 9.617324277661389, 11.22021165727162, 12.823099036881851, 14.425986416492083, 0.0, 1.6028873796102314, 3.205774759220463, 4.8086621388306945, 6.411549518440926, 8.014436898051157, 9.617324277661389, 11.22021165727162, 12.823099036881851, 14.425986416492083, 0.0, 1.6028873796102314, 3.205774759220463, 4.8086621388306945, 6.411549518440926, 8.014436898051157, 9.617324277661389, 11.22021165727162, 12.823099036881851, 14.425986416492083, 0.0, 1.6028873796102314, 3.205774759220463, 4.8086621388306945, 6.411549518440926, 8.014436898051157, 9.617324277661389, 11.22021165727162, 12.823099036881851, 14.425986416492083, 0.0, 1.6028873796102314, 3.205774759220463, 4.8086621388306945, 6.411549518440926, 8.014436898051157, 9.617324277661389, 11.22021165727162, 12.823099036881851, 14.425986416492083, 0.0, 1.6028873796102314, 3.205774759220463, 4.8086621388306945, 6.411549518440926, 8.014436898051157, 9.617324277661389, 11.22021165727162, 12.823099036881851, 14.425986416492083, 0.0, 1.6028873796102314, 3.205774759220463, 4.8086621388306945, 6.411549518440926, 8.014436898051157, 9.617324277661389, 11.22021165727162, 12.823099036881851, 14.425986416492083, 0.0, 1.6028873796102314, 3.205774759220463, 4.8086621388306945, 6.411549518440926, 8.014436898051157, 9.617324277661389, 11.22021165727162, 12.823099036881851, 14.425986416492083, 0.0, 1.6028873796102314, 3.205774759220463, 4.8086621388306945, 6.411549518440926, 8.014436898051157, 9.617324277661389, 11.22021165727162, 12.823099036881851, 14.425986416492083, 0.0, 1.6028873796102314, 3.205774759220463, 4.8086621388306945, 6.411549518440926, 8.014436898051157, 9.617324277661389, 11.22021165727162, 12.823099036881851, 14.425986416492083],