{"n": [500, 500, 500, 500, 500, 500, 500, 500, 500, 500, 500, 500, 500, 500, 500, 500, 500, 500, 500, 500, 500, 500, 500, 500, 500, 500, 500, 500, 500, 500, 500, 500, 500, 500, 500, 500, 500, 500, 500, 500, 500, 500, 500, 500, 500, 500, 500, 500, 500, 500, 500, 500, 500, 500, 500, 500, 500, 500, 500, 500, 500, 500, 500, 500, 500, 500, 500, 500, 500, 500, 500, 500, 500, 500, 500, 500, 500, 500, 500, 500, 500, 500, 500, 500, 500, 500, 500, 500, 500, 500, 500, 500, 500, 500, 500, 500, 500, 500, 500, 500], "rep": [9, 9, 9, 9, 9, 9, 9, 9, 9, 9, 9, 9, 9, 9, 9, 9, 9, 9, 9, 9, 9, 9, 9, 9, 9, 9, 9, 9, 9, 9, 9, 9, 9, 9, 9, 9, 9, 9, 9, 9, 9, 9, 9, 9, 9, 9, 9, 9, 9, 9, 9, 9, 9, 9, 9, 9, 9, 9, 9, 9, 9, 9, 9, 9, 9, 9, 9, 9, 9, 9, 9, 9, 9, 9, 9, 9, 9, 9, 9, 9, 9, 9, 9, 9, 9, 9, 9, 9, 9, 9, 9, 9, 9, 9, 9, 9, 9, 9, 9, 9], "lambda_reginter_max": [13.955576227325338, 13.955576227325338, 13.955576227325338, 13.955576227325338, 13.955576227325338, 13.955576227325338, 13.955576227325338, 13.955576227325338, 13.955576227325338, 13.955576227325338, 13.955576227325338, 13.955576227325338, 13.955576227325338, 13.955576227325338, 13.955576227325338, 13.955576227325338, 13.955576227325338, 13.955576227325338, 13.955576227325338, 13.955576227325338, 13.955576227325338, 13.955576227325338, 13.955576227325338, 13.955576227325338, 13.955576227325338, 13.955576227325338, 13.955576227325338, 13.955576227325338, 13.955576227325338, 13.955576227325338, 13.955576227325338, 13.955576227325338, 13.955576227325338, 13.955576227325338, 13.955576227325338, 13.955576227325338, 13.955576227325338, 13.955576227325338, 13.955576227325338, 13.955576227325338, 13.955576227325338, 13.955576227325338, 13.955576227325338, 13.955576227325338, 13.955576227325338, 13.955576227325338, 13.955576227325338, 13.955576227325338, 13.955576227325338, 13.955576227325338, 13.955576227325338, 13.955576227325338, 13.955576227325338, 13.955576227325338, 13.955576227325338, 13.955576227325338, 13.955576227325338, 13.955576227325338, 13.955576227325338, 13.955576227325338, 13.955576227325338, 13.955576227325338, 13.955576227325338, 13.955576227325338, 13.955576227325338, 13.955576227325338, 13.955576227325338, 13.955576227325338, 13.955576227325338, 13.955576227325338, 13.955576227325338, 13.955576227325338, 13.955576227325338, 13.955576227325338, 13.955576227325338, 13.955576227325338, 13.955576227325338, 13.955576227325338, 13.955576227325338, 13.955576227325338, 13.955576227325338, 13.955576227325338, 13.955576227325338, 13.955576227325338, 13.955576227325338, 13.955576227325338, 13.955576227325338, 13.955576227325338, 13.955576227325338, 13.955576227325338, 13.955576227325338, 13.955576227325338, 13.955576227325338, 13.955576227325338, 13.955576227325338, 13.955576227325338, 13.955576227325338, 13.955576227325338, 13.955576227325338, 13.955576227325338], "lambda_inter_max": [2.3158982369140175, 2.3158982369140175, 2.3158982369140175, 2.3158982369140175, 2.3158982369140175, 2.3158982369140175, 2.3158982369140175, 2.3158982369140175, 2.3158982369140175, 2.3158982369140175, 2.3158982369140175, 2.3158982369140175, 2.3158982369140175, 2.3158982369140175, 2.3158982369140175, 2.3158982369140175, 2.3158982369140175, 2.3158982369140175, 2.3158982369140175, 2.3158982369140175, 2.3158982369140175, 2.3158982369140175, 2.3158982369140175, 2.3158982369140175, 2.3158982369140175, 2.3158982369140175, 2.3158982369140175, 2.3158982369140175, 2.3158982369140175, 2.3158982369140175, 2.3158982369140175, 2.3158982369140175, 2.3158982369140175, 2.3158982369140175, 2.3158982369140175, 2.3158982369140175, 2.3158982369140175, 2.3158982369140175, 2.3158982369140175, 2.3158982369140175, 2.3158982369140175, 2.3158982369140175, 2.3158982369140175, 2.3158982369140175, 2.3158982369140175, 2.3158982369140175, 2.3158982369140175, 2.3158982369140175, 2.3158982369140175, 2.3158982369140175, 2.3158982369140175, 2.3158982369140175, 2.3158982369140175, 2.3158982369140175, 2.3158982369140175, 2.3158982369140175, 2.3158982369140175, 2.3158982369140175, 2.3158982369140175, 2.3158982369140175, 2.3158982369140175, 2.3158982369140175, 2.3158982369140175, 2.3158982369140175, 2.3158982369140175, 2.3158982369140175, 2.3158982369140175, 2.3158982369140175, 2.3158982369140175, 2.3158982369140175, 2.3158982369140175, 2.3158982369140175, 2.3158982369140175, 2.3158982369140175, 2.3158982369140175, 2.3158982369140175, 2.3158982369140175, 2.3158982369140175, 2.3158982369140175, 2.3158982369140175, 2.3158982369140175, 2.3158982369140175, 2.3158982369140175, 2.3158982369140175, 2.3158982369140175, 2.3158982369140175, 2.3158982369140175, 2.3158982369140175, 2.3158982369140175, 2.3158982369140175, 2.3158982369140175, 2.3158982369140175, 2.3158982369140175, 2.3158982369140175, 2.3158982369140175, 2.3158982369140175, 2.3158982369140175, 2.3158982369140175, 2.3158982369140175, 2.3158982369140175], "lambda_reginter": [0.0, 1.5506195808139265, 3.101239161627853, 4.65185874244178, 6.202478323255706, 7.753097904069632, 9.30371748488356, 10.854337065697486, 12.404956646511412, 13.955576227325338, 0.0, 1.5506195808139265, 3.101239161627853, 4.65185874244178, 6.202478323255706, 7.753097904069632, 9.30371748488356, 10.854337065697486, 12.404956646511412, 13.955576227325338, 0.0, 1.5506195808139265, 3.101239161627853, 4.65185874244178, 6.202478323255706, 7.753097904069632, 9.30371748488356, 10.854337065697486, 12.404956646511412, 13.955576227325338, 0.0, 1.5506195808139265, 3.101239161627853, 4.65185874244178, 6.202478323255706, 7.753097904069632, 9.30371748488356, 10.854337065697486, 12.404956646511412, 13.955576227325338, 0.0, 1.5506195808139265, 3.101239161627853, 4.65185874244178, 6.202478323255706, 7.753097904069632, 9.30371748488356, 10.854337065697486, 12.404956646511412, 13.955576227325338, 0.0, 1.5506195808139265, 3.101239161627853, 4.65185874244178, 6.202478323255706, 7.753097904069632, 9.30371748488356, 10.854337065697486, 12.404956646511412, 13.955576227325338, 0.0, 1.5506195808139265, 3.101239161627853, 4.65185874244178, 6.202478323255706, 7.753097904069632, 9.30371748488356, 10.854337065697486, 12.404956646511412, 13.955576227325338, 0.0, 1.5506195808139265, 3.101239161627853, 4.65185874244178, 6.202478323255706, 7.753097904069632, 9.30371748488356, 10.854337065697486, 12.404956646511412, 13.955576227325338, 0.0, 1.5506195808139265, 3.101239161627853, 4.65185874244178, 6.202478323255706, 7.753097904069632, 9.30371748488356, 10.854337065697486, 12.404956646511412, 13.955576227325338, 0.0, 1.5506195808139265, 3.101239161627853, 4.65185874244178, 6.202478323255706, 7.753097904069632, 9.30371748488356, 10.854337065697486, 12.404956646511412, 13.955576227325338],