{"n": [1000, 1000, 1000, 1000, 1000, 1000, 1000, 1000, 1000, 1000, 1000, 1000, 1000, 1000, 1000, 1000, 1000, 1000, 1000, 1000, 1000, 1000, 1000, 1000, 1000, 1000, 1000, 1000, 1000, 1000, 1000, 1000, 1000, 1000, 1000, 1000, 1000, 1000, 1000, 1000, 1000, 1000, 1000, 1000, 1000, 1000, 1000, 1000, 1000, 1000, 1000, 1000, 1000, 1000, 1000, 1000, 1000, 1000, 1000, 1000, 1000, 1000, 1000, 1000, 1000, 1000, 1000, 1000, 1000, 1000, 1000, 1000, 1000, 1000, 1000, 1000, 1000, 1000, 1000, 1000, 1000, 1000, 1000, 1000, 1000, 1000, 1000, 1000, 1000, 1000, 1000, 1000, 1000, 1000, 1000, 1000, 1000, 1000, 1000, 1000], "rep": [53, 53, 53, 53, 53, 53, 53, 53, 53, 53, 53, 53, 53, 53, 53, 53, 53, 53, 53, 53, 53, 53, 53, 53, 53, 53, 53, 53, 53, 53, 53, 53, 53, 53, 53, 53, 53, 53, 53, 53, 53, 53, 53, 53, 53, 53, 53, 53, 53, 53, 53, 53, 53, 53, 53, 53, 53, 53, 53, 53, 53, 53, 53, 53, 53, 53, 53, 53, 53, 53, 53, 53, 53, 53, 53, 53, 53, 53, 53, 53, 53, 53, 53, 53, 53, 53, 53, 53, 53, 53, 53, 53, 53, 53, 53, 53, 53, 53, 53, 53], "lambda_reginter_max": [19.05229794710835, 19.05229794710835, 19.05229794710835, 19.05229794710835, 19.05229794710835, 19.05229794710835, 19.05229794710835, 19.05229794710835, 19.05229794710835, 19.05229794710835, 19.05229794710835, 19.05229794710835, 19.05229794710835, 19.05229794710835, 19.05229794710835, 19.05229794710835, 19.05229794710835, 19.05229794710835, 19.05229794710835, 19.05229794710835, 19.05229794710835, 19.05229794710835, 19.05229794710835, 19.05229794710835, 19.05229794710835, 19.05229794710835, 19.05229794710835, 19.05229794710835, 19.05229794710835, 19.05229794710835, 19.05229794710835, 19.05229794710835, 19.05229794710835, 19.05229794710835, 19.05229794710835, 19.05229794710835, 19.05229794710835, 19.05229794710835, 19.05229794710835, 19.05229794710835, 19.05229794710835, 19.05229794710835, 19.05229794710835, 19.05229794710835, 19.05229794710835, 19.05229794710835, 19.05229794710835, 19.05229794710835, 19.05229794710835, 19.05229794710835, 19.05229794710835, 19.05229794710835, 19.05229794710835, 19.05229794710835, 19.05229794710835, 19.05229794710835, 19.05229794710835, 19.05229794710835, 19.05229794710835, 19.05229794710835, 19.05229794710835, 19.05229794710835, 19.05229794710835, 19.05229794710835, 19.05229794710835, 19.05229794710835, 19.05229794710835, 19.05229794710835, 19.05229794710835, 19.05229794710835, 19.05229794710835, 19.05229794710835, 19.05229794710835, 19.05229794710835, 19.05229794710835, 19.05229794710835, 19.05229794710835, 19.05229794710835, 19.05229794710835, 19.05229794710835, 19.05229794710835, 19.05229794710835, 19.05229794710835, 19.05229794710835, 19.05229794710835, 19.05229794710835, 19.05229794710835, 19.05229794710835, 19.05229794710835, 19.05229794710835, 19.05229794710835, 19.05229794710835, 19.05229794710835, 19.05229794710835, 19.05229794710835, 19.05229794710835, 19.05229794710835, 19.05229794710835, 19.05229794710835, 19.05229794710835], "lambda_inter_max": [2.321731162733168, 2.321731162733168, 2.321731162733168, 2.321731162733168, 2.321731162733168, 2.321731162733168, 2.321731162733168, 2.321731162733168, 2.321731162733168, 2.321731162733168, 2.321731162733168, 2.321731162733168, 2.321731162733168, 2.321731162733168, 2.321731162733168, 2.321731162733168, 2.321731162733168, 2.321731162733168, 2.321731162733168, 2.321731162733168, 2.321731162733168, 2.321731162733168, 2.321731162733168, 2.321731162733168, 2.321731162733168, 2.321731162733168, 2.321731162733168, 2.321731162733168, 2.321731162733168, 2.321731162733168, 2.321731162733168, 2.321731162733168, 2.321731162733168, 2.321731162733168, 2.321731162733168, 2.321731162733168, 2.321731162733168, 2.321731162733168, 2.321731162733168, 2.321731162733168, 2.321731162733168, 2.321731162733168, 2.321731162733168, 2.321731162733168, 2.321731162733168, 2.321731162733168, 2.321731162733168, 2.321731162733168, 2.321731162733168, 2.321731162733168, 2.321731162733168, 2.321731162733168, 2.321731162733168, 2.321731162733168, 2.321731162733168, 2.321731162733168, 2.321731162733168, 2.321731162733168, 2.321731162733168, 2.321731162733168, 2.321731162733168, 2.321731162733168, 2.321731162733168, 2.321731162733168, 2.321731162733168, 2.321731162733168, 2.321731162733168, 2.321731162733168, 2.321731162733168, 2.321731162733168, 2.321731162733168, 2.321731162733168, 2.321731162733168, 2.321731162733168, 2.321731162733168, 2.321731162733168, 2.321731162733168, 2.321731162733168, 2.321731162733168, 2.321731162733168, 2.321731162733168, 2.321731162733168, 2.321731162733168, 2.321731162733168, 2.321731162733168, 2.321731162733168, 2.321731162733168, 2.321731162733168, 2.321731162733168, 2.321731162733168, 2.321731162733168, 2.321731162733168, 2.321731162733168, 2.321731162733168, 2.321731162733168, 2.321731162733168, 2.321731162733168, 2.321731162733168, 2.321731162733168, 2.321731162733168], "lambda_reginter": [0.0, 2.11692199412315, 4.2338439882463, 6.350765982369451, 8.4676879764926, 10.58460997061575, 12.701531964738901, 14.818453958862051, 16.9353759529852, 19.05229794710835, 0.0, 2.11692199412315, 4.2338439882463, 6.350765982369451, 8.4676879764926, 10.58460997061575, 12.701531964738901, 14.818453958862051, 16.9353759529852, 19.05229794710835, 0.0, 2.11692199412315, 4.2338439882463, 6.350765982369451, 8.4676879764926, 10.58460997061575, 12.701531964738901, 14.818453958862051, 16.9353759529852, 19.05229794710835, 0.0, 2.11692199412315, 4.2338439882463, 6.350765982369451, 8.4676879764926, 10.58460997061575, 12.701531964738901, 14.818453958862051, 16.9353759529852, 19.05229794710835, 0.0, 2.11692199412315, 4.2338439882463, 6.350765982369451, 8.4676879764926, 10.58460997061575, 12.701531964738901, 14.818453958862051, 16.9353759529852, 19.05229794710835, 0.0, 2.11692199412315, 4.2338439882463, 6.350765982369451, 8.4676879764926, 10.58460997061575, 12.701531964738901, 14.818453958862051, 16.9353759529852, 19.05229794710835, 0.0, 2.11692199412315, 4.2338439882463, 6.350765982369451, 8.4676879764926, 10.58460997061575, 12.701531964738901, 14.818453958862051, 16.9353759529852, 19.05229794710835, 0.0, 2.11692199412315, 4.2338439882463, 6.350765982369451, 8.4676879764926, 10.58460997061575, 12.701531964738901, 14.818453958862051, 16.9353759529852, 19.05229794710835, 0.0, 2.11692199412315, 4.2338439882463, 6.350765982369451, 8.4676879764926, 10.58460997061575, 12.701531964738901, 14.818453958862051, 16.9353759529852, 19.05229794710835, 0.0, 2.11692199412315, 4.2338439882463, 6.350765982369451, 8.4676879764926, 10.58460997061575, 12.701531964738901, 14.818453958862051, 16.9353759529852, 19.05229794710835],