{"n": [1000, 1000, 1000, 1000, 1000, 1000, 1000, 1000, 1000, 1000, 1000, 1000, 1000, 1000, 1000, 1000, 1000, 1000, 1000, 1000, 1000, 1000, 1000, 1000, 1000, 1000, 1000, 1000, 1000, 1000, 1000, 1000, 1000, 1000, 1000, 1000, 1000, 1000, 1000, 1000, 1000, 1000, 1000, 1000, 1000, 1000, 1000, 1000, 1000, 1000, 1000, 1000, 1000, 1000, 1000, 1000, 1000, 1000, 1000, 1000, 1000, 1000, 1000, 1000, 1000, 1000, 1000, 1000, 1000, 1000, 1000, 1000, 1000, 1000, 1000, 1000, 1000, 1000, 1000, 1000, 1000, 1000, 1000, 1000, 1000, 1000, 1000, 1000, 1000, 1000, 1000, 1000, 1000, 1000, 1000, 1000, 1000, 1000, 1000, 1000], "rep": [4, 4, 4, 4, 4, 4, 4, 4, 4, 4, 4, 4, 4, 4, 4, 4, 4, 4, 4, 4, 4, 4, 4, 4, 4, 4, 4, 4, 4, 4, 4, 4, 4, 4, 4, 4, 4, 4, 4, 4, 4, 4, 4, 4, 4, 4, 4, 4, 4, 4, 4, 4, 4, 4, 4, 4, 4, 4, 4, 4, 4, 4, 4, 4, 4, 4, 4, 4, 4, 4, 4, 4, 4, 4, 4, 4, 4, 4, 4, 4, 4, 4, 4, 4, 4, 4, 4, 4, 4, 4, 4, 4, 4, 4, 4, 4, 4, 4, 4, 4], "lambda_reginter_max": [14.847422223103703, 14.847422223103703, 14.847422223103703, 14.847422223103703, 14.847422223103703, 14.847422223103703, 14.847422223103703, 14.847422223103703, 14.847422223103703, 14.847422223103703, 14.847422223103703, 14.847422223103703, 14.847422223103703, 14.847422223103703, 14.847422223103703, 14.847422223103703, 14.847422223103703, 14.847422223103703, 14.847422223103703, 14.847422223103703, 14.847422223103703, 14.847422223103703, 14.847422223103703, 14.847422223103703, 14.847422223103703, 14.847422223103703, 14.847422223103703, 14.847422223103703, 14.847422223103703, 14.847422223103703, 14.847422223103703, 14.847422223103703, 14.847422223103703, 14.847422223103703, 14.847422223103703, 14.847422223103703, 14.847422223103703, 14.847422223103703, 14.847422223103703, 14.847422223103703, 14.847422223103703, 14.847422223103703, 14.847422223103703, 14.847422223103703, 14.847422223103703, 14.847422223103703, 14.847422223103703, 14.847422223103703, 14.847422223103703, 14.847422223103703, 14.847422223103703, 14.847422223103703, 14.847422223103703, 14.847422223103703, 14.847422223103703, 14.847422223103703, 14.847422223103703, 14.847422223103703, 14.847422223103703, 14.847422223103703, 14.847422223103703, 14.847422223103703, 14.847422223103703, 14.847422223103703, 14.847422223103703, 14.847422223103703, 14.847422223103703, 14.847422223103703, 14.847422223103703, 14.847422223103703, 14.847422223103703, 14.847422223103703, 14.847422223103703, 14.847422223103703, 14.847422223103703, 14.847422223103703, 14.847422223103703, 14.847422223103703, 14.847422223103703, 14.847422223103703, 14.847422223103703, 14.847422223103703, 14.847422223103703, 14.847422223103703, 14.847422223103703, 14.847422223103703, 14.847422223103703, 14.847422223103703, 14.847422223103703, 14.847422223103703, 14.847422223103703, 14.847422223103703, 14.847422223103703, 14.847422223103703, 14.847422223103703, 14.847422223103703, 14.847422223103703, 14.847422223103703, 14.847422223103703, 14.847422223103703], "lambda_inter_max": [2.1937862855200767, 2.1937862855200767, 2.1937862855200767, 2.1937862855200767, 2.1937862855200767, 2.1937862855200767, 2.1937862855200767, 2.1937862855200767, 2.1937862855200767, 2.1937862855200767, 2.1937862855200767, 2.1937862855200767, 2.1937862855200767, 2.1937862855200767, 2.1937862855200767, 2.1937862855200767, 2.1937862855200767, 2.1937862855200767, 2.1937862855200767, 2.1937862855200767, 2.1937862855200767, 2.1937862855200767, 2.1937862855200767, 2.1937862855200767, 2.1937862855200767, 2.1937862855200767, 2.1937862855200767, 2.1937862855200767, 2.1937862855200767, 2.1937862855200767, 2.1937862855200767, 2.1937862855200767, 2.1937862855200767, 2.1937862855200767, 2.1937862855200767, 2.1937862855200767, 2.1937862855200767, 2.1937862855200767, 2.1937862855200767, 2.1937862855200767, 2.1937862855200767, 2.1937862855200767, 2.1937862855200767, 2.1937862855200767, 2.1937862855200767, 2.1937862855200767, 2.1937862855200767, 2.1937862855200767, 2.1937862855200767, 2.1937862855200767, 2.1937862855200767, 2.1937862855200767, 2.1937862855200767, 2.1937862855200767, 2.1937862855200767, 2.1937862855200767, 2.1937862855200767, 2.1937862855200767, 2.1937862855200767, 2.1937862855200767, 2.1937862855200767, 2.1937862855200767, 2.1937862855200767, 2.1937862855200767, 2.1937862855200767, 2.1937862855200767, 2.1937862855200767, 2.1937862855200767, 2.1937862855200767, 2.1937862855200767, 2.1937862855200767, 2.1937862855200767, 2.1937862855200767, 2.1937862855200767, 2.1937862855200767, 2.1937862855200767, 2.1937862855200767, 2.1937862855200767, 2.1937862855200767, 2.1937862855200767, 2.1937862855200767, 2.1937862855200767, 2.1937862855200767, 2.1937862855200767, 2.1937862855200767, 2.1937862855200767, 2.1937862855200767, 2.1937862855200767, 2.1937862855200767, 2.1937862855200767, 2.1937862855200767, 2.1937862855200767, 2.1937862855200767, 2.1937862855200767, 2.1937862855200767, 2.1937862855200767, 2.1937862855200767, 2.1937862855200767, 2.1937862855200767, 2.1937862855200767], "lambda_reginter": [0.0, 1.649713580344856, 3.299427160689712, 4.949140741034568, 6.598854321379424, 8.248567901724279, 9.898281482069136, 11.547995062413992, 13.197708642758847, 14.847422223103703, 0.0, 1.649713580344856, 3.299427160689712, 4.949140741034568, 6.598854321379424, 8.248567901724279, 9.898281482069136, 11.547995062413992, 13.197708642758847, 14.847422223103703, 0.0, 1.649713580344856, 3.299427160689712, 4.949140741034568, 6.598854321379424, 8.248567901724279, 9.898281482069136, 11.547995062413992, 13.197708642758847, 14.847422223103703, 0.0, 1.649713580344856, 3.299427160689712, 4.949140741034568, 6.598854321379424, 8.248567901724279, 9.898281482069136, 11.547995062413992, 13.197708642758847, 14.847422223103703, 0.0, 1.649713580344856, 3.299427160689712, 4.949140741034568, 6.598854321379424, 8.248567901724279, 9.898281482069136, 11.547995062413992, 13.197708642758847, 14.847422223103703, 0.0, 1.649713580344856, 3.299427160689712, 4.949140741034568, 6.598854321379424, 8.248567901724279, 9.898281482069136, 11.547995062413992, 13.197708642758847, 14.847422223103703, 0.0, 1.649713580344856, 3.299427160689712, 4.949140741034568, 6.598854321379424, 8.248567901724279, 9.898281482069136, 11.547995062413992, 13.197708642758847, 14.847422223103703, 0.0, 1.649713580344856, 3.299427160689712, 4.949140741034568, 6.598854321379424, 8.248567901724279, 9.898281482069136, 11.547995062413992, 13.197708642758847, 14.847422223103703, 0.0, 1.649713580344856, 3.299427160689712, 4.949140741034568, 6.598854321379424, 8.248567901724279, 9.898281482069136, 11.547995062413992, 13.197708642758847, 14.847422223103703, 0.0, 1.649713580344856, 3.299427160689712, 4.949140741034568, 6.598854321379424, 8.248567901724279, 9.898281482069136, 11.547995062413992, 13.197708642758847, 14.847422223103703],