{"n": [1000], "rep": [0], "lambda_reginter_max": [0.021066741767692677], "lambda_inter_max": [0.07852350439730428], "lambda_reginter": [0.021066741767692677], "lambda_inter": [0.07852350439730428], "i_lambda_reginter": [0], "i_lambda_inter": [0], "time_pnopt": [103.58763130299998], "time_refit": [6.131639414999995], "FPR_VS": [0.0], "FNR_VS": [0.0], "FPR_CI": [0.0], "FNR_CI": [1.0], "FPR_CI_SH": [0.0], "FNR_CI_SH": [1.0], "AUC_TEST": [0.5696625078502826], "AUC_TEST_pop": [0.5930013480485297], "AUC_VAL": [0.5580862776498849], "ELL_VAL": [0.36538075121625735], "AIC": [73892.01191103706], "BIC": [74456.40376812], "JR_PEN": [0.9712098230163797], "JR_PER": [1.3734981036197376], "JR_SA": [103.78184281867377], "JSPN_PEN": [0.6072783976483082], "JSPN_PER": [0.858821346090439], "JSPN_SA": [37.39297248848383]}