{"lambda_reginter_max": 29.30969005598605, "lambda_inter_max": 13.677179875046681}