{"n": [1000, 1000, 1000, 1000, 1000, 1000, 1000, 1000, 1000, 1000, 1000, 1000, 1000, 1000, 1000, 1000, 1000, 1000, 1000, 1000, 1000, 1000, 1000, 1000, 1000, 1000, 1000, 1000, 1000, 1000, 1000, 1000, 1000, 1000, 1000, 1000, 1000, 1000, 1000, 1000, 1000, 1000, 1000, 1000, 1000, 1000, 1000, 1000, 1000, 1000, 1000, 1000, 1000, 1000, 1000, 1000, 1000, 1000, 1000, 1000, 1000, 1000, 1000, 1000, 1000, 1000, 1000, 1000, 1000, 1000, 1000, 1000, 1000, 1000, 1000, 1000, 1000, 1000, 1000, 1000, 1000, 1000, 1000, 1000, 1000, 1000, 1000, 1000, 1000, 1000, 1000, 1000, 1000, 1000, 1000, 1000, 1000, 1000, 1000, 1000], "rep": [108, 108, 108, 108, 108, 108, 108, 108, 108, 108, 108, 108, 108, 108, 108, 108, 108, 108, 108, 108, 108, 108, 108, 108, 108, 108, 108, 108, 108, 108, 108, 108, 108, 108, 108, 108, 108, 108, 108, 108, 108, 108, 108, 108, 108, 108, 108, 108, 108, 108, 108, 108, 108, 108, 108, 108, 108, 108, 108, 108, 108, 108, 108, 108, 108, 108, 108, 108, 108, 108, 108, 108, 108, 108, 108, 108, 108, 108, 108, 108, 108, 108, 108, 108, 108, 108, 108, 108, 108, 108, 108, 108, 108, 108, 108, 108, 108, 108, 108, 108], "lambda_reginter_max": [9.774368095649049, 9.774368095649049, 9.774368095649049, 9.774368095649049, 9.774368095649049, 9.774368095649049, 9.774368095649049, 9.774368095649049, 9.774368095649049, 9.774368095649049, 9.774368095649049, 9.774368095649049, 9.774368095649049, 9.774368095649049, 9.774368095649049, 9.774368095649049, 9.774368095649049, 9.774368095649049, 9.774368095649049, 9.774368095649049, 9.774368095649049, 9.774368095649049, 9.774368095649049, 9.774368095649049, 9.774368095649049, 9.774368095649049, 9.774368095649049, 9.774368095649049, 9.774368095649049, 9.774368095649049, 9.774368095649049, 9.774368095649049, 9.774368095649049, 9.774368095649049, 9.774368095649049, 9.774368095649049, 9.774368095649049, 9.774368095649049, 9.774368095649049, 9.774368095649049, 9.774368095649049, 9.774368095649049, 9.774368095649049, 9.774368095649049, 9.774368095649049, 9.774368095649049, 9.774368095649049, 9.774368095649049, 9.774368095649049, 9.774368095649049, 9.774368095649049, 9.774368095649049, 9.774368095649049, 9.774368095649049, 9.774368095649049, 9.774368095649049, 9.774368095649049, 9.774368095649049, 9.774368095649049, 9.774368095649049, 9.774368095649049, 9.774368095649049, 9.774368095649049, 9.774368095649049, 9.774368095649049, 9.774368095649049, 9.774368095649049, 9.774368095649049, 9.774368095649049, 9.774368095649049, 9.774368095649049, 9.774368095649049, 9.774368095649049, 9.774368095649049, 9.774368095649049, 9.774368095649049, 9.774368095649049, 9.774368095649049, 9.774368095649049, 9.774368095649049, 9.774368095649049, 9.774368095649049, 9.774368095649049, 9.774368095649049, 9.774368095649049, 9.774368095649049, 9.774368095649049, 9.774368095649049, 9.774368095649049, 9.774368095649049, 9.774368095649049, 9.774368095649049, 9.774368095649049, 9.774368095649049, 9.774368095649049, 9.774368095649049, 9.774368095649049, 9.774368095649049, 9.774368095649049, 9.774368095649049], "lambda_inter_max": [1.6321140635381544, 1.6321140635381544, 1.6321140635381544, 1.6321140635381544, 1.6321140635381544, 1.6321140635381544, 1.6321140635381544, 1.6321140635381544, 1.6321140635381544, 1.6321140635381544, 1.6321140635381544, 1.6321140635381544, 1.6321140635381544, 1.6321140635381544, 1.6321140635381544, 1.6321140635381544, 1.6321140635381544, 1.6321140635381544, 1.6321140635381544, 1.6321140635381544, 1.6321140635381544, 1.6321140635381544, 1.6321140635381544, 1.6321140635381544, 1.6321140635381544, 1.6321140635381544, 1.6321140635381544, 1.6321140635381544, 1.6321140635381544, 1.6321140635381544, 1.6321140635381544, 1.6321140635381544, 1.6321140635381544, 1.6321140635381544, 1.6321140635381544, 1.6321140635381544, 1.6321140635381544, 1.6321140635381544, 1.6321140635381544, 1.6321140635381544, 1.6321140635381544, 1.6321140635381544, 1.6321140635381544, 1.6321140635381544, 1.6321140635381544, 1.6321140635381544, 1.6321140635381544, 1.6321140635381544, 1.6321140635381544, 1.6321140635381544, 1.6321140635381544, 1.6321140635381544, 1.6321140635381544, 1.6321140635381544, 1.6321140635381544, 1.6321140635381544, 1.6321140635381544, 1.6321140635381544, 1.6321140635381544, 1.6321140635381544, 1.6321140635381544, 1.6321140635381544, 1.6321140635381544, 1.6321140635381544, 1.6321140635381544, 1.6321140635381544, 1.6321140635381544, 1.6321140635381544, 1.6321140635381544, 1.6321140635381544, 1.6321140635381544, 1.6321140635381544, 1.6321140635381544, 1.6321140635381544, 1.6321140635381544, 1.6321140635381544, 1.6321140635381544, 1.6321140635381544, 1.6321140635381544, 1.6321140635381544, 1.6321140635381544, 1.6321140635381544, 1.6321140635381544, 1.6321140635381544, 1.6321140635381544, 1.6321140635381544, 1.6321140635381544, 1.6321140635381544, 1.6321140635381544, 1.6321140635381544, 1.6321140635381544, 1.6321140635381544, 1.6321140635381544, 1.6321140635381544, 1.6321140635381544, 1.6321140635381544, 1.6321140635381544, 1.6321140635381544, 1.6321140635381544, 1.6321140635381544], "lambda_reginter": [0.0, 1.086040899516561, 2.172081799033122, 3.2581226985496827, 4.344163598066244, 5.430204497582805, 6.5162453970993655, 7.602286296615926, 8.688327196132487, 9.774368095649049, 0.0, 1.086040899516561, 2.172081799033122, 3.2581226985496827, 4.344163598066244, 5.430204497582805, 6.5162453970993655, 7.602286296615926, 8.688327196132487, 9.774368095649049, 0.0, 1.086040899516561, 2.172081799033122, 3.2581226985496827, 4.344163598066244, 5.430204497582805, 6.5162453970993655, 7.602286296615926, 8.688327196132487, 9.774368095649049, 0.0, 1.086040899516561, 2.172081799033122, 3.2581226985496827, 4.344163598066244, 5.430204497582805, 6.5162453970993655, 7.602286296615926, 8.688327196132487, 9.774368095649049, 0.0, 1.086040899516561, 2.172081799033122, 3.2581226985496827, 4.344163598066244, 5.430204497582805, 6.5162453970993655, 7.602286296615926, 8.688327196132487, 9.774368095649049, 0.0, 1.086040899516561, 2.172081799033122, 3.2581226985496827, 4.344163598066244, 5.430204497582805, 6.5162453970993655, 7.602286296615926, 8.688327196132487, 9.774368095649049, 0.0, 1.086040899516561, 2.172081799033122, 3.2581226985496827, 4.344163598066244, 5.430204497582805, 6.5162453970993655, 7.602286296615926, 8.688327196132487, 9.774368095649049, 0.0, 1.086040899516561, 2.172081799033122, 3.2581226985496827, 4.344163598066244, 5.430204497582805, 6.5162453970993655, 7.602286296615926, 8.688327196132487, 9.774368095649049, 0.0, 1.086040899516561, 2.172081799033122, 3.2581226985496827, 4.344163598066244, 5.430204497582805, 6.5162453970993655, 7.602286296615926, 8.688327196132487, 9.774368095649049, 0.0, 1.086040899516561, 2.172081799033122, 3.2581226985496827, 4.344163598066244, 5.430204497582805, 6.5162453970993655, 7.602286296615926, 8.688327196132487, 9.774368095649049],