{"n": [500, 500, 500, 500, 500, 500, 500, 500, 500, 500, 500, 500, 500, 500, 500, 500, 500, 500, 500, 500, 500, 500, 500, 500, 500, 500, 500, 500, 500, 500, 500, 500, 500, 500, 500, 500, 500, 500, 500, 500, 500, 500, 500, 500, 500, 500, 500, 500, 500, 500, 500, 500, 500, 500, 500, 500, 500, 500, 500, 500, 500, 500, 500, 500, 500, 500, 500, 500, 500, 500, 500, 500, 500, 500, 500, 500, 500, 500, 500, 500, 500, 500, 500, 500, 500, 500, 500, 500, 500, 500, 500, 500, 500, 500, 500, 500, 500, 500, 500, 500], "rep": [78, 78, 78, 78, 78, 78, 78, 78, 78, 78, 78, 78, 78, 78, 78, 78, 78, 78, 78, 78, 78, 78, 78, 78, 78, 78, 78, 78, 78, 78, 78, 78, 78, 78, 78, 78, 78, 78, 78, 78, 78, 78, 78, 78, 78, 78, 78, 78, 78, 78, 78, 78, 78, 78, 78, 78, 78, 78, 78, 78, 78, 78, 78, 78, 78, 78, 78, 78, 78, 78, 78, 78, 78, 78, 78, 78, 78, 78, 78, 78, 78, 78, 78, 78, 78, 78, 78, 78, 78, 78, 78, 78, 78, 78, 78, 78, 78, 78, 78, 78], "lambda_reginter_max": [9.796252771867872, 9.796252771867872, 9.796252771867872, 9.796252771867872, 9.796252771867872, 9.796252771867872, 9.796252771867872, 9.796252771867872, 9.796252771867872, 9.796252771867872, 9.796252771867872, 9.796252771867872, 9.796252771867872, 9.796252771867872, 9.796252771867872, 9.796252771867872, 9.796252771867872, 9.796252771867872, 9.796252771867872, 9.796252771867872, 9.796252771867872, 9.796252771867872, 9.796252771867872, 9.796252771867872, 9.796252771867872, 9.796252771867872, 9.796252771867872, 9.796252771867872, 9.796252771867872, 9.796252771867872, 9.796252771867872, 9.796252771867872, 9.796252771867872, 9.796252771867872, 9.796252771867872, 9.796252771867872, 9.796252771867872, 9.796252771867872, 9.796252771867872, 9.796252771867872, 9.796252771867872, 9.796252771867872, 9.796252771867872, 9.796252771867872, 9.796252771867872, 9.796252771867872, 9.796252771867872, 9.796252771867872, 9.796252771867872, 9.796252771867872, 9.796252771867872, 9.796252771867872, 9.796252771867872, 9.796252771867872, 9.796252771867872, 9.796252771867872, 9.796252771867872, 9.796252771867872, 9.796252771867872, 9.796252771867872, 9.796252771867872, 9.796252771867872, 9.796252771867872, 9.796252771867872, 9.796252771867872, 9.796252771867872, 9.796252771867872, 9.796252771867872, 9.796252771867872, 9.796252771867872, 9.796252771867872, 9.796252771867872, 9.796252771867872, 9.796252771867872, 9.796252771867872, 9.796252771867872, 9.796252771867872, 9.796252771867872, 9.796252771867872, 9.796252771867872, 9.796252771867872, 9.796252771867872, 9.796252771867872, 9.796252771867872, 9.796252771867872, 9.796252771867872, 9.796252771867872, 9.796252771867872, 9.796252771867872, 9.796252771867872, 9.796252771867872, 9.796252771867872, 9.796252771867872, 9.796252771867872, 9.796252771867872, 9.796252771867872, 9.796252771867872, 9.796252771867872, 9.796252771867872, 9.796252771867872], "lambda_inter_max": [1.6942093771875903, 1.6942093771875903, 1.6942093771875903, 1.6942093771875903, 1.6942093771875903, 1.6942093771875903, 1.6942093771875903, 1.6942093771875903, 1.6942093771875903, 1.6942093771875903, 1.6942093771875903, 1.6942093771875903, 1.6942093771875903, 1.6942093771875903, 1.6942093771875903, 1.6942093771875903, 1.6942093771875903, 1.6942093771875903, 1.6942093771875903, 1.6942093771875903, 1.6942093771875903, 1.6942093771875903, 1.6942093771875903, 1.6942093771875903, 1.6942093771875903, 1.6942093771875903, 1.6942093771875903, 1.6942093771875903, 1.6942093771875903, 1.6942093771875903, 1.6942093771875903, 1.6942093771875903, 1.6942093771875903, 1.6942093771875903, 1.6942093771875903, 1.6942093771875903, 1.6942093771875903, 1.6942093771875903, 1.6942093771875903, 1.6942093771875903, 1.6942093771875903, 1.6942093771875903, 1.6942093771875903, 1.6942093771875903, 1.6942093771875903, 1.6942093771875903, 1.6942093771875903, 1.6942093771875903, 1.6942093771875903, 1.6942093771875903, 1.6942093771875903, 1.6942093771875903, 1.6942093771875903, 1.6942093771875903, 1.6942093771875903, 1.6942093771875903, 1.6942093771875903, 1.6942093771875903, 1.6942093771875903, 1.6942093771875903, 1.6942093771875903, 1.6942093771875903, 1.6942093771875903, 1.6942093771875903, 1.6942093771875903, 1.6942093771875903, 1.6942093771875903, 1.6942093771875903, 1.6942093771875903, 1.6942093771875903, 1.6942093771875903, 1.6942093771875903, 1.6942093771875903, 1.6942093771875903, 1.6942093771875903, 1.6942093771875903, 1.6942093771875903, 1.6942093771875903, 1.6942093771875903, 1.6942093771875903, 1.6942093771875903, 1.6942093771875903, 1.6942093771875903, 1.6942093771875903, 1.6942093771875903, 1.6942093771875903, 1.6942093771875903, 1.6942093771875903, 1.6942093771875903, 1.6942093771875903, 1.6942093771875903, 1.6942093771875903, 1.6942093771875903, 1.6942093771875903, 1.6942093771875903, 1.6942093771875903, 1.6942093771875903, 1.6942093771875903, 1.6942093771875903, 1.6942093771875903], "lambda_reginter": [0.0, 1.0884725302075413, 2.1769450604150826, 3.265417590622624, 4.353890120830165, 5.4423626510377066, 6.530835181245248, 7.619307711452789, 8.70778024166033, 9.796252771867872, 0.0, 1.0884725302075413, 2.1769450604150826, 3.265417590622624, 4.353890120830165, 5.4423626510377066, 6.530835181245248, 7.619307711452789, 8.70778024166033, 9.796252771867872, 0.0, 1.0884725302075413, 2.1769450604150826, 3.265417590622624, 4.353890120830165, 5.4423626510377066, 6.530835181245248, 7.619307711452789, 8.70778024166033, 9.796252771867872, 0.0, 1.0884725302075413, 2.1769450604150826, 3.265417590622624, 4.353890120830165, 5.4423626510377066, 6.530835181245248, 7.619307711452789, 8.70778024166033, 9.796252771867872, 0.0, 1.0884725302075413, 2.1769450604150826, 3.265417590622624, 4.353890120830165, 5.4423626510377066, 6.530835181245248, 7.619307711452789, 8.70778024166033, 9.796252771867872, 0.0, 1.0884725302075413, 2.1769450604150826, 3.265417590622624, 4.353890120830165, 5.4423626510377066, 6.530835181245248, 7.619307711452789, 8.70778024166033, 9.796252771867872, 0.0, 1.0884725302075413, 2.1769450604150826, 3.265417590622624, 4.353890120830165, 5.4423626510377066, 6.530835181245248, 7.619307711452789, 8.70778024166033, 9.796252771867872, 0.0, 1.0884725302075413, 2.1769450604150826, 3.265417590622624, 4.353890120830165, 5.4423626510377066, 6.530835181245248, 7.619307711452789, 8.70778024166033, 9.796252771867872, 0.0, 1.0884725302075413, 2.1769450604150826, 3.265417590622624, 4.353890120830165, 5.4423626510377066, 6.530835181245248, 7.619307711452789, 8.70778024166033, 9.796252771867872, 0.0, 1.0884725302075413, 2.1769450604150826, 3.265417590622624, 4.353890120830165, 5.4423626510377066, 6.530835181245248, 7.619307711452789, 8.70778024166033, 9.796252771867872],