{"n": [1000, 1000, 1000, 1000, 1000, 1000, 1000, 1000, 1000, 1000, 1000, 1000, 1000, 1000, 1000, 1000, 1000, 1000, 1000, 1000, 1000, 1000, 1000, 1000, 1000, 1000, 1000, 1000, 1000, 1000, 1000, 1000, 1000, 1000, 1000, 1000, 1000, 1000, 1000, 1000, 1000, 1000, 1000, 1000, 1000, 1000, 1000, 1000, 1000, 1000, 1000, 1000, 1000, 1000, 1000, 1000, 1000, 1000, 1000, 1000, 1000, 1000, 1000, 1000, 1000, 1000, 1000, 1000, 1000, 1000, 1000, 1000, 1000, 1000, 1000, 1000, 1000, 1000, 1000, 1000, 1000, 1000, 1000, 1000, 1000, 1000, 1000, 1000, 1000, 1000, 1000, 1000, 1000, 1000, 1000, 1000, 1000, 1000, 1000, 1000], "rep": [16, 16, 16, 16, 16, 16, 16, 16, 16, 16, 16, 16, 16, 16, 16, 16, 16, 16, 16, 16, 16, 16, 16, 16, 16, 16, 16, 16, 16, 16, 16, 16, 16, 16, 16, 16, 16, 16, 16, 16, 16, 16, 16, 16, 16, 16, 16, 16, 16, 16, 16, 16, 16, 16, 16, 16, 16, 16, 16, 16, 16, 16, 16, 16, 16, 16, 16, 16, 16, 16, 16, 16, 16, 16, 16, 16, 16, 16, 16, 16, 16, 16, 16, 16, 16, 16, 16, 16, 16, 16, 16, 16, 16, 16, 16, 16, 16, 16, 16, 16], "lambda_reginter_max": [19.853661533894897, 19.853661533894897, 19.853661533894897, 19.853661533894897, 19.853661533894897, 19.853661533894897, 19.853661533894897, 19.853661533894897, 19.853661533894897, 19.853661533894897, 19.853661533894897, 19.853661533894897, 19.853661533894897, 19.853661533894897, 19.853661533894897, 19.853661533894897, 19.853661533894897, 19.853661533894897, 19.853661533894897, 19.853661533894897, 19.853661533894897, 19.853661533894897, 19.853661533894897, 19.853661533894897, 19.853661533894897, 19.853661533894897, 19.853661533894897, 19.853661533894897, 19.853661533894897, 19.853661533894897, 19.853661533894897, 19.853661533894897, 19.853661533894897, 19.853661533894897, 19.853661533894897, 19.853661533894897, 19.853661533894897, 19.853661533894897, 19.853661533894897, 19.853661533894897, 19.853661533894897, 19.853661533894897, 19.853661533894897, 19.853661533894897, 19.853661533894897, 19.853661533894897, 19.853661533894897, 19.853661533894897, 19.853661533894897, 19.853661533894897, 19.853661533894897, 19.853661533894897, 19.853661533894897, 19.853661533894897, 19.853661533894897, 19.853661533894897, 19.853661533894897, 19.853661533894897, 19.853661533894897, 19.853661533894897, 19.853661533894897, 19.853661533894897, 19.853661533894897, 19.853661533894897, 19.853661533894897, 19.853661533894897, 19.853661533894897, 19.853661533894897, 19.853661533894897, 19.853661533894897, 19.853661533894897, 19.853661533894897, 19.853661533894897, 19.853661533894897, 19.853661533894897, 19.853661533894897, 19.853661533894897, 19.853661533894897, 19.853661533894897, 19.853661533894897, 19.853661533894897, 19.853661533894897, 19.853661533894897, 19.853661533894897, 19.853661533894897, 19.853661533894897, 19.853661533894897, 19.853661533894897, 19.853661533894897, 19.853661533894897, 19.853661533894897, 19.853661533894897, 19.853661533894897, 19.853661533894897, 19.853661533894897, 19.853661533894897, 19.853661533894897, 19.853661533894897, 19.853661533894897, 19.853661533894897], "lambda_inter_max": [2.2573326277896024, 2.2573326277896024, 2.2573326277896024, 2.2573326277896024, 2.2573326277896024, 2.2573326277896024, 2.2573326277896024, 2.2573326277896024, 2.2573326277896024, 2.2573326277896024, 2.2573326277896024, 2.2573326277896024, 2.2573326277896024, 2.2573326277896024, 2.2573326277896024, 2.2573326277896024, 2.2573326277896024, 2.2573326277896024, 2.2573326277896024, 2.2573326277896024, 2.2573326277896024, 2.2573326277896024, 2.2573326277896024, 2.2573326277896024, 2.2573326277896024, 2.2573326277896024, 2.2573326277896024, 2.2573326277896024, 2.2573326277896024, 2.2573326277896024, 2.2573326277896024, 2.2573326277896024, 2.2573326277896024, 2.2573326277896024, 2.2573326277896024, 2.2573326277896024, 2.2573326277896024, 2.2573326277896024, 2.2573326277896024, 2.2573326277896024, 2.2573326277896024, 2.2573326277896024, 2.2573326277896024, 2.2573326277896024, 2.2573326277896024, 2.2573326277896024, 2.2573326277896024, 2.2573326277896024, 2.2573326277896024, 2.2573326277896024, 2.2573326277896024, 2.2573326277896024, 2.2573326277896024, 2.2573326277896024, 2.2573326277896024, 2.2573326277896024, 2.2573326277896024, 2.2573326277896024, 2.2573326277896024, 2.2573326277896024, 2.2573326277896024, 2.2573326277896024, 2.2573326277896024, 2.2573326277896024, 2.2573326277896024, 2.2573326277896024, 2.2573326277896024, 2.2573326277896024, 2.2573326277896024, 2.2573326277896024, 2.2573326277896024, 2.2573326277896024, 2.2573326277896024, 2.2573326277896024, 2.2573326277896024, 2.2573326277896024, 2.2573326277896024, 2.2573326277896024, 2.2573326277896024, 2.2573326277896024, 2.2573326277896024, 2.2573326277896024, 2.2573326277896024, 2.2573326277896024, 2.2573326277896024, 2.2573326277896024, 2.2573326277896024, 2.2573326277896024, 2.2573326277896024, 2.2573326277896024, 2.2573326277896024, 2.2573326277896024, 2.2573326277896024, 2.2573326277896024, 2.2573326277896024, 2.2573326277896024, 2.2573326277896024, 2.2573326277896024, 2.2573326277896024, 2.2573326277896024], "lambda_reginter": [0.0, 2.2059623926549885, 4.411924785309977, 6.617887177964965, 8.823849570619954, 11.029811963274943, 13.23577435592993, 15.441736748584919, 17.647699141239908, 19.853661533894897, 0.0, 2.2059623926549885, 4.411924785309977, 6.617887177964965, 8.823849570619954, 11.029811963274943, 13.23577435592993, 15.441736748584919, 17.647699141239908, 19.853661533894897, 0.0, 2.2059623926549885, 4.411924785309977, 6.617887177964965, 8.823849570619954, 11.029811963274943, 13.23577435592993, 15.441736748584919, 17.647699141239908, 19.853661533894897, 0.0, 2.2059623926549885, 4.411924785309977, 6.617887177964965, 8.823849570619954, 11.029811963274943, 13.23577435592993, 15.441736748584919, 17.647699141239908, 19.853661533894897, 0.0, 2.2059623926549885, 4.411924785309977, 6.617887177964965, 8.823849570619954, 11.029811963274943, 13.23577435592993, 15.441736748584919, 17.647699141239908, 19.853661533894897, 0.0, 2.2059623926549885, 4.411924785309977, 6.617887177964965, 8.823849570619954, 11.029811963274943, 13.23577435592993, 15.441736748584919, 17.647699141239908, 19.853661533894897, 0.0, 2.2059623926549885, 4.411924785309977, 6.617887177964965, 8.823849570619954, 11.029811963274943, 13.23577435592993, 15.441736748584919, 17.647699141239908, 19.853661533894897, 0.0, 2.2059623926549885, 4.411924785309977, 6.617887177964965, 8.823849570619954, 11.029811963274943, 13.23577435592993, 15.441736748584919, 17.647699141239908, 19.853661533894897, 0.0, 2.2059623926549885, 4.411924785309977, 6.617887177964965, 8.823849570619954, 11.029811963274943, 13.23577435592993, 15.441736748584919, 17.647699141239908, 19.853661533894897, 0.0, 2.2059623926549885, 4.411924785309977, 6.617887177964965, 8.823849570619954, 11.029811963274943, 13.23577435592993, 15.441736748584919, 17.647699141239908, 19.853661533894897],