{"n": [500], "rep": [0], "lambda_reginter_max": [0.07387015599799553], "lambda_inter_max": [0.1512131464424208], "lambda_reginter": [0.07387015599799553], "lambda_inter": [0.1512131464424208], "i_lambda_reginter": [0], "i_lambda_inter": [0], "time_pnopt": [20.742752337], "time_refit": [5.855856786000004], "FPR_VS": [0.0], "FNR_VS": [0.0], "FPR_CI": [0.0], "FNR_CI": [0.0], "FPR_CI_SH": [0.0], "FNR_CI_SH": [0.0], "AUC_TEST": [0.6433471604977778], "AUC_TEST_pop": [0.5930013480485297], "AUC_VAL": [0.6588769892903613], "ELL_VAL": [1.3573233022526134], "AIC": [135372.5322428116], "BIC": [136721.2068343067], "JR_PEN": [0.7841348888665947], "JR_PER": [1.108934194565058], "JR_SA": [51.640736707703276], "JSPN_PEN": [0.9285318469921355], "JSPN_PER": [1.313142331111618], "JSPN_SA": [68.20710122550067]}