{"n": [1000, 1000, 1000, 1000, 1000, 1000, 1000, 1000, 1000, 1000, 1000, 1000, 1000, 1000, 1000, 1000, 1000, 1000, 1000, 1000, 1000, 1000, 1000, 1000, 1000, 1000, 1000, 1000, 1000, 1000, 1000, 1000, 1000, 1000, 1000, 1000, 1000, 1000, 1000, 1000, 1000, 1000, 1000, 1000, 1000, 1000, 1000, 1000, 1000, 1000, 1000, 1000, 1000, 1000, 1000, 1000, 1000, 1000, 1000, 1000, 1000, 1000, 1000, 1000, 1000, 1000, 1000, 1000, 1000, 1000, 1000, 1000, 1000, 1000, 1000, 1000, 1000, 1000, 1000, 1000, 1000, 1000, 1000, 1000, 1000, 1000, 1000, 1000, 1000, 1000, 1000, 1000, 1000, 1000, 1000, 1000, 1000, 1000, 1000, 1000], "rep": [81, 81, 81, 81, 81, 81, 81, 81, 81, 81, 81, 81, 81, 81, 81, 81, 81, 81, 81, 81, 81, 81, 81, 81, 81, 81, 81, 81, 81, 81, 81, 81, 81, 81, 81, 81, 81, 81, 81, 81, 81, 81, 81, 81, 81, 81, 81, 81, 81, 81, 81, 81, 81, 81, 81, 81, 81, 81, 81, 81, 81, 81, 81, 81, 81, 81, 81, 81, 81, 81, 81, 81, 81, 81, 81, 81, 81, 81, 81, 81, 81, 81, 81, 81, 81, 81, 81, 81, 81, 81, 81, 81, 81, 81, 81, 81, 81, 81, 81, 81], "lambda_reginter_max": [20.43714181648144, 20.43714181648144, 20.43714181648144, 20.43714181648144, 20.43714181648144, 20.43714181648144, 20.43714181648144, 20.43714181648144, 20.43714181648144, 20.43714181648144, 20.43714181648144, 20.43714181648144, 20.43714181648144, 20.43714181648144, 20.43714181648144, 20.43714181648144, 20.43714181648144, 20.43714181648144, 20.43714181648144, 20.43714181648144, 20.43714181648144, 20.43714181648144, 20.43714181648144, 20.43714181648144, 20.43714181648144, 20.43714181648144, 20.43714181648144, 20.43714181648144, 20.43714181648144, 20.43714181648144, 20.43714181648144, 20.43714181648144, 20.43714181648144, 20.43714181648144, 20.43714181648144, 20.43714181648144, 20.43714181648144, 20.43714181648144, 20.43714181648144, 20.43714181648144, 20.43714181648144, 20.43714181648144, 20.43714181648144, 20.43714181648144, 20.43714181648144, 20.43714181648144, 20.43714181648144, 20.43714181648144, 20.43714181648144, 20.43714181648144, 20.43714181648144, 20.43714181648144, 20.43714181648144, 20.43714181648144, 20.43714181648144, 20.43714181648144, 20.43714181648144, 20.43714181648144, 20.43714181648144, 20.43714181648144, 20.43714181648144, 20.43714181648144, 20.43714181648144, 20.43714181648144, 20.43714181648144, 20.43714181648144, 20.43714181648144, 20.43714181648144, 20.43714181648144, 20.43714181648144, 20.43714181648144, 20.43714181648144, 20.43714181648144, 20.43714181648144, 20.43714181648144, 20.43714181648144, 20.43714181648144, 20.43714181648144, 20.43714181648144, 20.43714181648144, 20.43714181648144, 20.43714181648144, 20.43714181648144, 20.43714181648144, 20.43714181648144, 20.43714181648144, 20.43714181648144, 20.43714181648144, 20.43714181648144, 20.43714181648144, 20.43714181648144, 20.43714181648144, 20.43714181648144, 20.43714181648144, 20.43714181648144, 20.43714181648144, 20.43714181648144, 20.43714181648144, 20.43714181648144, 20.43714181648144], "lambda_inter_max": [2.533238291656236, 2.533238291656236, 2.533238291656236, 2.533238291656236, 2.533238291656236, 2.533238291656236, 2.533238291656236, 2.533238291656236, 2.533238291656236, 2.533238291656236, 2.533238291656236, 2.533238291656236, 2.533238291656236, 2.533238291656236, 2.533238291656236, 2.533238291656236, 2.533238291656236, 2.533238291656236, 2.533238291656236, 2.533238291656236, 2.533238291656236, 2.533238291656236, 2.533238291656236, 2.533238291656236, 2.533238291656236, 2.533238291656236, 2.533238291656236, 2.533238291656236, 2.533238291656236, 2.533238291656236, 2.533238291656236, 2.533238291656236, 2.533238291656236, 2.533238291656236, 2.533238291656236, 2.533238291656236, 2.533238291656236, 2.533238291656236, 2.533238291656236, 2.533238291656236, 2.533238291656236, 2.533238291656236, 2.533238291656236, 2.533238291656236, 2.533238291656236, 2.533238291656236, 2.533238291656236, 2.533238291656236, 2.533238291656236, 2.533238291656236, 2.533238291656236, 2.533238291656236, 2.533238291656236, 2.533238291656236, 2.533238291656236, 2.533238291656236, 2.533238291656236, 2.533238291656236, 2.533238291656236, 2.533238291656236, 2.533238291656236, 2.533238291656236, 2.533238291656236, 2.533238291656236, 2.533238291656236, 2.533238291656236, 2.533238291656236, 2.533238291656236, 2.533238291656236, 2.533238291656236, 2.533238291656236, 2.533238291656236, 2.533238291656236, 2.533238291656236, 2.533238291656236, 2.533238291656236, 2.533238291656236, 2.533238291656236, 2.533238291656236, 2.533238291656236, 2.533238291656236, 2.533238291656236, 2.533238291656236, 2.533238291656236, 2.533238291656236, 2.533238291656236, 2.533238291656236, 2.533238291656236, 2.533238291656236, 2.533238291656236, 2.533238291656236, 2.533238291656236, 2.533238291656236, 2.533238291656236, 2.533238291656236, 2.533238291656236, 2.533238291656236, 2.533238291656236, 2.533238291656236, 2.533238291656236], "lambda_reginter": [0.0, 2.2707935351646045, 4.541587070329209, 6.812380605493813, 9.083174140658418, 11.353967675823021, 13.624761210987627, 15.895554746152232, 18.166348281316836, 20.43714181648144, 0.0, 2.2707935351646045, 4.541587070329209, 6.812380605493813, 9.083174140658418, 11.353967675823021, 13.624761210987627, 15.895554746152232, 18.166348281316836, 20.43714181648144, 0.0, 2.2707935351646045, 4.541587070329209, 6.812380605493813, 9.083174140658418, 11.353967675823021, 13.624761210987627, 15.895554746152232, 18.166348281316836, 20.43714181648144, 0.0, 2.2707935351646045, 4.541587070329209, 6.812380605493813, 9.083174140658418, 11.353967675823021, 13.624761210987627, 15.895554746152232, 18.166348281316836, 20.43714181648144, 0.0, 2.2707935351646045, 4.541587070329209, 6.812380605493813, 9.083174140658418, 11.353967675823021, 13.624761210987627, 15.895554746152232, 18.166348281316836, 20.43714181648144, 0.0, 2.2707935351646045, 4.541587070329209, 6.812380605493813, 9.083174140658418, 11.353967675823021, 13.624761210987627, 15.895554746152232, 18.166348281316836, 20.43714181648144, 0.0, 2.2707935351646045, 4.541587070329209, 6.812380605493813, 9.083174140658418, 11.353967675823021, 13.624761210987627, 15.895554746152232, 18.166348281316836, 20.43714181648144, 0.0, 2.2707935351646045, 4.541587070329209, 6.812380605493813, 9.083174140658418, 11.353967675823021, 13.624761210987627, 15.895554746152232, 18.166348281316836, 20.43714181648144, 0.0, 2.2707935351646045, 4.541587070329209, 6.812380605493813, 9.083174140658418, 11.353967675823021, 13.624761210987627, 15.895554746152232, 18.166348281316836, 20.43714181648144, 0.0, 2.2707935351646045, 4.541587070329209, 6.812380605493813, 9.083174140658418, 11.353967675823021, 13.624761210987627, 15.895554746152232, 18.166348281316836, 20.43714181648144],