{"n": [1000, 1000, 1000, 1000, 1000, 1000, 1000, 1000, 1000, 1000, 1000, 1000, 1000, 1000, 1000, 1000, 1000, 1000, 1000, 1000, 1000, 1000, 1000, 1000, 1000, 1000, 1000, 1000, 1000, 1000, 1000, 1000, 1000, 1000, 1000, 1000, 1000, 1000, 1000, 1000, 1000, 1000, 1000, 1000, 1000, 1000, 1000, 1000, 1000, 1000, 1000, 1000, 1000, 1000, 1000, 1000, 1000, 1000, 1000, 1000, 1000, 1000, 1000, 1000, 1000, 1000, 1000, 1000, 1000, 1000, 1000, 1000, 1000, 1000, 1000, 1000, 1000, 1000, 1000, 1000, 1000, 1000, 1000, 1000, 1000, 1000, 1000, 1000, 1000, 1000, 1000, 1000, 1000, 1000, 1000, 1000, 1000, 1000, 1000, 1000], "rep": [84, 84, 84, 84, 84, 84, 84, 84, 84, 84, 84, 84, 84, 84, 84, 84, 84, 84, 84, 84, 84, 84, 84, 84, 84, 84, 84, 84, 84, 84, 84, 84, 84, 84, 84, 84, 84, 84, 84, 84, 84, 84, 84, 84, 84, 84, 84, 84, 84, 84, 84, 84, 84, 84, 84, 84, 84, 84, 84, 84, 84, 84, 84, 84, 84, 84, 84, 84, 84, 84, 84, 84, 84, 84, 84, 84, 84, 84, 84, 84, 84, 84, 84, 84, 84, 84, 84, 84, 84, 84, 84, 84, 84, 84, 84, 84, 84, 84, 84, 84], "lambda_reginter_max": [9.758061644436287, 9.758061644436287, 9.758061644436287, 9.758061644436287, 9.758061644436287, 9.758061644436287, 9.758061644436287, 9.758061644436287, 9.758061644436287, 9.758061644436287, 9.758061644436287, 9.758061644436287, 9.758061644436287, 9.758061644436287, 9.758061644436287, 9.758061644436287, 9.758061644436287, 9.758061644436287, 9.758061644436287, 9.758061644436287, 9.758061644436287, 9.758061644436287, 9.758061644436287, 9.758061644436287, 9.758061644436287, 9.758061644436287, 9.758061644436287, 9.758061644436287, 9.758061644436287, 9.758061644436287, 9.758061644436287, 9.758061644436287, 9.758061644436287, 9.758061644436287, 9.758061644436287, 9.758061644436287, 9.758061644436287, 9.758061644436287, 9.758061644436287, 9.758061644436287, 9.758061644436287, 9.758061644436287, 9.758061644436287, 9.758061644436287, 9.758061644436287, 9.758061644436287, 9.758061644436287, 9.758061644436287, 9.758061644436287, 9.758061644436287, 9.758061644436287, 9.758061644436287, 9.758061644436287, 9.758061644436287, 9.758061644436287, 9.758061644436287, 9.758061644436287, 9.758061644436287, 9.758061644436287, 9.758061644436287, 9.758061644436287, 9.758061644436287, 9.758061644436287, 9.758061644436287, 9.758061644436287, 9.758061644436287, 9.758061644436287, 9.758061644436287, 9.758061644436287, 9.758061644436287, 9.758061644436287, 9.758061644436287, 9.758061644436287, 9.758061644436287, 9.758061644436287, 9.758061644436287, 9.758061644436287, 9.758061644436287, 9.758061644436287, 9.758061644436287, 9.758061644436287, 9.758061644436287, 9.758061644436287, 9.758061644436287, 9.758061644436287, 9.758061644436287, 9.758061644436287, 9.758061644436287, 9.758061644436287, 9.758061644436287, 9.758061644436287, 9.758061644436287, 9.758061644436287, 9.758061644436287, 9.758061644436287, 9.758061644436287, 9.758061644436287, 9.758061644436287, 9.758061644436287, 9.758061644436287], "lambda_inter_max": [1.9839690893074453, 1.9839690893074453, 1.9839690893074453, 1.9839690893074453, 1.9839690893074453, 1.9839690893074453, 1.9839690893074453, 1.9839690893074453, 1.9839690893074453, 1.9839690893074453, 1.9839690893074453, 1.9839690893074453, 1.9839690893074453, 1.9839690893074453, 1.9839690893074453, 1.9839690893074453, 1.9839690893074453, 1.9839690893074453, 1.9839690893074453, 1.9839690893074453, 1.9839690893074453, 1.9839690893074453, 1.9839690893074453, 1.9839690893074453, 1.9839690893074453, 1.9839690893074453, 1.9839690893074453, 1.9839690893074453, 1.9839690893074453, 1.9839690893074453, 1.9839690893074453, 1.9839690893074453, 1.9839690893074453, 1.9839690893074453, 1.9839690893074453, 1.9839690893074453, 1.9839690893074453, 1.9839690893074453, 1.9839690893074453, 1.9839690893074453, 1.9839690893074453, 1.9839690893074453, 1.9839690893074453, 1.9839690893074453, 1.9839690893074453, 1.9839690893074453, 1.9839690893074453, 1.9839690893074453, 1.9839690893074453, 1.9839690893074453, 1.9839690893074453, 1.9839690893074453, 1.9839690893074453, 1.9839690893074453, 1.9839690893074453, 1.9839690893074453, 1.9839690893074453, 1.9839690893074453, 1.9839690893074453, 1.9839690893074453, 1.9839690893074453, 1.9839690893074453, 1.9839690893074453, 1.9839690893074453, 1.9839690893074453, 1.9839690893074453, 1.9839690893074453, 1.9839690893074453, 1.9839690893074453, 1.9839690893074453, 1.9839690893074453, 1.9839690893074453, 1.9839690893074453, 1.9839690893074453, 1.9839690893074453, 1.9839690893074453, 1.9839690893074453, 1.9839690893074453, 1.9839690893074453, 1.9839690893074453, 1.9839690893074453, 1.9839690893074453, 1.9839690893074453, 1.9839690893074453, 1.9839690893074453, 1.9839690893074453, 1.9839690893074453, 1.9839690893074453, 1.9839690893074453, 1.9839690893074453, 1.9839690893074453, 1.9839690893074453, 1.9839690893074453, 1.9839690893074453, 1.9839690893074453, 1.9839690893074453, 1.9839690893074453, 1.9839690893074453, 1.9839690893074453, 1.9839690893074453], "lambda_reginter": [0.0, 1.084229071604032, 2.168458143208064, 3.252687214812096, 4.336916286416128, 5.421145358020159, 6.505374429624192, 7.589603501228224, 8.673832572832255, 9.758061644436287, 0.0, 1.084229071604032, 2.168458143208064, 3.252687214812096, 4.336916286416128, 5.421145358020159, 6.505374429624192, 7.589603501228224, 8.673832572832255, 9.758061644436287, 0.0, 1.084229071604032, 2.168458143208064, 3.252687214812096, 4.336916286416128, 5.421145358020159, 6.505374429624192, 7.589603501228224, 8.673832572832255, 9.758061644436287, 0.0, 1.084229071604032, 2.168458143208064, 3.252687214812096, 4.336916286416128, 5.421145358020159, 6.505374429624192, 7.589603501228224, 8.673832572832255, 9.758061644436287, 0.0, 1.084229071604032, 2.168458143208064, 3.252687214812096, 4.336916286416128, 5.421145358020159, 6.505374429624192, 7.589603501228224, 8.673832572832255, 9.758061644436287, 0.0, 1.084229071604032, 2.168458143208064, 3.252687214812096, 4.336916286416128, 5.421145358020159, 6.505374429624192, 7.589603501228224, 8.673832572832255, 9.758061644436287, 0.0, 1.084229071604032, 2.168458143208064, 3.252687214812096, 4.336916286416128, 5.421145358020159, 6.505374429624192, 7.589603501228224, 8.673832572832255, 9.758061644436287, 0.0, 1.084229071604032, 2.168458143208064, 3.252687214812096, 4.336916286416128, 5.421145358020159, 6.505374429624192, 7.589603501228224, 8.673832572832255, 9.758061644436287, 0.0, 1.084229071604032, 2.168458143208064, 3.252687214812096, 4.336916286416128, 5.421145358020159, 6.505374429624192, 7.589603501228224, 8.673832572832255, 9.758061644436287, 0.0, 1.084229071604032, 2.168458143208064, 3.252687214812096, 4.336916286416128, 5.421145358020159, 6.505374429624192, 7.589603501228224, 8.673832572832255, 9.758061644436287],