{"lambda_reginter_max": 41.715123418046424, "lambda_inter_max": 0.47398627770826607}