{"n": [500, 500, 500, 500, 500, 500, 500, 500, 500, 500, 500, 500, 500, 500, 500, 500, 500, 500, 500, 500, 500, 500, 500, 500, 500, 500, 500, 500, 500, 500, 500, 500, 500, 500, 500, 500, 500, 500, 500, 500, 500, 500, 500, 500, 500, 500, 500, 500, 500, 500, 500, 500, 500, 500, 500, 500, 500, 500, 500, 500, 500, 500, 500, 500, 500, 500, 500, 500, 500, 500, 500, 500, 500, 500, 500, 500, 500, 500, 500, 500, 500, 500, 500, 500, 500, 500, 500, 500, 500, 500, 500, 500, 500, 500, 500, 500, 500, 500, 500, 500], "rep": [111, 111, 111, 111, 111, 111, 111, 111, 111, 111, 111, 111, 111, 111, 111, 111, 111, 111, 111, 111, 111, 111, 111, 111, 111, 111, 111, 111, 111, 111, 111, 111, 111, 111, 111, 111, 111, 111, 111, 111, 111, 111, 111, 111, 111, 111, 111, 111, 111, 111, 111, 111, 111, 111, 111, 111, 111, 111, 111, 111, 111, 111, 111, 111, 111, 111, 111, 111, 111, 111, 111, 111, 111, 111, 111, 111, 111, 111, 111, 111, 111, 111, 111, 111, 111, 111, 111, 111, 111, 111, 111, 111, 111, 111, 111, 111, 111, 111, 111, 111], "lambda_reginter_max": [19.79596928740423, 19.79596928740423, 19.79596928740423, 19.79596928740423, 19.79596928740423, 19.79596928740423, 19.79596928740423, 19.79596928740423, 19.79596928740423, 19.79596928740423, 19.79596928740423, 19.79596928740423, 19.79596928740423, 19.79596928740423, 19.79596928740423, 19.79596928740423, 19.79596928740423, 19.79596928740423, 19.79596928740423, 19.79596928740423, 19.79596928740423, 19.79596928740423, 19.79596928740423, 19.79596928740423, 19.79596928740423, 19.79596928740423, 19.79596928740423, 19.79596928740423, 19.79596928740423, 19.79596928740423, 19.79596928740423, 19.79596928740423, 19.79596928740423, 19.79596928740423, 19.79596928740423, 19.79596928740423, 19.79596928740423, 19.79596928740423, 19.79596928740423, 19.79596928740423, 19.79596928740423, 19.79596928740423, 19.79596928740423, 19.79596928740423, 19.79596928740423, 19.79596928740423, 19.79596928740423, 19.79596928740423, 19.79596928740423, 19.79596928740423, 19.79596928740423, 19.79596928740423, 19.79596928740423, 19.79596928740423, 19.79596928740423, 19.79596928740423, 19.79596928740423, 19.79596928740423, 19.79596928740423, 19.79596928740423, 19.79596928740423, 19.79596928740423, 19.79596928740423, 19.79596928740423, 19.79596928740423, 19.79596928740423, 19.79596928740423, 19.79596928740423, 19.79596928740423, 19.79596928740423, 19.79596928740423, 19.79596928740423, 19.79596928740423, 19.79596928740423, 19.79596928740423, 19.79596928740423, 19.79596928740423, 19.79596928740423, 19.79596928740423, 19.79596928740423, 19.79596928740423, 19.79596928740423, 19.79596928740423, 19.79596928740423, 19.79596928740423, 19.79596928740423, 19.79596928740423, 19.79596928740423, 19.79596928740423, 19.79596928740423, 19.79596928740423, 19.79596928740423, 19.79596928740423, 19.79596928740423, 19.79596928740423, 19.79596928740423, 19.79596928740423, 19.79596928740423, 19.79596928740423, 19.79596928740423], "lambda_inter_max": [2.377394674553655, 2.377394674553655, 2.377394674553655, 2.377394674553655, 2.377394674553655, 2.377394674553655, 2.377394674553655, 2.377394674553655, 2.377394674553655, 2.377394674553655, 2.377394674553655, 2.377394674553655, 2.377394674553655, 2.377394674553655, 2.377394674553655, 2.377394674553655, 2.377394674553655, 2.377394674553655, 2.377394674553655, 2.377394674553655, 2.377394674553655, 2.377394674553655, 2.377394674553655, 2.377394674553655, 2.377394674553655, 2.377394674553655, 2.377394674553655, 2.377394674553655, 2.377394674553655, 2.377394674553655, 2.377394674553655, 2.377394674553655, 2.377394674553655, 2.377394674553655, 2.377394674553655, 2.377394674553655, 2.377394674553655, 2.377394674553655, 2.377394674553655, 2.377394674553655, 2.377394674553655, 2.377394674553655, 2.377394674553655, 2.377394674553655, 2.377394674553655, 2.377394674553655, 2.377394674553655, 2.377394674553655, 2.377394674553655, 2.377394674553655, 2.377394674553655, 2.377394674553655, 2.377394674553655, 2.377394674553655, 2.377394674553655, 2.377394674553655, 2.377394674553655, 2.377394674553655, 2.377394674553655, 2.377394674553655, 2.377394674553655, 2.377394674553655, 2.377394674553655, 2.377394674553655, 2.377394674553655, 2.377394674553655, 2.377394674553655, 2.377394674553655, 2.377394674553655, 2.377394674553655, 2.377394674553655, 2.377394674553655, 2.377394674553655, 2.377394674553655, 2.377394674553655, 2.377394674553655, 2.377394674553655, 2.377394674553655, 2.377394674553655, 2.377394674553655, 2.377394674553655, 2.377394674553655, 2.377394674553655, 2.377394674553655, 2.377394674553655, 2.377394674553655, 2.377394674553655, 2.377394674553655, 2.377394674553655, 2.377394674553655, 2.377394674553655, 2.377394674553655, 2.377394674553655, 2.377394674553655, 2.377394674553655, 2.377394674553655, 2.377394674553655, 2.377394674553655, 2.377394674553655, 2.377394674553655], "lambda_reginter": [0.0, 2.1995521430449143, 4.399104286089829, 6.598656429134743, 8.798208572179657, 10.997760715224572, 13.197312858269486, 15.3968650013144, 17.596417144359314, 19.79596928740423, 0.0, 2.1995521430449143, 4.399104286089829, 6.598656429134743, 8.798208572179657, 10.997760715224572, 13.197312858269486, 15.3968650013144, 17.596417144359314, 19.79596928740423, 0.0, 2.1995521430449143, 4.399104286089829, 6.598656429134743, 8.798208572179657, 10.997760715224572, 13.197312858269486, 15.3968650013144, 17.596417144359314, 19.79596928740423, 0.0, 2.1995521430449143, 4.399104286089829, 6.598656429134743, 8.798208572179657, 10.997760715224572, 13.197312858269486, 15.3968650013144, 17.596417144359314, 19.79596928740423, 0.0, 2.1995521430449143, 4.399104286089829, 6.598656429134743, 8.798208572179657, 10.997760715224572, 13.197312858269486, 15.3968650013144, 17.596417144359314, 19.79596928740423, 0.0, 2.1995521430449143, 4.399104286089829, 6.598656429134743, 8.798208572179657, 10.997760715224572, 13.197312858269486, 15.3968650013144, 17.596417144359314, 19.79596928740423, 0.0, 2.1995521430449143, 4.399104286089829, 6.598656429134743, 8.798208572179657, 10.997760715224572, 13.197312858269486, 15.3968650013144, 17.596417144359314, 19.79596928740423, 0.0, 2.1995521430449143, 4.399104286089829, 6.598656429134743, 8.798208572179657, 10.997760715224572, 13.197312858269486, 15.3968650013144, 17.596417144359314, 19.79596928740423, 0.0, 2.1995521430449143, 4.399104286089829, 6.598656429134743, 8.798208572179657, 10.997760715224572, 13.197312858269486, 15.3968650013144, 17.596417144359314, 19.79596928740423, 0.0, 2.1995521430449143, 4.399104286089829, 6.598656429134743, 8.798208572179657, 10.997760715224572, 13.197312858269486, 15.3968650013144, 17.596417144359314, 19.79596928740423],