{"lambda_reginter_max": 92.20105089338855, "lambda_inter_max": 6.083730790954465}