{"lambda_reginter_max": 42.293499956326635, "lambda_inter_max": 0.4681419107150302}