{"n": [1000, 1000, 1000, 1000, 1000, 1000, 1000, 1000, 1000, 1000, 1000, 1000, 1000, 1000, 1000, 1000, 1000, 1000, 1000, 1000, 1000, 1000, 1000, 1000, 1000, 1000, 1000, 1000, 1000, 1000, 1000, 1000, 1000, 1000, 1000, 1000, 1000, 1000, 1000, 1000, 1000, 1000, 1000, 1000, 1000, 1000, 1000, 1000, 1000, 1000, 1000, 1000, 1000, 1000, 1000, 1000, 1000, 1000, 1000, 1000, 1000, 1000, 1000, 1000, 1000, 1000, 1000, 1000, 1000, 1000, 1000, 1000, 1000, 1000, 1000, 1000, 1000, 1000, 1000, 1000, 1000, 1000, 1000, 1000, 1000, 1000, 1000, 1000, 1000, 1000, 1000, 1000, 1000, 1000, 1000, 1000, 1000, 1000, 1000, 1000], "rep": [70, 70, 70, 70, 70, 70, 70, 70, 70, 70, 70, 70, 70, 70, 70, 70, 70, 70, 70, 70, 70, 70, 70, 70, 70, 70, 70, 70, 70, 70, 70, 70, 70, 70, 70, 70, 70, 70, 70, 70, 70, 70, 70, 70, 70, 70, 70, 70, 70, 70, 70, 70, 70, 70, 70, 70, 70, 70, 70, 70, 70, 70, 70, 70, 70, 70, 70, 70, 70, 70, 70, 70, 70, 70, 70, 70, 70, 70, 70, 70, 70, 70, 70, 70, 70, 70, 70, 70, 70, 70, 70, 70, 70, 70, 70, 70, 70, 70, 70, 70], "lambda_reginter_max": [24.956550097753777, 24.956550097753777, 24.956550097753777, 24.956550097753777, 24.956550097753777, 24.956550097753777, 24.956550097753777, 24.956550097753777, 24.956550097753777, 24.956550097753777, 24.956550097753777, 24.956550097753777, 24.956550097753777, 24.956550097753777, 24.956550097753777, 24.956550097753777, 24.956550097753777, 24.956550097753777, 24.956550097753777, 24.956550097753777, 24.956550097753777, 24.956550097753777, 24.956550097753777, 24.956550097753777, 24.956550097753777, 24.956550097753777, 24.956550097753777, 24.956550097753777, 24.956550097753777, 24.956550097753777, 24.956550097753777, 24.956550097753777, 24.956550097753777, 24.956550097753777, 24.956550097753777, 24.956550097753777, 24.956550097753777, 24.956550097753777, 24.956550097753777, 24.956550097753777, 24.956550097753777, 24.956550097753777, 24.956550097753777, 24.956550097753777, 24.956550097753777, 24.956550097753777, 24.956550097753777, 24.956550097753777, 24.956550097753777, 24.956550097753777, 24.956550097753777, 24.956550097753777, 24.956550097753777, 24.956550097753777, 24.956550097753777, 24.956550097753777, 24.956550097753777, 24.956550097753777, 24.956550097753777, 24.956550097753777, 24.956550097753777, 24.956550097753777, 24.956550097753777, 24.956550097753777, 24.956550097753777, 24.956550097753777, 24.956550097753777, 24.956550097753777, 24.956550097753777, 24.956550097753777, 24.956550097753777, 24.956550097753777, 24.956550097753777, 24.956550097753777, 24.956550097753777, 24.956550097753777, 24.956550097753777, 24.956550097753777, 24.956550097753777, 24.956550097753777, 24.956550097753777, 24.956550097753777, 24.956550097753777, 24.956550097753777, 24.956550097753777, 24.956550097753777, 24.956550097753777, 24.956550097753777, 24.956550097753777, 24.956550097753777, 24.956550097753777, 24.956550097753777, 24.956550097753777, 24.956550097753777, 24.956550097753777, 24.956550097753777, 24.956550097753777, 24.956550097753777, 24.956550097753777, 24.956550097753777], "lambda_inter_max": [2.5398361371460765, 2.5398361371460765, 2.5398361371460765, 2.5398361371460765, 2.5398361371460765, 2.5398361371460765, 2.5398361371460765, 2.5398361371460765, 2.5398361371460765, 2.5398361371460765, 2.5398361371460765, 2.5398361371460765, 2.5398361371460765, 2.5398361371460765, 2.5398361371460765, 2.5398361371460765, 2.5398361371460765, 2.5398361371460765, 2.5398361371460765, 2.5398361371460765, 2.5398361371460765, 2.5398361371460765, 2.5398361371460765, 2.5398361371460765, 2.5398361371460765, 2.5398361371460765, 2.5398361371460765, 2.5398361371460765, 2.5398361371460765, 2.5398361371460765, 2.5398361371460765, 2.5398361371460765, 2.5398361371460765, 2.5398361371460765, 2.5398361371460765, 2.5398361371460765, 2.5398361371460765, 2.5398361371460765, 2.5398361371460765, 2.5398361371460765, 2.5398361371460765, 2.5398361371460765, 2.5398361371460765, 2.5398361371460765, 2.5398361371460765, 2.5398361371460765, 2.5398361371460765, 2.5398361371460765, 2.5398361371460765, 2.5398361371460765, 2.5398361371460765, 2.5398361371460765, 2.5398361371460765, 2.5398361371460765, 2.5398361371460765, 2.5398361371460765, 2.5398361371460765, 2.5398361371460765, 2.5398361371460765, 2.5398361371460765, 2.5398361371460765, 2.5398361371460765, 2.5398361371460765, 2.5398361371460765, 2.5398361371460765, 2.5398361371460765, 2.5398361371460765, 2.5398361371460765, 2.5398361371460765, 2.5398361371460765, 2.5398361371460765, 2.5398361371460765, 2.5398361371460765, 2.5398361371460765, 2.5398361371460765, 2.5398361371460765, 2.5398361371460765, 2.5398361371460765, 2.5398361371460765, 2.5398361371460765, 2.5398361371460765, 2.5398361371460765, 2.5398361371460765, 2.5398361371460765, 2.5398361371460765, 2.5398361371460765, 2.5398361371460765, 2.5398361371460765, 2.5398361371460765, 2.5398361371460765, 2.5398361371460765, 2.5398361371460765, 2.5398361371460765, 2.5398361371460765, 2.5398361371460765, 2.5398361371460765, 2.5398361371460765, 2.5398361371460765, 2.5398361371460765, 2.5398361371460765], "lambda_reginter": [0.0, 2.7729500108615306, 5.545900021723061, 8.318850032584592, 11.091800043446122, 13.864750054307653, 16.637700065169184, 19.410650076030713, 22.183600086892245, 24.956550097753777, 0.0, 2.7729500108615306, 5.545900021723061, 8.318850032584592, 11.091800043446122, 13.864750054307653, 16.637700065169184, 19.410650076030713, 22.183600086892245, 24.956550097753777, 0.0, 2.7729500108615306, 5.545900021723061, 8.318850032584592, 11.091800043446122, 13.864750054307653, 16.637700065169184, 19.410650076030713, 22.183600086892245, 24.956550097753777, 0.0, 2.7729500108615306, 5.545900021723061, 8.318850032584592, 11.091800043446122, 13.864750054307653, 16.637700065169184, 19.410650076030713, 22.183600086892245, 24.956550097753777, 0.0, 2.7729500108615306, 5.545900021723061, 8.318850032584592, 11.091800043446122, 13.864750054307653, 16.637700065169184, 19.410650076030713, 22.183600086892245, 24.956550097753777, 0.0, 2.7729500108615306, 5.545900021723061, 8.318850032584592, 11.091800043446122, 13.864750054307653, 16.637700065169184, 19.410650076030713, 22.183600086892245, 24.956550097753777, 0.0, 2.7729500108615306, 5.545900021723061, 8.318850032584592, 11.091800043446122, 13.864750054307653, 16.637700065169184, 19.410650076030713, 22.183600086892245, 24.956550097753777, 0.0, 2.7729500108615306, 5.545900021723061, 8.318850032584592, 11.091800043446122, 13.864750054307653, 16.637700065169184, 19.410650076030713, 22.183600086892245, 24.956550097753777, 0.0, 2.7729500108615306, 5.545900021723061, 8.318850032584592, 11.091800043446122, 13.864750054307653, 16.637700065169184, 19.410650076030713, 22.183600086892245, 24.956550097753777, 0.0, 2.7729500108615306, 5.545900021723061, 8.318850032584592, 11.091800043446122, 13.864750054307653, 16.637700065169184, 19.410650076030713, 22.183600086892245, 24.956550097753777],