{"n": [1000, 1000, 1000, 1000, 1000, 1000, 1000, 1000, 1000, 1000, 1000, 1000, 1000, 1000, 1000, 1000, 1000, 1000, 1000, 1000, 1000, 1000, 1000, 1000, 1000, 1000, 1000, 1000, 1000, 1000, 1000, 1000, 1000, 1000, 1000, 1000, 1000, 1000, 1000, 1000, 1000, 1000, 1000, 1000, 1000, 1000, 1000, 1000, 1000, 1000, 1000, 1000, 1000, 1000, 1000, 1000, 1000, 1000, 1000, 1000, 1000, 1000, 1000, 1000, 1000, 1000, 1000, 1000, 1000, 1000, 1000, 1000, 1000, 1000, 1000, 1000, 1000, 1000, 1000, 1000, 1000, 1000, 1000, 1000, 1000, 1000, 1000, 1000, 1000, 1000, 1000, 1000, 1000, 1000, 1000, 1000, 1000, 1000, 1000, 1000], "rep": [113, 113, 113, 113, 113, 113, 113, 113, 113, 113, 113, 113, 113, 113, 113, 113, 113, 113, 113, 113, 113, 113, 113, 113, 113, 113, 113, 113, 113, 113, 113, 113, 113, 113, 113, 113, 113, 113, 113, 113, 113, 113, 113, 113, 113, 113, 113, 113, 113, 113, 113, 113, 113, 113, 113, 113, 113, 113, 113, 113, 113, 113, 113, 113, 113, 113, 113, 113, 113, 113, 113, 113, 113, 113, 113, 113, 113, 113, 113, 113, 113, 113, 113, 113, 113, 113, 113, 113, 113, 113, 113, 113, 113, 113, 113, 113, 113, 113, 113, 113], "lambda_reginter_max": [11.808050744731203, 11.808050744731203, 11.808050744731203, 11.808050744731203, 11.808050744731203, 11.808050744731203, 11.808050744731203, 11.808050744731203, 11.808050744731203, 11.808050744731203, 11.808050744731203, 11.808050744731203, 11.808050744731203, 11.808050744731203, 11.808050744731203, 11.808050744731203, 11.808050744731203, 11.808050744731203, 11.808050744731203, 11.808050744731203, 11.808050744731203, 11.808050744731203, 11.808050744731203, 11.808050744731203, 11.808050744731203, 11.808050744731203, 11.808050744731203, 11.808050744731203, 11.808050744731203, 11.808050744731203, 11.808050744731203, 11.808050744731203, 11.808050744731203, 11.808050744731203, 11.808050744731203, 11.808050744731203, 11.808050744731203, 11.808050744731203, 11.808050744731203, 11.808050744731203, 11.808050744731203, 11.808050744731203, 11.808050744731203, 11.808050744731203, 11.808050744731203, 11.808050744731203, 11.808050744731203, 11.808050744731203, 11.808050744731203, 11.808050744731203, 11.808050744731203, 11.808050744731203, 11.808050744731203, 11.808050744731203, 11.808050744731203, 11.808050744731203, 11.808050744731203, 11.808050744731203, 11.808050744731203, 11.808050744731203, 11.808050744731203, 11.808050744731203, 11.808050744731203, 11.808050744731203, 11.808050744731203, 11.808050744731203, 11.808050744731203, 11.808050744731203, 11.808050744731203, 11.808050744731203, 11.808050744731203, 11.808050744731203, 11.808050744731203, 11.808050744731203, 11.808050744731203, 11.808050744731203, 11.808050744731203, 11.808050744731203, 11.808050744731203, 11.808050744731203, 11.808050744731203, 11.808050744731203, 11.808050744731203, 11.808050744731203, 11.808050744731203, 11.808050744731203, 11.808050744731203, 11.808050744731203, 11.808050744731203, 11.808050744731203, 11.808050744731203, 11.808050744731203, 11.808050744731203, 11.808050744731203, 11.808050744731203, 11.808050744731203, 11.808050744731203, 11.808050744731203, 11.808050744731203, 11.808050744731203], "lambda_inter_max": [1.9702531865124615, 1.9702531865124615, 1.9702531865124615, 1.9702531865124615, 1.9702531865124615, 1.9702531865124615, 1.9702531865124615, 1.9702531865124615, 1.9702531865124615, 1.9702531865124615, 1.9702531865124615, 1.9702531865124615, 1.9702531865124615, 1.9702531865124615, 1.9702531865124615, 1.9702531865124615, 1.9702531865124615, 1.9702531865124615, 1.9702531865124615, 1.9702531865124615, 1.9702531865124615, 1.9702531865124615, 1.9702531865124615, 1.9702531865124615, 1.9702531865124615, 1.9702531865124615, 1.9702531865124615, 1.9702531865124615, 1.9702531865124615, 1.9702531865124615, 1.9702531865124615, 1.9702531865124615, 1.9702531865124615, 1.9702531865124615, 1.9702531865124615, 1.9702531865124615, 1.9702531865124615, 1.9702531865124615, 1.9702531865124615, 1.9702531865124615, 1.9702531865124615, 1.9702531865124615, 1.9702531865124615, 1.9702531865124615, 1.9702531865124615, 1.9702531865124615, 1.9702531865124615, 1.9702531865124615, 1.9702531865124615, 1.9702531865124615, 1.9702531865124615, 1.9702531865124615, 1.9702531865124615, 1.9702531865124615, 1.9702531865124615, 1.9702531865124615, 1.9702531865124615, 1.9702531865124615, 1.9702531865124615, 1.9702531865124615, 1.9702531865124615, 1.9702531865124615, 1.9702531865124615, 1.9702531865124615, 1.9702531865124615, 1.9702531865124615, 1.9702531865124615, 1.9702531865124615, 1.9702531865124615, 1.9702531865124615, 1.9702531865124615, 1.9702531865124615, 1.9702531865124615, 1.9702531865124615, 1.9702531865124615, 1.9702531865124615, 1.9702531865124615, 1.9702531865124615, 1.9702531865124615, 1.9702531865124615, 1.9702531865124615, 1.9702531865124615, 1.9702531865124615, 1.9702531865124615, 1.9702531865124615, 1.9702531865124615, 1.9702531865124615, 1.9702531865124615, 1.9702531865124615, 1.9702531865124615, 1.9702531865124615, 1.9702531865124615, 1.9702531865124615, 1.9702531865124615, 1.9702531865124615, 1.9702531865124615, 1.9702531865124615, 1.9702531865124615, 1.9702531865124615, 1.9702531865124615], "lambda_reginter": [0.0, 1.312005638303467, 2.624011276606934, 3.936016914910401, 5.248022553213868, 6.560028191517335, 7.872033829820802, 9.184039468124269, 10.496045106427736, 11.808050744731203, 0.0, 1.312005638303467, 2.624011276606934, 3.936016914910401, 5.248022553213868, 6.560028191517335, 7.872033829820802, 9.184039468124269, 10.496045106427736, 11.808050744731203, 0.0, 1.312005638303467, 2.624011276606934, 3.936016914910401, 5.248022553213868, 6.560028191517335, 7.872033829820802, 9.184039468124269, 10.496045106427736, 11.808050744731203, 0.0, 1.312005638303467, 2.624011276606934, 3.936016914910401, 5.248022553213868, 6.560028191517335, 7.872033829820802, 9.184039468124269, 10.496045106427736, 11.808050744731203, 0.0, 1.312005638303467, 2.624011276606934, 3.936016914910401, 5.248022553213868, 6.560028191517335, 7.872033829820802, 9.184039468124269, 10.496045106427736, 11.808050744731203, 0.0, 1.312005638303467, 2.624011276606934, 3.936016914910401, 5.248022553213868, 6.560028191517335, 7.872033829820802, 9.184039468124269, 10.496045106427736, 11.808050744731203, 0.0, 1.312005638303467, 2.624011276606934, 3.936016914910401, 5.248022553213868, 6.560028191517335, 7.872033829820802, 9.184039468124269, 10.496045106427736, 11.808050744731203, 0.0, 1.312005638303467, 2.624011276606934, 3.936016914910401, 5.248022553213868, 6.560028191517335, 7.872033829820802, 9.184039468124269, 10.496045106427736, 11.808050744731203, 0.0, 1.312005638303467, 2.624011276606934, 3.936016914910401, 5.248022553213868, 6.560028191517335, 7.872033829820802, 9.184039468124269, 10.496045106427736, 11.808050744731203, 0.0, 1.312005638303467, 2.624011276606934, 3.936016914910401, 5.248022553213868, 6.560028191517335, 7.872033829820802, 9.184039468124269, 10.496045106427736, 11.808050744731203],