{"n": [1000, 1000, 1000, 1000, 1000, 1000, 1000, 1000, 1000, 1000, 1000, 1000, 1000, 1000, 1000, 1000, 1000, 1000, 1000, 1000, 1000, 1000, 1000, 1000, 1000, 1000, 1000, 1000, 1000, 1000, 1000, 1000, 1000, 1000, 1000, 1000, 1000, 1000, 1000, 1000, 1000, 1000, 1000, 1000, 1000, 1000, 1000, 1000, 1000, 1000, 1000, 1000, 1000, 1000, 1000, 1000, 1000, 1000, 1000, 1000, 1000, 1000, 1000, 1000, 1000, 1000, 1000, 1000, 1000, 1000, 1000, 1000, 1000, 1000, 1000, 1000, 1000, 1000, 1000, 1000, 1000, 1000, 1000, 1000, 1000, 1000, 1000, 1000, 1000, 1000, 1000, 1000, 1000, 1000, 1000, 1000, 1000, 1000, 1000, 1000], "rep": [23, 23, 23, 23, 23, 23, 23, 23, 23, 23, 23, 23, 23, 23, 23, 23, 23, 23, 23, 23, 23, 23, 23, 23, 23, 23, 23, 23, 23, 23, 23, 23, 23, 23, 23, 23, 23, 23, 23, 23, 23, 23, 23, 23, 23, 23, 23, 23, 23, 23, 23, 23, 23, 23, 23, 23, 23, 23, 23, 23, 23, 23, 23, 23, 23, 23, 23, 23, 23, 23, 23, 23, 23, 23, 23, 23, 23, 23, 23, 23, 23, 23, 23, 23, 23, 23, 23, 23, 23, 23, 23, 23, 23, 23, 23, 23, 23, 23, 23, 23], "lambda_reginter_max": [11.508839853070002, 11.508839853070002, 11.508839853070002, 11.508839853070002, 11.508839853070002, 11.508839853070002, 11.508839853070002, 11.508839853070002, 11.508839853070002, 11.508839853070002, 11.508839853070002, 11.508839853070002, 11.508839853070002, 11.508839853070002, 11.508839853070002, 11.508839853070002, 11.508839853070002, 11.508839853070002, 11.508839853070002, 11.508839853070002, 11.508839853070002, 11.508839853070002, 11.508839853070002, 11.508839853070002, 11.508839853070002, 11.508839853070002, 11.508839853070002, 11.508839853070002, 11.508839853070002, 11.508839853070002, 11.508839853070002, 11.508839853070002, 11.508839853070002, 11.508839853070002, 11.508839853070002, 11.508839853070002, 11.508839853070002, 11.508839853070002, 11.508839853070002, 11.508839853070002, 11.508839853070002, 11.508839853070002, 11.508839853070002, 11.508839853070002, 11.508839853070002, 11.508839853070002, 11.508839853070002, 11.508839853070002, 11.508839853070002, 11.508839853070002, 11.508839853070002, 11.508839853070002, 11.508839853070002, 11.508839853070002, 11.508839853070002, 11.508839853070002, 11.508839853070002, 11.508839853070002, 11.508839853070002, 11.508839853070002, 11.508839853070002, 11.508839853070002, 11.508839853070002, 11.508839853070002, 11.508839853070002, 11.508839853070002, 11.508839853070002, 11.508839853070002, 11.508839853070002, 11.508839853070002, 11.508839853070002, 11.508839853070002, 11.508839853070002, 11.508839853070002, 11.508839853070002, 11.508839853070002, 11.508839853070002, 11.508839853070002, 11.508839853070002, 11.508839853070002, 11.508839853070002, 11.508839853070002, 11.508839853070002, 11.508839853070002, 11.508839853070002, 11.508839853070002, 11.508839853070002, 11.508839853070002, 11.508839853070002, 11.508839853070002, 11.508839853070002, 11.508839853070002, 11.508839853070002, 11.508839853070002, 11.508839853070002, 11.508839853070002, 11.508839853070002, 11.508839853070002, 11.508839853070002, 11.508839853070002], "lambda_inter_max": [1.9382888883455553, 1.9382888883455553, 1.9382888883455553, 1.9382888883455553, 1.9382888883455553, 1.9382888883455553, 1.9382888883455553, 1.9382888883455553, 1.9382888883455553, 1.9382888883455553, 1.9382888883455553, 1.9382888883455553, 1.9382888883455553, 1.9382888883455553, 1.9382888883455553, 1.9382888883455553, 1.9382888883455553, 1.9382888883455553, 1.9382888883455553, 1.9382888883455553, 1.9382888883455553, 1.9382888883455553, 1.9382888883455553, 1.9382888883455553, 1.9382888883455553, 1.9382888883455553, 1.9382888883455553, 1.9382888883455553, 1.9382888883455553, 1.9382888883455553, 1.9382888883455553, 1.9382888883455553, 1.9382888883455553, 1.9382888883455553, 1.9382888883455553, 1.9382888883455553, 1.9382888883455553, 1.9382888883455553, 1.9382888883455553, 1.9382888883455553, 1.9382888883455553, 1.9382888883455553, 1.9382888883455553, 1.9382888883455553, 1.9382888883455553, 1.9382888883455553, 1.9382888883455553, 1.9382888883455553, 1.9382888883455553, 1.9382888883455553, 1.9382888883455553, 1.9382888883455553, 1.9382888883455553, 1.9382888883455553, 1.9382888883455553, 1.9382888883455553, 1.9382888883455553, 1.9382888883455553, 1.9382888883455553, 1.9382888883455553, 1.9382888883455553, 1.9382888883455553, 1.9382888883455553, 1.9382888883455553, 1.9382888883455553, 1.9382888883455553, 1.9382888883455553, 1.9382888883455553, 1.9382888883455553, 1.9382888883455553, 1.9382888883455553, 1.9382888883455553, 1.9382888883455553, 1.9382888883455553, 1.9382888883455553, 1.9382888883455553, 1.9382888883455553, 1.9382888883455553, 1.9382888883455553, 1.9382888883455553, 1.9382888883455553, 1.9382888883455553, 1.9382888883455553, 1.9382888883455553, 1.9382888883455553, 1.9382888883455553, 1.9382888883455553, 1.9382888883455553, 1.9382888883455553, 1.9382888883455553, 1.9382888883455553, 1.9382888883455553, 1.9382888883455553, 1.9382888883455553, 1.9382888883455553, 1.9382888883455553, 1.9382888883455553, 1.9382888883455553, 1.9382888883455553, 1.9382888883455553], "lambda_reginter": [0.0, 1.2787599836744448, 2.5575199673488895, 3.836279951023334, 5.115039934697779, 6.393799918372224, 7.672559902046668, 8.951319885721114, 10.230079869395558, 11.508839853070002, 0.0, 1.2787599836744448, 2.5575199673488895, 3.836279951023334, 5.115039934697779, 6.393799918372224, 7.672559902046668, 8.951319885721114, 10.230079869395558, 11.508839853070002, 0.0, 1.2787599836744448, 2.5575199673488895, 3.836279951023334, 5.115039934697779, 6.393799918372224, 7.672559902046668, 8.951319885721114, 10.230079869395558, 11.508839853070002, 0.0, 1.2787599836744448, 2.5575199673488895, 3.836279951023334, 5.115039934697779, 6.393799918372224, 7.672559902046668, 8.951319885721114, 10.230079869395558, 11.508839853070002, 0.0, 1.2787599836744448, 2.5575199673488895, 3.836279951023334, 5.115039934697779, 6.393799918372224, 7.672559902046668, 8.951319885721114, 10.230079869395558, 11.508839853070002, 0.0, 1.2787599836744448, 2.5575199673488895, 3.836279951023334, 5.115039934697779, 6.393799918372224, 7.672559902046668, 8.951319885721114, 10.230079869395558, 11.508839853070002, 0.0, 1.2787599836744448, 2.5575199673488895, 3.836279951023334, 5.115039934697779, 6.393799918372224, 7.672559902046668, 8.951319885721114, 10.230079869395558, 11.508839853070002, 0.0, 1.2787599836744448, 2.5575199673488895, 3.836279951023334, 5.115039934697779, 6.393799918372224, 7.672559902046668, 8.951319885721114, 10.230079869395558, 11.508839853070002, 0.0, 1.2787599836744448, 2.5575199673488895, 3.836279951023334, 5.115039934697779, 6.393799918372224, 7.672559902046668, 8.951319885721114, 10.230079869395558, 11.508839853070002, 0.0, 1.2787599836744448, 2.5575199673488895, 3.836279951023334, 5.115039934697779, 6.393799918372224, 7.672559902046668, 8.951319885721114, 10.230079869395558, 11.508839853070002],