{"n": [1000, 1000, 1000, 1000, 1000, 1000, 1000, 1000, 1000, 1000, 1000, 1000, 1000, 1000, 1000, 1000, 1000, 1000, 1000, 1000, 1000, 1000, 1000, 1000, 1000, 1000, 1000, 1000, 1000, 1000, 1000, 1000, 1000, 1000, 1000, 1000, 1000, 1000, 1000, 1000, 1000, 1000, 1000, 1000, 1000, 1000, 1000, 1000, 1000, 1000, 1000, 1000, 1000, 1000, 1000, 1000, 1000, 1000, 1000, 1000, 1000, 1000, 1000, 1000, 1000, 1000, 1000, 1000, 1000, 1000, 1000, 1000, 1000, 1000, 1000, 1000, 1000, 1000, 1000, 1000, 1000, 1000, 1000, 1000, 1000, 1000, 1000, 1000, 1000, 1000, 1000, 1000, 1000, 1000, 1000, 1000, 1000, 1000, 1000, 1000], "rep": [52, 52, 52, 52, 52, 52, 52, 52, 52, 52, 52, 52, 52, 52, 52, 52, 52, 52, 52, 52, 52, 52, 52, 52, 52, 52, 52, 52, 52, 52, 52, 52, 52, 52, 52, 52, 52, 52, 52, 52, 52, 52, 52, 52, 52, 52, 52, 52, 52, 52, 52, 52, 52, 52, 52, 52, 52, 52, 52, 52, 52, 52, 52, 52, 52, 52, 52, 52, 52, 52, 52, 52, 52, 52, 52, 52, 52, 52, 52, 52, 52, 52, 52, 52, 52, 52, 52, 52, 52, 52, 52, 52, 52, 52, 52, 52, 52, 52, 52, 52], "lambda_reginter_max": [15.010086486200246, 15.010086486200246, 15.010086486200246, 15.010086486200246, 15.010086486200246, 15.010086486200246, 15.010086486200246, 15.010086486200246, 15.010086486200246, 15.010086486200246, 15.010086486200246, 15.010086486200246, 15.010086486200246, 15.010086486200246, 15.010086486200246, 15.010086486200246, 15.010086486200246, 15.010086486200246, 15.010086486200246, 15.010086486200246, 15.010086486200246, 15.010086486200246, 15.010086486200246, 15.010086486200246, 15.010086486200246, 15.010086486200246, 15.010086486200246, 15.010086486200246, 15.010086486200246, 15.010086486200246, 15.010086486200246, 15.010086486200246, 15.010086486200246, 15.010086486200246, 15.010086486200246, 15.010086486200246, 15.010086486200246, 15.010086486200246, 15.010086486200246, 15.010086486200246, 15.010086486200246, 15.010086486200246, 15.010086486200246, 15.010086486200246, 15.010086486200246, 15.010086486200246, 15.010086486200246, 15.010086486200246, 15.010086486200246, 15.010086486200246, 15.010086486200246, 15.010086486200246, 15.010086486200246, 15.010086486200246, 15.010086486200246, 15.010086486200246, 15.010086486200246, 15.010086486200246, 15.010086486200246, 15.010086486200246, 15.010086486200246, 15.010086486200246, 15.010086486200246, 15.010086486200246, 15.010086486200246, 15.010086486200246, 15.010086486200246, 15.010086486200246, 15.010086486200246, 15.010086486200246, 15.010086486200246, 15.010086486200246, 15.010086486200246, 15.010086486200246, 15.010086486200246, 15.010086486200246, 15.010086486200246, 15.010086486200246, 15.010086486200246, 15.010086486200246, 15.010086486200246, 15.010086486200246, 15.010086486200246, 15.010086486200246, 15.010086486200246, 15.010086486200246, 15.010086486200246, 15.010086486200246, 15.010086486200246, 15.010086486200246, 15.010086486200246, 15.010086486200246, 15.010086486200246, 15.010086486200246, 15.010086486200246, 15.010086486200246, 15.010086486200246, 15.010086486200246, 15.010086486200246, 15.010086486200246], "lambda_inter_max": [2.3688063410281646, 2.3688063410281646, 2.3688063410281646, 2.3688063410281646, 2.3688063410281646, 2.3688063410281646, 2.3688063410281646, 2.3688063410281646, 2.3688063410281646, 2.3688063410281646, 2.3688063410281646, 2.3688063410281646, 2.3688063410281646, 2.3688063410281646, 2.3688063410281646, 2.3688063410281646, 2.3688063410281646, 2.3688063410281646, 2.3688063410281646, 2.3688063410281646, 2.3688063410281646, 2.3688063410281646, 2.3688063410281646, 2.3688063410281646, 2.3688063410281646, 2.3688063410281646, 2.3688063410281646, 2.3688063410281646, 2.3688063410281646, 2.3688063410281646, 2.3688063410281646, 2.3688063410281646, 2.3688063410281646, 2.3688063410281646, 2.3688063410281646, 2.3688063410281646, 2.3688063410281646, 2.3688063410281646, 2.3688063410281646, 2.3688063410281646, 2.3688063410281646, 2.3688063410281646, 2.3688063410281646, 2.3688063410281646, 2.3688063410281646, 2.3688063410281646, 2.3688063410281646, 2.3688063410281646, 2.3688063410281646, 2.3688063410281646, 2.3688063410281646, 2.3688063410281646, 2.3688063410281646, 2.3688063410281646, 2.3688063410281646, 2.3688063410281646, 2.3688063410281646, 2.3688063410281646, 2.3688063410281646, 2.3688063410281646, 2.3688063410281646, 2.3688063410281646, 2.3688063410281646, 2.3688063410281646, 2.3688063410281646, 2.3688063410281646, 2.3688063410281646, 2.3688063410281646, 2.3688063410281646, 2.3688063410281646, 2.3688063410281646, 2.3688063410281646, 2.3688063410281646, 2.3688063410281646, 2.3688063410281646, 2.3688063410281646, 2.3688063410281646, 2.3688063410281646, 2.3688063410281646, 2.3688063410281646, 2.3688063410281646, 2.3688063410281646, 2.3688063410281646, 2.3688063410281646, 2.3688063410281646, 2.3688063410281646, 2.3688063410281646, 2.3688063410281646, 2.3688063410281646, 2.3688063410281646, 2.3688063410281646, 2.3688063410281646, 2.3688063410281646, 2.3688063410281646, 2.3688063410281646, 2.3688063410281646, 2.3688063410281646, 2.3688063410281646, 2.3688063410281646, 2.3688063410281646], "lambda_reginter": [0.0, 1.6677873873555829, 3.3355747747111657, 5.0033621620667486, 6.671149549422331, 8.338936936777914, 10.006724324133497, 11.67451171148908, 13.342299098844663, 15.010086486200246, 0.0, 1.6677873873555829, 3.3355747747111657, 5.0033621620667486, 6.671149549422331, 8.338936936777914, 10.006724324133497, 11.67451171148908, 13.342299098844663, 15.010086486200246, 0.0, 1.6677873873555829, 3.3355747747111657, 5.0033621620667486, 6.671149549422331, 8.338936936777914, 10.006724324133497, 11.67451171148908, 13.342299098844663, 15.010086486200246, 0.0, 1.6677873873555829, 3.3355747747111657, 5.0033621620667486, 6.671149549422331, 8.338936936777914, 10.006724324133497, 11.67451171148908, 13.342299098844663, 15.010086486200246, 0.0, 1.6677873873555829, 3.3355747747111657, 5.0033621620667486, 6.671149549422331, 8.338936936777914, 10.006724324133497, 11.67451171148908, 13.342299098844663, 15.010086486200246, 0.0, 1.6677873873555829, 3.3355747747111657, 5.0033621620667486, 6.671149549422331, 8.338936936777914, 10.006724324133497, 11.67451171148908, 13.342299098844663, 15.010086486200246, 0.0, 1.6677873873555829, 3.3355747747111657, 5.0033621620667486, 6.671149549422331, 8.338936936777914, 10.006724324133497, 11.67451171148908, 13.342299098844663, 15.010086486200246, 0.0, 1.6677873873555829, 3.3355747747111657, 5.0033621620667486, 6.671149549422331, 8.338936936777914, 10.006724324133497, 11.67451171148908, 13.342299098844663, 15.010086486200246, 0.0, 1.6677873873555829, 3.3355747747111657, 5.0033621620667486, 6.671149549422331, 8.338936936777914, 10.006724324133497, 11.67451171148908, 13.342299098844663, 15.010086486200246, 0.0, 1.6677873873555829, 3.3355747747111657, 5.0033621620667486, 6.671149549422331, 8.338936936777914, 10.006724324133497, 11.67451171148908, 13.342299098844663, 15.010086486200246],