{"n": [500, 500, 500, 500, 500, 500, 500, 500, 500, 500, 500, 500, 500, 500, 500, 500, 500, 500, 500, 500, 500, 500, 500, 500, 500, 500, 500, 500, 500, 500, 500, 500, 500, 500, 500, 500, 500, 500, 500, 500, 500, 500, 500, 500, 500, 500, 500, 500, 500, 500, 500, 500, 500, 500, 500, 500, 500, 500, 500, 500, 500, 500, 500, 500, 500, 500, 500, 500, 500, 500, 500, 500, 500, 500, 500, 500, 500, 500, 500, 500, 500, 500, 500, 500, 500, 500, 500, 500, 500, 500, 500, 500, 500, 500, 500, 500, 500, 500, 500, 500], "rep": [56, 56, 56, 56, 56, 56, 56, 56, 56, 56, 56, 56, 56, 56, 56, 56, 56, 56, 56, 56, 56, 56, 56, 56, 56, 56, 56, 56, 56, 56, 56, 56, 56, 56, 56, 56, 56, 56, 56, 56, 56, 56, 56, 56, 56, 56, 56, 56, 56, 56, 56, 56, 56, 56, 56, 56, 56, 56, 56, 56, 56, 56, 56, 56, 56, 56, 56, 56, 56, 56, 56, 56, 56, 56, 56, 56, 56, 56, 56, 56, 56, 56, 56, 56, 56, 56, 56, 56, 56, 56, 56, 56, 56, 56, 56, 56, 56, 56, 56, 56], "lambda_reginter_max": [14.675112324913517, 14.675112324913517, 14.675112324913517, 14.675112324913517, 14.675112324913517, 14.675112324913517, 14.675112324913517, 14.675112324913517, 14.675112324913517, 14.675112324913517, 14.675112324913517, 14.675112324913517, 14.675112324913517, 14.675112324913517, 14.675112324913517, 14.675112324913517, 14.675112324913517, 14.675112324913517, 14.675112324913517, 14.675112324913517, 14.675112324913517, 14.675112324913517, 14.675112324913517, 14.675112324913517, 14.675112324913517, 14.675112324913517, 14.675112324913517, 14.675112324913517, 14.675112324913517, 14.675112324913517, 14.675112324913517, 14.675112324913517, 14.675112324913517, 14.675112324913517, 14.675112324913517, 14.675112324913517, 14.675112324913517, 14.675112324913517, 14.675112324913517, 14.675112324913517, 14.675112324913517, 14.675112324913517, 14.675112324913517, 14.675112324913517, 14.675112324913517, 14.675112324913517, 14.675112324913517, 14.675112324913517, 14.675112324913517, 14.675112324913517, 14.675112324913517, 14.675112324913517, 14.675112324913517, 14.675112324913517, 14.675112324913517, 14.675112324913517, 14.675112324913517, 14.675112324913517, 14.675112324913517, 14.675112324913517, 14.675112324913517, 14.675112324913517, 14.675112324913517, 14.675112324913517, 14.675112324913517, 14.675112324913517, 14.675112324913517, 14.675112324913517, 14.675112324913517, 14.675112324913517, 14.675112324913517, 14.675112324913517, 14.675112324913517, 14.675112324913517, 14.675112324913517, 14.675112324913517, 14.675112324913517, 14.675112324913517, 14.675112324913517, 14.675112324913517, 14.675112324913517, 14.675112324913517, 14.675112324913517, 14.675112324913517, 14.675112324913517, 14.675112324913517, 14.675112324913517, 14.675112324913517, 14.675112324913517, 14.675112324913517, 14.675112324913517, 14.675112324913517, 14.675112324913517, 14.675112324913517, 14.675112324913517, 14.675112324913517, 14.675112324913517, 14.675112324913517, 14.675112324913517, 14.675112324913517], "lambda_inter_max": [2.2363189840242046, 2.2363189840242046, 2.2363189840242046, 2.2363189840242046, 2.2363189840242046, 2.2363189840242046, 2.2363189840242046, 2.2363189840242046, 2.2363189840242046, 2.2363189840242046, 2.2363189840242046, 2.2363189840242046, 2.2363189840242046, 2.2363189840242046, 2.2363189840242046, 2.2363189840242046, 2.2363189840242046, 2.2363189840242046, 2.2363189840242046, 2.2363189840242046, 2.2363189840242046, 2.2363189840242046, 2.2363189840242046, 2.2363189840242046, 2.2363189840242046, 2.2363189840242046, 2.2363189840242046, 2.2363189840242046, 2.2363189840242046, 2.2363189840242046, 2.2363189840242046, 2.2363189840242046, 2.2363189840242046, 2.2363189840242046, 2.2363189840242046, 2.2363189840242046, 2.2363189840242046, 2.2363189840242046, 2.2363189840242046, 2.2363189840242046, 2.2363189840242046, 2.2363189840242046, 2.2363189840242046, 2.2363189840242046, 2.2363189840242046, 2.2363189840242046, 2.2363189840242046, 2.2363189840242046, 2.2363189840242046, 2.2363189840242046, 2.2363189840242046, 2.2363189840242046, 2.2363189840242046, 2.2363189840242046, 2.2363189840242046, 2.2363189840242046, 2.2363189840242046, 2.2363189840242046, 2.2363189840242046, 2.2363189840242046, 2.2363189840242046, 2.2363189840242046, 2.2363189840242046, 2.2363189840242046, 2.2363189840242046, 2.2363189840242046, 2.2363189840242046, 2.2363189840242046, 2.2363189840242046, 2.2363189840242046, 2.2363189840242046, 2.2363189840242046, 2.2363189840242046, 2.2363189840242046, 2.2363189840242046, 2.2363189840242046, 2.2363189840242046, 2.2363189840242046, 2.2363189840242046, 2.2363189840242046, 2.2363189840242046, 2.2363189840242046, 2.2363189840242046, 2.2363189840242046, 2.2363189840242046, 2.2363189840242046, 2.2363189840242046, 2.2363189840242046, 2.2363189840242046, 2.2363189840242046, 2.2363189840242046, 2.2363189840242046, 2.2363189840242046, 2.2363189840242046, 2.2363189840242046, 2.2363189840242046, 2.2363189840242046, 2.2363189840242046, 2.2363189840242046, 2.2363189840242046], "lambda_reginter": [0.0, 1.6305680361015018, 3.2611360722030036, 4.891704108304506, 6.522272144406007, 8.152840180507509, 9.783408216609011, 11.413976252710512, 13.044544288812014, 14.675112324913517, 0.0, 1.6305680361015018, 3.2611360722030036, 4.891704108304506, 6.522272144406007, 8.152840180507509, 9.783408216609011, 11.413976252710512, 13.044544288812014, 14.675112324913517, 0.0, 1.6305680361015018, 3.2611360722030036, 4.891704108304506, 6.522272144406007, 8.152840180507509, 9.783408216609011, 11.413976252710512, 13.044544288812014, 14.675112324913517, 0.0, 1.6305680361015018, 3.2611360722030036, 4.891704108304506, 6.522272144406007, 8.152840180507509, 9.783408216609011, 11.413976252710512, 13.044544288812014, 14.675112324913517, 0.0, 1.6305680361015018, 3.2611360722030036, 4.891704108304506, 6.522272144406007, 8.152840180507509, 9.783408216609011, 11.413976252710512, 13.044544288812014, 14.675112324913517, 0.0, 1.6305680361015018, 3.2611360722030036, 4.891704108304506, 6.522272144406007, 8.152840180507509, 9.783408216609011, 11.413976252710512, 13.044544288812014, 14.675112324913517, 0.0, 1.6305680361015018, 3.2611360722030036, 4.891704108304506, 6.522272144406007, 8.152840180507509, 9.783408216609011, 11.413976252710512, 13.044544288812014, 14.675112324913517, 0.0, 1.6305680361015018, 3.2611360722030036, 4.891704108304506, 6.522272144406007, 8.152840180507509, 9.783408216609011, 11.413976252710512, 13.044544288812014, 14.675112324913517, 0.0, 1.6305680361015018, 3.2611360722030036, 4.891704108304506, 6.522272144406007, 8.152840180507509, 9.783408216609011, 11.413976252710512, 13.044544288812014, 14.675112324913517, 0.0, 1.6305680361015018, 3.2611360722030036, 4.891704108304506, 6.522272144406007, 8.152840180507509, 9.783408216609011, 11.413976252710512, 13.044544288812014, 14.675112324913517],