{"n": [1000, 1000, 1000, 1000, 1000, 1000, 1000, 1000, 1000, 1000, 1000, 1000, 1000, 1000, 1000, 1000, 1000, 1000, 1000, 1000, 1000, 1000, 1000, 1000, 1000, 1000, 1000, 1000, 1000, 1000, 1000, 1000, 1000, 1000, 1000, 1000, 1000, 1000, 1000, 1000, 1000, 1000, 1000, 1000, 1000, 1000, 1000, 1000, 1000, 1000, 1000, 1000, 1000, 1000, 1000, 1000, 1000, 1000, 1000, 1000, 1000, 1000, 1000, 1000, 1000, 1000, 1000, 1000, 1000, 1000, 1000, 1000, 1000, 1000, 1000, 1000, 1000, 1000, 1000, 1000, 1000, 1000, 1000, 1000, 1000, 1000, 1000, 1000, 1000, 1000, 1000, 1000, 1000, 1000, 1000, 1000, 1000, 1000, 1000, 1000], "rep": [46, 46, 46, 46, 46, 46, 46, 46, 46, 46, 46, 46, 46, 46, 46, 46, 46, 46, 46, 46, 46, 46, 46, 46, 46, 46, 46, 46, 46, 46, 46, 46, 46, 46, 46, 46, 46, 46, 46, 46, 46, 46, 46, 46, 46, 46, 46, 46, 46, 46, 46, 46, 46, 46, 46, 46, 46, 46, 46, 46, 46, 46, 46, 46, 46, 46, 46, 46, 46, 46, 46, 46, 46, 46, 46, 46, 46, 46, 46, 46, 46, 46, 46, 46, 46, 46, 46, 46, 46, 46, 46, 46, 46, 46, 46, 46, 46, 46, 46, 46], "lambda_reginter_max": [23.480697816832127, 23.480697816832127, 23.480697816832127, 23.480697816832127, 23.480697816832127, 23.480697816832127, 23.480697816832127, 23.480697816832127, 23.480697816832127, 23.480697816832127, 23.480697816832127, 23.480697816832127, 23.480697816832127, 23.480697816832127, 23.480697816832127, 23.480697816832127, 23.480697816832127, 23.480697816832127, 23.480697816832127, 23.480697816832127, 23.480697816832127, 23.480697816832127, 23.480697816832127, 23.480697816832127, 23.480697816832127, 23.480697816832127, 23.480697816832127, 23.480697816832127, 23.480697816832127, 23.480697816832127, 23.480697816832127, 23.480697816832127, 23.480697816832127, 23.480697816832127, 23.480697816832127, 23.480697816832127, 23.480697816832127, 23.480697816832127, 23.480697816832127, 23.480697816832127, 23.480697816832127, 23.480697816832127, 23.480697816832127, 23.480697816832127, 23.480697816832127, 23.480697816832127, 23.480697816832127, 23.480697816832127, 23.480697816832127, 23.480697816832127, 23.480697816832127, 23.480697816832127, 23.480697816832127, 23.480697816832127, 23.480697816832127, 23.480697816832127, 23.480697816832127, 23.480697816832127, 23.480697816832127, 23.480697816832127, 23.480697816832127, 23.480697816832127, 23.480697816832127, 23.480697816832127, 23.480697816832127, 23.480697816832127, 23.480697816832127, 23.480697816832127, 23.480697816832127, 23.480697816832127, 23.480697816832127, 23.480697816832127, 23.480697816832127, 23.480697816832127, 23.480697816832127, 23.480697816832127, 23.480697816832127, 23.480697816832127, 23.480697816832127, 23.480697816832127, 23.480697816832127, 23.480697816832127, 23.480697816832127, 23.480697816832127, 23.480697816832127, 23.480697816832127, 23.480697816832127, 23.480697816832127, 23.480697816832127, 23.480697816832127, 23.480697816832127, 23.480697816832127, 23.480697816832127, 23.480697816832127, 23.480697816832127, 23.480697816832127, 23.480697816832127, 23.480697816832127, 23.480697816832127, 23.480697816832127], "lambda_inter_max": [2.46640690812614, 2.46640690812614, 2.46640690812614, 2.46640690812614, 2.46640690812614, 2.46640690812614, 2.46640690812614, 2.46640690812614, 2.46640690812614, 2.46640690812614, 2.46640690812614, 2.46640690812614, 2.46640690812614, 2.46640690812614, 2.46640690812614, 2.46640690812614, 2.46640690812614, 2.46640690812614, 2.46640690812614, 2.46640690812614, 2.46640690812614, 2.46640690812614, 2.46640690812614, 2.46640690812614, 2.46640690812614, 2.46640690812614, 2.46640690812614, 2.46640690812614, 2.46640690812614, 2.46640690812614, 2.46640690812614, 2.46640690812614, 2.46640690812614, 2.46640690812614, 2.46640690812614, 2.46640690812614, 2.46640690812614, 2.46640690812614, 2.46640690812614, 2.46640690812614, 2.46640690812614, 2.46640690812614, 2.46640690812614, 2.46640690812614, 2.46640690812614, 2.46640690812614, 2.46640690812614, 2.46640690812614, 2.46640690812614, 2.46640690812614, 2.46640690812614, 2.46640690812614, 2.46640690812614, 2.46640690812614, 2.46640690812614, 2.46640690812614, 2.46640690812614, 2.46640690812614, 2.46640690812614, 2.46640690812614, 2.46640690812614, 2.46640690812614, 2.46640690812614, 2.46640690812614, 2.46640690812614, 2.46640690812614, 2.46640690812614, 2.46640690812614, 2.46640690812614, 2.46640690812614, 2.46640690812614, 2.46640690812614, 2.46640690812614, 2.46640690812614, 2.46640690812614, 2.46640690812614, 2.46640690812614, 2.46640690812614, 2.46640690812614, 2.46640690812614, 2.46640690812614, 2.46640690812614, 2.46640690812614, 2.46640690812614, 2.46640690812614, 2.46640690812614, 2.46640690812614, 2.46640690812614, 2.46640690812614, 2.46640690812614, 2.46640690812614, 2.46640690812614, 2.46640690812614, 2.46640690812614, 2.46640690812614, 2.46640690812614, 2.46640690812614, 2.46640690812614, 2.46640690812614, 2.46640690812614], "lambda_reginter": [0.0, 2.6089664240924586, 5.217932848184917, 7.826899272277376, 10.435865696369834, 13.044832120462292, 15.653798544554752, 18.26276496864721, 20.87173139273967, 23.480697816832127, 0.0, 2.6089664240924586, 5.217932848184917, 7.826899272277376, 10.435865696369834, 13.044832120462292, 15.653798544554752, 18.26276496864721, 20.87173139273967, 23.480697816832127, 0.0, 2.6089664240924586, 5.217932848184917, 7.826899272277376, 10.435865696369834, 13.044832120462292, 15.653798544554752, 18.26276496864721, 20.87173139273967, 23.480697816832127, 0.0, 2.6089664240924586, 5.217932848184917, 7.826899272277376, 10.435865696369834, 13.044832120462292, 15.653798544554752, 18.26276496864721, 20.87173139273967, 23.480697816832127, 0.0, 2.6089664240924586, 5.217932848184917, 7.826899272277376, 10.435865696369834, 13.044832120462292, 15.653798544554752, 18.26276496864721, 20.87173139273967, 23.480697816832127, 0.0, 2.6089664240924586, 5.217932848184917, 7.826899272277376, 10.435865696369834, 13.044832120462292, 15.653798544554752, 18.26276496864721, 20.87173139273967, 23.480697816832127, 0.0, 2.6089664240924586, 5.217932848184917, 7.826899272277376, 10.435865696369834, 13.044832120462292, 15.653798544554752, 18.26276496864721, 20.87173139273967, 23.480697816832127, 0.0, 2.6089664240924586, 5.217932848184917, 7.826899272277376, 10.435865696369834, 13.044832120462292, 15.653798544554752, 18.26276496864721, 20.87173139273967, 23.480697816832127, 0.0, 2.6089664240924586, 5.217932848184917, 7.826899272277376, 10.435865696369834, 13.044832120462292, 15.653798544554752, 18.26276496864721, 20.87173139273967, 23.480697816832127, 0.0, 2.6089664240924586, 5.217932848184917, 7.826899272277376, 10.435865696369834, 13.044832120462292, 15.653798544554752, 18.26276496864721, 20.87173139273967, 23.480697816832127],