{"lambda_reginter_max": 405.42382595471094, "lambda_inter_max": 11.227414220084558}