{"lambda_reginter_max": 29.650795658587203, "lambda_inter_max": 13.729616324355526}